-- phpMyAdmin SQL Dump
-- version 4.0.10.18
-- https://www.phpmyadmin.net
--
-- Host: localhost:3306
-- Generation Time: Oct 25, 2017 at 07:30 AM
-- Server version: 5.6.32-78.0-log
-- PHP Version: 5.6.30

SET SQL_MODE = "NO_AUTO_VALUE_ON_ZERO";
SET time_zone = "+00:00";


/*!40101 SET @OLD_CHARACTER_SET_CLIENT=@@CHARACTER_SET_CLIENT */;
/*!40101 SET @OLD_CHARACTER_SET_RESULTS=@@CHARACTER_SET_RESULTS */;
/*!40101 SET @OLD_COLLATION_CONNECTION=@@COLLATION_CONNECTION */;
/*!40101 SET NAMES utf8 */;

--
-- Database: `wwwmdsud_exam_sector_2017-2018`
--

-- --------------------------------------------------------

--
-- Table structure for table `attendance`
--

CREATE TABLE IF NOT EXISTS `attendance` (
  `id` int(11) NOT NULL AUTO_INCREMENT,
  `scholar_no` varchar(15) NOT NULL,
  `term` varchar(5) NOT NULL,
  `attendance` varchar(10) NOT NULL,
  `max_attendance` varchar(10) NOT NULL,
  PRIMARY KEY (`id`)
) ENGINE=InnoDB DEFAULT CHARSET=utf8 AUTO_INCREMENT=1 ;

-- --------------------------------------------------------

--
-- Table structure for table `elective`
--

CREATE TABLE IF NOT EXISTS `elective` (
  `id` int(11) NOT NULL AUTO_INCREMENT,
  `scholar_id` varchar(50) NOT NULL,
  `subject_id` int(11) NOT NULL,
  PRIMARY KEY (`id`)
) ENGINE=InnoDB  DEFAULT CHARSET=utf8 AUTO_INCREMENT=2 ;

--
-- Dumping data for table `elective`
--

INSERT INTO `elective` (`id`, `scholar_id`, `subject_id`) VALUES
(1, '16351', 13);

-- --------------------------------------------------------

--
-- Table structure for table `exam_category`
--

CREATE TABLE IF NOT EXISTS `exam_category` (
  `id` int(11) NOT NULL AUTO_INCREMENT,
  `name` text NOT NULL,
  PRIMARY KEY (`id`)
) ENGINE=InnoDB  DEFAULT CHARSET=latin1 AUTO_INCREMENT=7 ;

--
-- Dumping data for table `exam_category`
--

INSERT INTO `exam_category` (`id`, `name`) VALUES
(1, 'PT 0'),
(2, 'PT 1'),
(3, 'TERM 1'),
(4, 'PT 2'),
(5, 'PT 3'),
(6, 'TERM 2');

-- --------------------------------------------------------

--
-- Table structure for table `exam_category_type`
--

CREATE TABLE IF NOT EXISTS `exam_category_type` (
  `id` int(11) NOT NULL AUTO_INCREMENT,
  `Exam` varchar(55) NOT NULL,
  PRIMARY KEY (`id`)
) ENGINE=InnoDB  DEFAULT CHARSET=utf8 AUTO_INCREMENT=19 ;

--
-- Dumping data for table `exam_category_type`
--

INSERT INTO `exam_category_type` (`id`, `Exam`) VALUES
(1, 'WRIT'),
(2, 'CW'),
(3, 'HW'),
(4, 'NEAT'),
(5, 'PUNC'),
(6, 'READ'),
(7, 'RECI'),
(8, 'DIC'),
(9, 'ASL'),
(10, 'Art'),
(11, 'Physical Education'),
(12, 'Music'),
(13, 'PT 2 '),
(14, 'PT 3'),
(15, 'TERM 2 Lit.'),
(16, 'TERM 2 Wrt.'),
(17, 'TERM 2 Lang'),
(18, 'TERM 2 Practical');

-- --------------------------------------------------------

--
-- Table structure for table `exam_mapping`
--

CREATE TABLE IF NOT EXISTS `exam_mapping` (
  `id` int(11) NOT NULL AUTO_INCREMENT,
  `class_id` int(11) NOT NULL,
  `section_id` int(11) NOT NULL,
  `subject_id` int(11) NOT NULL,
  `sub_subject_id` int(11) NOT NULL,
  `term_id` int(11) NOT NULL,
  `exam_category_id` int(11) NOT NULL,
  `exam_category_type_id` int(11) NOT NULL,
  `max_marks` int(11) NOT NULL,
  `reduse` varchar(5) NOT NULL DEFAULT 'no',
  `reduse_to` int(5) NOT NULL,
  PRIMARY KEY (`id`)
) ENGINE=InnoDB  DEFAULT CHARSET=latin1 AUTO_INCREMENT=2146 ;

--
-- Dumping data for table `exam_mapping`
--

INSERT INTO `exam_mapping` (`id`, `class_id`, `section_id`, `subject_id`, `sub_subject_id`, `term_id`, `exam_category_id`, `exam_category_type_id`, `max_marks`, `reduse`, `reduse_to`) VALUES
(641, 4, 1, 1, 0, 1, 3, 1, 80, 'no', 0),
(642, 4, 1, 1, 0, 1, 3, 6, 5, 'no', 0),
(643, 4, 1, 1, 0, 1, 3, 7, 5, 'no', 0),
(644, 4, 1, 1, 0, 1, 3, 8, 5, 'no', 0),
(645, 4, 1, 1, 0, 1, 3, 9, 5, 'no', 0),
(646, 4, 1, 2, 0, 1, 3, 1, 80, 'no', 0),
(647, 4, 1, 2, 0, 1, 3, 6, 5, 'no', 0),
(648, 4, 1, 2, 0, 1, 3, 7, 5, 'no', 0),
(649, 4, 1, 2, 0, 1, 3, 8, 5, 'no', 0),
(650, 4, 1, 2, 0, 1, 3, 9, 5, 'no', 0),
(651, 4, 1, 3, 0, 1, 3, 1, 80, 'no', 0),
(652, 4, 1, 3, 0, 1, 3, 6, 5, 'no', 0),
(653, 4, 1, 3, 0, 1, 3, 7, 5, 'no', 0),
(654, 4, 1, 3, 0, 1, 3, 8, 5, 'no', 0),
(655, 4, 1, 3, 0, 1, 3, 9, 5, 'no', 0),
(656, 4, 1, 5, 0, 1, 3, 1, 0, 'no', 0),
(657, 4, 1, 6, 0, 1, 3, 1, 0, 'no', 0),
(658, 4, 1, 7, 0, 1, 3, 1, 0, 'no', 0),
(659, 4, 1, 8, 0, 1, 3, 1, 0, 'no', 0),
(660, 4, 1, 9, 0, 1, 3, 1, 0, 'no', 0),
(661, 4, 1, 10, 0, 1, 3, 1, 80, 'no', 0),
(662, 4, 1, 10, 0, 1, 3, 6, 5, 'no', 0),
(663, 4, 1, 10, 0, 1, 3, 7, 5, 'no', 0),
(664, 4, 1, 10, 0, 1, 3, 8, 5, 'no', 0),
(665, 4, 1, 10, 0, 1, 3, 9, 5, 'no', 0),
(666, 4, 1, 11, 0, 1, 3, 1, 80, 'no', 0),
(667, 4, 1, 11, 0, 1, 3, 6, 5, 'no', 0),
(668, 4, 1, 11, 0, 1, 3, 7, 5, 'no', 0),
(669, 4, 1, 11, 0, 1, 3, 8, 5, 'no', 0),
(670, 4, 1, 11, 0, 1, 3, 9, 5, 'no', 0),
(696, 4, 2, 1, 0, 1, 3, 1, 80, 'no', 0),
(697, 4, 2, 1, 0, 1, 3, 6, 5, 'no', 0),
(698, 4, 2, 1, 0, 1, 3, 7, 5, 'no', 0),
(699, 4, 2, 1, 0, 1, 3, 8, 5, 'no', 0),
(700, 4, 2, 1, 0, 1, 3, 9, 5, 'no', 0),
(701, 4, 2, 2, 0, 1, 3, 1, 80, 'no', 0),
(702, 4, 2, 2, 0, 1, 3, 6, 5, 'no', 0),
(703, 4, 2, 2, 0, 1, 3, 7, 5, 'no', 0),
(704, 4, 2, 2, 0, 1, 3, 8, 5, 'no', 0),
(705, 4, 2, 2, 0, 1, 3, 9, 5, 'no', 0),
(706, 4, 2, 3, 0, 1, 3, 1, 80, 'no', 0),
(707, 4, 2, 3, 0, 1, 3, 6, 5, 'no', 0),
(708, 4, 2, 3, 0, 1, 3, 7, 5, 'no', 0),
(709, 4, 2, 3, 0, 1, 3, 8, 5, 'no', 0),
(710, 4, 2, 3, 0, 1, 3, 9, 5, 'no', 0),
(711, 4, 2, 5, 0, 1, 3, 1, 0, 'no', 0),
(712, 4, 2, 6, 0, 1, 3, 1, 0, 'no', 0),
(713, 4, 2, 7, 0, 1, 3, 1, 0, 'no', 0),
(714, 4, 2, 8, 0, 1, 3, 1, 0, 'no', 0),
(715, 4, 2, 9, 0, 1, 3, 1, 0, 'no', 0),
(716, 4, 2, 10, 0, 1, 3, 1, 80, 'no', 0),
(717, 4, 2, 10, 0, 1, 3, 6, 5, 'no', 0),
(718, 4, 2, 10, 0, 1, 3, 7, 5, 'no', 0),
(719, 4, 2, 10, 0, 1, 3, 8, 5, 'no', 0),
(720, 4, 2, 10, 0, 1, 3, 9, 5, 'no', 0),
(721, 4, 2, 11, 0, 1, 3, 1, 80, 'no', 0),
(722, 4, 2, 11, 0, 1, 3, 6, 5, 'no', 0),
(723, 4, 2, 11, 0, 1, 3, 7, 5, 'no', 0),
(724, 4, 2, 11, 0, 1, 3, 8, 5, 'no', 0),
(725, 4, 2, 11, 0, 1, 3, 9, 5, 'no', 0),
(751, 5, 1, 1, 0, 1, 3, 1, 80, 'no', 0),
(752, 5, 1, 1, 0, 1, 3, 6, 5, 'no', 0),
(753, 5, 1, 1, 0, 1, 3, 7, 5, 'no', 0),
(754, 5, 1, 1, 0, 1, 3, 8, 5, 'no', 0),
(755, 5, 1, 1, 0, 1, 3, 9, 5, 'no', 0),
(756, 5, 1, 2, 0, 1, 3, 1, 80, 'no', 0),
(757, 5, 1, 2, 0, 1, 3, 6, 5, 'no', 0),
(758, 5, 1, 2, 0, 1, 3, 7, 5, 'no', 0),
(759, 5, 1, 2, 0, 1, 3, 8, 5, 'no', 0),
(760, 5, 1, 2, 0, 1, 3, 9, 5, 'no', 0),
(761, 5, 1, 3, 0, 1, 3, 1, 80, 'no', 0),
(762, 5, 1, 3, 0, 1, 3, 6, 5, 'no', 0),
(763, 5, 1, 3, 0, 1, 3, 7, 5, 'no', 0),
(764, 5, 1, 3, 0, 1, 3, 8, 5, 'no', 0),
(765, 5, 1, 3, 0, 1, 3, 9, 5, 'no', 0),
(766, 5, 1, 5, 0, 1, 3, 1, 0, 'no', 0),
(767, 5, 1, 6, 0, 1, 3, 1, 0, 'no', 0),
(768, 5, 1, 7, 0, 1, 3, 1, 0, 'no', 0),
(769, 5, 1, 8, 0, 1, 3, 1, 0, 'no', 0),
(770, 5, 1, 9, 0, 1, 3, 1, 0, 'no', 0),
(771, 5, 1, 10, 0, 1, 3, 1, 80, 'no', 0),
(772, 5, 1, 10, 0, 1, 3, 6, 5, 'no', 0),
(773, 5, 1, 10, 0, 1, 3, 7, 5, 'no', 0),
(774, 5, 1, 10, 0, 1, 3, 8, 5, 'no', 0),
(775, 5, 1, 10, 0, 1, 3, 9, 5, 'no', 0),
(776, 5, 1, 11, 0, 1, 3, 1, 80, 'no', 0),
(777, 5, 1, 11, 0, 1, 3, 6, 5, 'no', 0),
(778, 5, 1, 11, 0, 1, 3, 7, 5, 'no', 0),
(779, 5, 1, 11, 0, 1, 3, 8, 5, 'no', 0),
(780, 5, 1, 11, 0, 1, 3, 9, 5, 'no', 0),
(806, 5, 2, 1, 0, 1, 3, 1, 80, 'no', 0),
(807, 5, 2, 1, 0, 1, 3, 6, 5, 'no', 0),
(808, 5, 2, 1, 0, 1, 3, 7, 5, 'no', 0),
(809, 5, 2, 1, 0, 1, 3, 8, 5, 'no', 0),
(810, 5, 2, 1, 0, 1, 3, 9, 5, 'no', 0),
(811, 5, 2, 2, 0, 1, 3, 1, 80, 'no', 0),
(812, 5, 2, 2, 0, 1, 3, 6, 5, 'no', 0),
(813, 5, 2, 2, 0, 1, 3, 7, 5, 'no', 0),
(814, 5, 2, 2, 0, 1, 3, 8, 5, 'no', 0),
(815, 5, 2, 2, 0, 1, 3, 9, 5, 'no', 0),
(816, 5, 2, 3, 0, 1, 3, 1, 80, 'no', 0),
(817, 5, 2, 3, 0, 1, 3, 6, 5, 'no', 0),
(818, 5, 2, 3, 0, 1, 3, 7, 5, 'no', 0),
(819, 5, 2, 3, 0, 1, 3, 8, 5, 'no', 0),
(820, 5, 2, 3, 0, 1, 3, 9, 5, 'no', 0),
(821, 5, 2, 5, 0, 1, 3, 1, 0, 'no', 0),
(822, 5, 2, 6, 0, 1, 3, 1, 0, 'no', 0),
(823, 5, 2, 7, 0, 1, 3, 1, 0, 'no', 0),
(824, 5, 2, 8, 0, 1, 3, 1, 0, 'no', 0),
(825, 5, 2, 9, 0, 1, 3, 1, 0, 'no', 0),
(826, 5, 2, 10, 0, 1, 3, 1, 80, 'no', 0),
(827, 5, 2, 10, 0, 1, 3, 6, 5, 'no', 0),
(828, 5, 2, 10, 0, 1, 3, 7, 5, 'no', 0),
(829, 5, 2, 10, 0, 1, 3, 8, 5, 'no', 0),
(830, 5, 2, 10, 0, 1, 3, 9, 5, 'no', 0),
(831, 5, 2, 11, 0, 1, 3, 1, 80, 'no', 0),
(832, 5, 2, 11, 0, 1, 3, 6, 5, 'no', 0),
(833, 5, 2, 11, 0, 1, 3, 7, 5, 'no', 0),
(834, 5, 2, 11, 0, 1, 3, 8, 5, 'no', 0),
(835, 5, 2, 11, 0, 1, 3, 9, 5, 'no', 0),
(871, 6, 1, 1, 0, 1, 3, 1, 80, 'no', 0),
(872, 6, 1, 1, 0, 1, 3, 6, 5, 'no', 0),
(873, 6, 1, 1, 0, 1, 3, 7, 5, 'no', 0),
(874, 6, 1, 1, 0, 1, 3, 8, 5, 'no', 0),
(875, 6, 1, 1, 0, 1, 3, 9, 5, 'no', 0),
(876, 6, 1, 2, 0, 1, 3, 1, 80, 'no', 0),
(877, 6, 1, 2, 0, 1, 3, 6, 5, 'no', 0),
(878, 6, 1, 2, 0, 1, 3, 7, 5, 'no', 0),
(879, 6, 1, 2, 0, 1, 3, 8, 5, 'no', 0),
(880, 6, 1, 2, 0, 1, 3, 9, 5, 'no', 0),
(881, 6, 1, 3, 0, 1, 3, 1, 80, 'no', 0),
(882, 6, 1, 3, 0, 1, 3, 6, 5, 'no', 0),
(883, 6, 1, 3, 0, 1, 3, 7, 5, 'no', 0),
(884, 6, 1, 3, 0, 1, 3, 8, 5, 'no', 0),
(885, 6, 1, 3, 0, 1, 3, 9, 5, 'no', 0),
(886, 6, 1, 5, 0, 1, 3, 1, 0, 'no', 0),
(887, 6, 1, 6, 0, 1, 3, 1, 0, 'no', 0),
(888, 6, 1, 7, 0, 1, 3, 1, 0, 'no', 0),
(889, 6, 1, 8, 0, 1, 3, 1, 0, 'no', 0),
(890, 6, 1, 9, 0, 1, 3, 1, 0, 'no', 0),
(891, 6, 1, 10, 0, 1, 3, 1, 80, 'no', 0),
(892, 6, 1, 10, 0, 1, 3, 6, 5, 'no', 0),
(893, 6, 1, 10, 0, 1, 3, 7, 5, 'no', 0),
(894, 6, 1, 10, 0, 1, 3, 8, 5, 'no', 0),
(895, 6, 1, 10, 0, 1, 3, 9, 5, 'no', 0),
(896, 6, 1, 11, 0, 1, 3, 1, 80, 'no', 0),
(897, 6, 1, 11, 0, 1, 3, 6, 5, 'no', 0),
(898, 6, 1, 11, 0, 1, 3, 7, 5, 'no', 0),
(899, 6, 1, 11, 0, 1, 3, 8, 5, 'no', 0),
(900, 6, 1, 11, 0, 1, 3, 9, 5, 'no', 0),
(901, 6, 1, 12, 0, 1, 3, 1, 80, 'no', 0),
(902, 6, 1, 12, 0, 1, 3, 6, 5, 'no', 0),
(903, 6, 1, 12, 0, 1, 3, 7, 5, 'no', 0),
(904, 6, 1, 12, 0, 1, 3, 8, 5, 'no', 0),
(905, 6, 1, 12, 0, 1, 3, 9, 5, 'no', 0),
(906, 6, 1, 13, 0, 1, 3, 1, 0, 'no', 0),
(907, 6, 1, 13, 0, 1, 3, 6, 0, 'no', 0),
(908, 6, 1, 13, 0, 1, 3, 7, 0, 'no', 0),
(909, 6, 1, 13, 0, 1, 3, 8, 0, 'no', 0),
(910, 6, 1, 13, 0, 1, 3, 9, 0, 'no', 0),
(946, 6, 2, 1, 0, 1, 3, 1, 80, 'no', 0),
(947, 6, 2, 1, 0, 1, 3, 6, 5, 'no', 0),
(948, 6, 2, 1, 0, 1, 3, 7, 5, 'no', 0),
(949, 6, 2, 1, 0, 1, 3, 8, 5, 'no', 0),
(950, 6, 2, 1, 0, 1, 3, 9, 5, 'no', 0),
(951, 6, 2, 2, 0, 1, 3, 1, 80, 'no', 0),
(952, 6, 2, 2, 0, 1, 3, 6, 5, 'no', 0),
(953, 6, 2, 2, 0, 1, 3, 7, 5, 'no', 0),
(954, 6, 2, 2, 0, 1, 3, 8, 5, 'no', 0),
(955, 6, 2, 2, 0, 1, 3, 9, 5, 'no', 0),
(956, 6, 2, 3, 0, 1, 3, 1, 80, 'no', 0),
(957, 6, 2, 3, 0, 1, 3, 6, 5, 'no', 0),
(958, 6, 2, 3, 0, 1, 3, 7, 5, 'no', 0),
(959, 6, 2, 3, 0, 1, 3, 8, 5, 'no', 0),
(960, 6, 2, 3, 0, 1, 3, 9, 5, 'no', 0),
(961, 6, 2, 5, 0, 1, 3, 1, 0, 'no', 0),
(962, 6, 2, 6, 0, 1, 3, 1, 0, 'no', 0),
(963, 6, 2, 7, 0, 1, 3, 1, 0, 'no', 0),
(964, 6, 2, 8, 0, 1, 3, 1, 0, 'no', 0),
(965, 6, 2, 9, 0, 1, 3, 1, 0, 'no', 0),
(966, 6, 2, 10, 0, 1, 3, 1, 80, 'no', 0),
(967, 6, 2, 10, 0, 1, 3, 6, 5, 'no', 0),
(968, 6, 2, 10, 0, 1, 3, 7, 5, 'no', 0),
(969, 6, 2, 10, 0, 1, 3, 8, 5, 'no', 0),
(970, 6, 2, 10, 0, 1, 3, 9, 5, 'no', 0),
(971, 6, 2, 11, 0, 1, 3, 1, 80, 'no', 0),
(972, 6, 2, 11, 0, 1, 3, 6, 5, 'no', 0),
(973, 6, 2, 11, 0, 1, 3, 7, 5, 'no', 0),
(974, 6, 2, 11, 0, 1, 3, 8, 5, 'no', 0),
(975, 6, 2, 11, 0, 1, 3, 9, 5, 'no', 0),
(976, 6, 2, 12, 0, 1, 3, 1, 80, 'no', 0),
(977, 6, 2, 12, 0, 1, 3, 6, 5, 'no', 0),
(978, 6, 2, 12, 0, 1, 3, 7, 5, 'no', 0),
(979, 6, 2, 12, 0, 1, 3, 8, 5, 'no', 0),
(980, 6, 2, 12, 0, 1, 3, 9, 5, 'no', 0),
(981, 6, 2, 13, 0, 1, 3, 1, 0, 'no', 0),
(982, 6, 2, 13, 0, 1, 3, 6, 0, 'no', 0),
(983, 6, 2, 13, 0, 1, 3, 7, 0, 'no', 0),
(984, 6, 2, 13, 0, 1, 3, 8, 0, 'no', 0),
(985, 6, 2, 13, 0, 1, 3, 9, 0, 'no', 0),
(1021, 7, 1, 1, 0, 1, 3, 1, 80, 'no', 0),
(1022, 7, 1, 1, 0, 1, 3, 6, 5, 'no', 0),
(1023, 7, 1, 1, 0, 1, 3, 7, 5, 'no', 0),
(1024, 7, 1, 1, 0, 1, 3, 8, 5, 'no', 0),
(1025, 7, 1, 1, 0, 1, 3, 9, 5, 'no', 0),
(1026, 7, 1, 2, 0, 1, 3, 1, 80, 'no', 0),
(1027, 7, 1, 2, 0, 1, 3, 6, 5, 'no', 0),
(1028, 7, 1, 2, 0, 1, 3, 7, 5, 'no', 0),
(1029, 7, 1, 2, 0, 1, 3, 8, 5, 'no', 0),
(1030, 7, 1, 2, 0, 1, 3, 9, 5, 'no', 0),
(1031, 7, 1, 3, 0, 1, 3, 1, 80, 'no', 0),
(1032, 7, 1, 3, 0, 1, 3, 6, 5, 'no', 0),
(1033, 7, 1, 3, 0, 1, 3, 7, 5, 'no', 0),
(1034, 7, 1, 3, 0, 1, 3, 8, 5, 'no', 0),
(1035, 7, 1, 3, 0, 1, 3, 9, 5, 'no', 0),
(1036, 7, 1, 5, 0, 1, 3, 1, 0, 'no', 0),
(1037, 7, 1, 6, 0, 1, 3, 1, 0, 'no', 0),
(1038, 7, 1, 7, 0, 1, 3, 1, 0, 'no', 0),
(1039, 7, 1, 8, 0, 1, 3, 1, 0, 'no', 0),
(1040, 7, 1, 9, 0, 1, 3, 1, 0, 'no', 0),
(1041, 7, 1, 10, 0, 1, 3, 1, 80, 'no', 0),
(1042, 7, 1, 10, 0, 1, 3, 6, 5, 'no', 0),
(1043, 7, 1, 10, 0, 1, 3, 7, 5, 'no', 0),
(1044, 7, 1, 10, 0, 1, 3, 8, 5, 'no', 0),
(1045, 7, 1, 10, 0, 1, 3, 9, 5, 'no', 0),
(1046, 7, 1, 11, 0, 1, 3, 1, 80, 'no', 0),
(1047, 7, 1, 11, 0, 1, 3, 6, 5, 'no', 0),
(1048, 7, 1, 11, 0, 1, 3, 7, 5, 'no', 0),
(1049, 7, 1, 11, 0, 1, 3, 8, 5, 'no', 0),
(1050, 7, 1, 11, 0, 1, 3, 9, 5, 'no', 0),
(1051, 7, 1, 12, 0, 1, 3, 1, 80, 'no', 0),
(1052, 7, 1, 12, 0, 1, 3, 6, 5, 'no', 0),
(1053, 7, 1, 12, 0, 1, 3, 7, 5, 'no', 0),
(1054, 7, 1, 12, 0, 1, 3, 8, 5, 'no', 0),
(1055, 7, 1, 12, 0, 1, 3, 9, 5, 'no', 0),
(1056, 7, 1, 13, 0, 1, 3, 1, 0, 'no', 0),
(1057, 7, 1, 13, 0, 1, 3, 6, 0, 'no', 0),
(1058, 7, 1, 13, 0, 1, 3, 7, 0, 'no', 0),
(1059, 7, 1, 13, 0, 1, 3, 8, 0, 'no', 0),
(1060, 7, 1, 13, 0, 1, 3, 9, 0, 'no', 0),
(1096, 7, 2, 1, 0, 1, 3, 1, 80, 'no', 0),
(1097, 7, 2, 1, 0, 1, 3, 6, 5, 'no', 0),
(1098, 7, 2, 1, 0, 1, 3, 7, 5, 'no', 0),
(1099, 7, 2, 1, 0, 1, 3, 8, 5, 'no', 0),
(1100, 7, 2, 1, 0, 1, 3, 9, 5, 'no', 0),
(1101, 7, 2, 2, 0, 1, 3, 1, 80, 'no', 0),
(1102, 7, 2, 2, 0, 1, 3, 6, 5, 'no', 0),
(1103, 7, 2, 2, 0, 1, 3, 7, 5, 'no', 0),
(1104, 7, 2, 2, 0, 1, 3, 8, 5, 'no', 0),
(1105, 7, 2, 2, 0, 1, 3, 9, 5, 'no', 0),
(1106, 7, 2, 3, 0, 1, 3, 1, 80, 'no', 0),
(1107, 7, 2, 3, 0, 1, 3, 6, 5, 'no', 0),
(1108, 7, 2, 3, 0, 1, 3, 7, 5, 'no', 0),
(1109, 7, 2, 3, 0, 1, 3, 8, 5, 'no', 0),
(1110, 7, 2, 3, 0, 1, 3, 9, 5, 'no', 0),
(1111, 7, 2, 5, 0, 1, 3, 1, 0, 'no', 0),
(1112, 7, 2, 6, 0, 1, 3, 1, 0, 'no', 0),
(1113, 7, 2, 7, 0, 1, 3, 1, 0, 'no', 0),
(1114, 7, 2, 8, 0, 1, 3, 1, 0, 'no', 0),
(1115, 7, 2, 9, 0, 1, 3, 1, 0, 'no', 0),
(1116, 7, 2, 10, 0, 1, 3, 1, 80, 'no', 0),
(1117, 7, 2, 10, 0, 1, 3, 6, 5, 'no', 0),
(1118, 7, 2, 10, 0, 1, 3, 7, 5, 'no', 0),
(1119, 7, 2, 10, 0, 1, 3, 8, 5, 'no', 0),
(1120, 7, 2, 10, 0, 1, 3, 9, 5, 'no', 0),
(1121, 7, 2, 11, 0, 1, 3, 1, 80, 'no', 0),
(1122, 7, 2, 11, 0, 1, 3, 6, 5, 'no', 0),
(1123, 7, 2, 11, 0, 1, 3, 7, 5, 'no', 0),
(1124, 7, 2, 11, 0, 1, 3, 8, 5, 'no', 0),
(1125, 7, 2, 11, 0, 1, 3, 9, 5, 'no', 0),
(1126, 7, 2, 12, 0, 1, 3, 1, 80, 'no', 0),
(1127, 7, 2, 12, 0, 1, 3, 6, 5, 'no', 0),
(1128, 7, 2, 12, 0, 1, 3, 7, 5, 'no', 0),
(1129, 7, 2, 12, 0, 1, 3, 8, 5, 'no', 0),
(1130, 7, 2, 12, 0, 1, 3, 9, 5, 'no', 0),
(1131, 7, 2, 13, 0, 1, 3, 1, 0, 'no', 0),
(1132, 7, 2, 13, 0, 1, 3, 6, 0, 'no', 0),
(1133, 7, 2, 13, 0, 1, 3, 7, 0, 'no', 0),
(1134, 7, 2, 13, 0, 1, 3, 8, 0, 'no', 0),
(1135, 7, 2, 13, 0, 1, 3, 9, 0, 'no', 0),
(1171, 8, 1, 1, 0, 1, 3, 1, 80, 'no', 0),
(1172, 8, 1, 1, 0, 1, 3, 6, 5, 'no', 0),
(1173, 8, 1, 1, 0, 1, 3, 7, 5, 'no', 0),
(1174, 8, 1, 1, 0, 1, 3, 8, 5, 'no', 0),
(1175, 8, 1, 1, 0, 1, 3, 9, 5, 'no', 0),
(1176, 8, 1, 2, 0, 1, 3, 1, 80, 'no', 0),
(1177, 8, 1, 2, 0, 1, 3, 6, 5, 'no', 0),
(1178, 8, 1, 2, 0, 1, 3, 7, 5, 'no', 0),
(1179, 8, 1, 2, 0, 1, 3, 8, 5, 'no', 0),
(1180, 8, 1, 2, 0, 1, 3, 9, 5, 'no', 0),
(1181, 8, 1, 3, 0, 1, 3, 1, 80, 'no', 0),
(1182, 8, 1, 3, 0, 1, 3, 6, 5, 'no', 0),
(1183, 8, 1, 3, 0, 1, 3, 7, 5, 'no', 0),
(1184, 8, 1, 3, 0, 1, 3, 8, 5, 'no', 0),
(1185, 8, 1, 3, 0, 1, 3, 9, 5, 'no', 0),
(1186, 8, 1, 5, 0, 1, 3, 1, 0, 'no', 0),
(1187, 8, 1, 6, 0, 1, 3, 1, 0, 'no', 0),
(1188, 8, 1, 7, 0, 1, 3, 1, 0, 'no', 0),
(1189, 8, 1, 8, 0, 1, 3, 1, 0, 'no', 0),
(1190, 8, 1, 9, 0, 1, 3, 1, 0, 'no', 0),
(1191, 8, 1, 10, 0, 1, 3, 1, 80, 'no', 0),
(1192, 8, 1, 10, 0, 1, 3, 6, 5, 'no', 0),
(1193, 8, 1, 10, 0, 1, 3, 7, 5, 'no', 0),
(1194, 8, 1, 10, 0, 1, 3, 8, 5, 'no', 0),
(1195, 8, 1, 10, 0, 1, 3, 9, 5, 'no', 0),
(1196, 8, 1, 11, 0, 1, 3, 1, 80, 'no', 0),
(1197, 8, 1, 11, 0, 1, 3, 6, 5, 'no', 0),
(1198, 8, 1, 11, 0, 1, 3, 7, 5, 'no', 0),
(1199, 8, 1, 11, 0, 1, 3, 8, 5, 'no', 0),
(1200, 8, 1, 11, 0, 1, 3, 9, 5, 'no', 0),
(1201, 8, 1, 12, 0, 1, 3, 1, 80, 'no', 0),
(1202, 8, 1, 12, 0, 1, 3, 6, 5, 'no', 0),
(1203, 8, 1, 12, 0, 1, 3, 7, 5, 'no', 0),
(1204, 8, 1, 12, 0, 1, 3, 8, 5, 'no', 0),
(1205, 8, 1, 12, 0, 1, 3, 9, 5, 'no', 0),
(1206, 8, 1, 13, 0, 1, 3, 1, 0, 'no', 0),
(1207, 8, 1, 13, 0, 1, 3, 6, 0, 'no', 0),
(1208, 8, 1, 13, 0, 1, 3, 7, 0, 'no', 0),
(1209, 8, 1, 13, 0, 1, 3, 8, 0, 'no', 0),
(1210, 8, 1, 13, 0, 1, 3, 9, 0, 'no', 0),
(1246, 8, 2, 1, 0, 1, 3, 1, 80, 'no', 0),
(1247, 8, 2, 1, 0, 1, 3, 6, 5, 'no', 0),
(1248, 8, 2, 1, 0, 1, 3, 7, 5, 'no', 0),
(1249, 8, 2, 1, 0, 1, 3, 8, 5, 'no', 0),
(1250, 8, 2, 1, 0, 1, 3, 9, 5, 'no', 0),
(1251, 8, 2, 2, 0, 1, 3, 1, 80, 'no', 0),
(1252, 8, 2, 2, 0, 1, 3, 6, 5, 'no', 0),
(1253, 8, 2, 2, 0, 1, 3, 7, 5, 'no', 0),
(1254, 8, 2, 2, 0, 1, 3, 8, 5, 'no', 0),
(1255, 8, 2, 2, 0, 1, 3, 9, 5, 'no', 0),
(1256, 8, 2, 3, 0, 1, 3, 1, 80, 'no', 0),
(1257, 8, 2, 3, 0, 1, 3, 6, 5, 'no', 0),
(1258, 8, 2, 3, 0, 1, 3, 7, 5, 'no', 0),
(1259, 8, 2, 3, 0, 1, 3, 8, 5, 'no', 0),
(1260, 8, 2, 3, 0, 1, 3, 9, 5, 'no', 0),
(1261, 8, 2, 5, 0, 1, 3, 1, 0, 'no', 0),
(1262, 8, 2, 6, 0, 1, 3, 1, 0, 'no', 0),
(1263, 8, 2, 7, 0, 1, 3, 1, 0, 'no', 0),
(1264, 8, 2, 8, 0, 1, 3, 1, 0, 'no', 0),
(1265, 8, 2, 9, 0, 1, 3, 1, 0, 'no', 0),
(1266, 8, 2, 10, 0, 1, 3, 1, 80, 'no', 0),
(1267, 8, 2, 10, 0, 1, 3, 6, 5, 'no', 0),
(1268, 8, 2, 10, 0, 1, 3, 7, 5, 'no', 0),
(1269, 8, 2, 10, 0, 1, 3, 8, 5, 'no', 0),
(1270, 8, 2, 10, 0, 1, 3, 9, 5, 'no', 0),
(1271, 8, 2, 11, 0, 1, 3, 1, 80, 'no', 0),
(1272, 8, 2, 11, 0, 1, 3, 6, 5, 'no', 0),
(1273, 8, 2, 11, 0, 1, 3, 7, 5, 'no', 0),
(1274, 8, 2, 11, 0, 1, 3, 8, 5, 'no', 0),
(1275, 8, 2, 11, 0, 1, 3, 9, 5, 'no', 0),
(1276, 8, 2, 12, 0, 1, 3, 1, 80, 'no', 0),
(1277, 8, 2, 12, 0, 1, 3, 6, 5, 'no', 0),
(1278, 8, 2, 12, 0, 1, 3, 7, 5, 'no', 0),
(1279, 8, 2, 12, 0, 1, 3, 8, 5, 'no', 0),
(1280, 8, 2, 12, 0, 1, 3, 9, 5, 'no', 0),
(1281, 8, 2, 13, 0, 1, 3, 1, 0, 'no', 0),
(1282, 8, 2, 13, 0, 1, 3, 6, 0, 'no', 0),
(1283, 8, 2, 13, 0, 1, 3, 7, 0, 'no', 0),
(1284, 8, 2, 13, 0, 1, 3, 8, 0, 'no', 0),
(1285, 8, 2, 13, 0, 1, 3, 9, 0, 'no', 0),
(1286, 9, 1, 1, 0, 1, 1, 1, 0, 'no', 0),
(1287, 9, 1, 1, 0, 1, 1, 2, 0, 'no', 0),
(1288, 9, 1, 1, 0, 1, 1, 3, 0, 'no', 0),
(1289, 9, 1, 1, 0, 1, 1, 4, 0, 'no', 0),
(1290, 9, 1, 1, 0, 1, 1, 5, 0, 'no', 0),
(1291, 9, 1, 2, 0, 1, 1, 1, 0, 'no', 0),
(1292, 9, 1, 2, 0, 1, 1, 2, 0, 'no', 0),
(1293, 9, 1, 2, 0, 1, 1, 3, 0, 'no', 0),
(1294, 9, 1, 2, 0, 1, 1, 4, 0, 'no', 0),
(1295, 9, 1, 2, 0, 1, 1, 5, 0, 'no', 0),
(1296, 9, 1, 3, 0, 1, 1, 1, 0, 'no', 0),
(1297, 9, 1, 3, 0, 1, 1, 2, 0, 'no', 0),
(1298, 9, 1, 3, 0, 1, 1, 3, 0, 'no', 0),
(1299, 9, 1, 3, 0, 1, 1, 4, 0, 'no', 0),
(1300, 9, 1, 3, 0, 1, 1, 5, 0, 'no', 0),
(1301, 9, 1, 10, 0, 1, 1, 1, 0, 'no', 0),
(1302, 9, 1, 10, 0, 1, 1, 2, 0, 'no', 0),
(1303, 9, 1, 10, 0, 1, 1, 3, 0, 'no', 0),
(1304, 9, 1, 10, 0, 1, 1, 4, 0, 'no', 0),
(1305, 9, 1, 10, 0, 1, 1, 5, 0, 'no', 0),
(1306, 9, 1, 11, 0, 1, 1, 1, 0, 'no', 0),
(1307, 9, 1, 11, 0, 1, 1, 2, 0, 'no', 0),
(1308, 9, 1, 11, 0, 1, 1, 3, 0, 'no', 0),
(1309, 9, 1, 11, 0, 1, 1, 4, 0, 'no', 0),
(1310, 9, 1, 11, 0, 1, 1, 5, 0, 'no', 0),
(1311, 9, 1, 1, 0, 1, 3, 1, 0, 'no', 0),
(1312, 9, 1, 1, 0, 1, 3, 6, 0, 'no', 0),
(1313, 9, 1, 1, 0, 1, 3, 7, 0, 'no', 0),
(1314, 9, 1, 1, 0, 1, 3, 8, 0, 'no', 0),
(1315, 9, 1, 1, 0, 1, 3, 9, 0, 'no', 0),
(1316, 9, 1, 2, 0, 1, 3, 1, 0, 'no', 0),
(1317, 9, 1, 2, 0, 1, 3, 6, 0, 'no', 0),
(1318, 9, 1, 2, 0, 1, 3, 7, 0, 'no', 0),
(1319, 9, 1, 2, 0, 1, 3, 8, 0, 'no', 0),
(1320, 9, 1, 2, 0, 1, 3, 9, 0, 'no', 0),
(1321, 9, 1, 3, 0, 1, 3, 1, 0, 'no', 0),
(1322, 9, 1, 3, 0, 1, 3, 6, 0, 'no', 0),
(1323, 9, 1, 3, 0, 1, 3, 7, 0, 'no', 0),
(1324, 9, 1, 3, 0, 1, 3, 8, 0, 'no', 0),
(1325, 9, 1, 3, 0, 1, 3, 9, 0, 'no', 0),
(1326, 9, 1, 10, 0, 1, 3, 1, 0, 'no', 0),
(1327, 9, 1, 10, 0, 1, 3, 6, 0, 'no', 0),
(1328, 9, 1, 10, 0, 1, 3, 7, 0, 'no', 0),
(1329, 9, 1, 10, 0, 1, 3, 8, 0, 'no', 0),
(1330, 9, 1, 10, 0, 1, 3, 9, 0, 'no', 0),
(1331, 9, 1, 11, 0, 1, 3, 1, 0, 'no', 0),
(1332, 9, 1, 11, 0, 1, 3, 6, 0, 'no', 0),
(1333, 9, 1, 11, 0, 1, 3, 7, 0, 'no', 0),
(1334, 9, 1, 11, 0, 1, 3, 8, 0, 'no', 0),
(1335, 9, 1, 11, 0, 1, 3, 9, 0, 'no', 0),
(1356, 1, 1, 1, 0, 1, 3, 1, 80, 'no', 0),
(1357, 1, 1, 1, 0, 1, 3, 6, 5, 'no', 0),
(1358, 1, 1, 1, 0, 1, 3, 7, 5, 'no', 0),
(1359, 1, 1, 1, 0, 1, 3, 8, 5, 'no', 0),
(1360, 1, 1, 1, 0, 1, 3, 9, 5, 'no', 0),
(1361, 1, 1, 2, 0, 1, 3, 1, 80, 'no', 0),
(1362, 1, 1, 2, 0, 1, 3, 6, 5, 'no', 0),
(1363, 1, 1, 2, 0, 1, 3, 7, 5, 'no', 0),
(1364, 1, 1, 2, 0, 1, 3, 8, 5, 'no', 0),
(1365, 1, 1, 2, 0, 1, 3, 9, 5, 'no', 0),
(1366, 1, 1, 3, 0, 1, 3, 1, 80, 'no', 0),
(1367, 1, 1, 3, 0, 1, 3, 6, 5, 'no', 0),
(1368, 1, 1, 3, 0, 1, 3, 7, 5, 'no', 0),
(1369, 1, 1, 3, 0, 1, 3, 8, 5, 'no', 0),
(1370, 1, 1, 3, 0, 1, 3, 9, 5, 'no', 0),
(1371, 1, 1, 4, 0, 1, 3, 1, 80, 'no', 0),
(1372, 1, 1, 4, 0, 1, 3, 6, 5, 'no', 0),
(1373, 1, 1, 4, 0, 1, 3, 7, 5, 'no', 0),
(1374, 1, 1, 4, 0, 1, 3, 8, 5, 'no', 0),
(1375, 1, 1, 4, 0, 1, 3, 9, 5, 'no', 0),
(1376, 1, 1, 5, 0, 1, 3, 1, 0, 'no', 0),
(1377, 1, 1, 6, 0, 1, 3, 1, 0, 'no', 0),
(1378, 1, 1, 7, 0, 1, 3, 1, 0, 'no', 0),
(1379, 1, 1, 8, 0, 1, 3, 1, 0, 'no', 0),
(1380, 1, 1, 9, 0, 1, 3, 1, 0, 'no', 0),
(1401, 1, 2, 1, 0, 1, 3, 1, 80, 'no', 0),
(1402, 1, 2, 1, 0, 1, 3, 6, 5, 'no', 0),
(1403, 1, 2, 1, 0, 1, 3, 7, 5, 'no', 0),
(1404, 1, 2, 1, 0, 1, 3, 8, 5, 'no', 0),
(1405, 1, 2, 1, 0, 1, 3, 9, 5, 'no', 0),
(1406, 1, 2, 2, 0, 1, 3, 1, 80, 'no', 0),
(1407, 1, 2, 2, 0, 1, 3, 6, 5, 'no', 0),
(1408, 1, 2, 2, 0, 1, 3, 7, 5, 'no', 0),
(1409, 1, 2, 2, 0, 1, 3, 8, 5, 'no', 0),
(1410, 1, 2, 2, 0, 1, 3, 9, 5, 'no', 0),
(1411, 1, 2, 3, 0, 1, 3, 1, 80, 'no', 0),
(1412, 1, 2, 3, 0, 1, 3, 6, 5, 'no', 0),
(1413, 1, 2, 3, 0, 1, 3, 7, 5, 'no', 0),
(1414, 1, 2, 3, 0, 1, 3, 8, 5, 'no', 0),
(1415, 1, 2, 3, 0, 1, 3, 9, 5, 'no', 0),
(1416, 1, 2, 4, 0, 1, 3, 1, 80, 'no', 0),
(1417, 1, 2, 4, 0, 1, 3, 6, 5, 'no', 0),
(1418, 1, 2, 4, 0, 1, 3, 7, 5, 'no', 0),
(1419, 1, 2, 4, 0, 1, 3, 8, 5, 'no', 0),
(1420, 1, 2, 4, 0, 1, 3, 9, 5, 'no', 0),
(1421, 1, 2, 5, 0, 1, 3, 1, 0, 'no', 0),
(1422, 1, 2, 6, 0, 1, 3, 1, 0, 'no', 0),
(1423, 1, 2, 7, 0, 1, 3, 1, 0, 'no', 0),
(1424, 1, 2, 8, 0, 1, 3, 1, 0, 'no', 0),
(1425, 1, 2, 9, 0, 1, 3, 1, 0, 'no', 0),
(1466, 2, 2, 1, 0, 1, 3, 1, 80, 'no', 0),
(1467, 2, 2, 1, 0, 1, 3, 6, 5, 'no', 0),
(1468, 2, 2, 1, 0, 1, 3, 7, 5, 'no', 0),
(1469, 2, 2, 1, 0, 1, 3, 8, 5, 'no', 0),
(1470, 2, 2, 1, 0, 1, 3, 9, 5, 'no', 0),
(1471, 2, 2, 2, 0, 1, 3, 1, 80, 'no', 0),
(1472, 2, 2, 2, 0, 1, 3, 6, 5, 'no', 0),
(1473, 2, 2, 2, 0, 1, 3, 7, 5, 'no', 0),
(1474, 2, 2, 2, 0, 1, 3, 8, 5, 'no', 0),
(1475, 2, 2, 2, 0, 1, 3, 9, 5, 'no', 0),
(1476, 2, 2, 3, 0, 1, 3, 1, 80, 'no', 0),
(1477, 2, 2, 3, 0, 1, 3, 6, 5, 'no', 0),
(1478, 2, 2, 3, 0, 1, 3, 7, 5, 'no', 0),
(1479, 2, 2, 3, 0, 1, 3, 8, 5, 'no', 0),
(1480, 2, 2, 3, 0, 1, 3, 9, 5, 'no', 0),
(1481, 2, 2, 4, 0, 1, 3, 1, 80, 'no', 0),
(1482, 2, 2, 4, 0, 1, 3, 6, 5, 'no', 0),
(1483, 2, 2, 4, 0, 1, 3, 7, 5, 'no', 0),
(1484, 2, 2, 4, 0, 1, 3, 8, 5, 'no', 0),
(1485, 2, 2, 4, 0, 1, 3, 9, 5, 'no', 0),
(1486, 2, 2, 5, 0, 1, 3, 1, 0, 'no', 0),
(1487, 2, 2, 6, 0, 1, 3, 1, 0, 'no', 0),
(1488, 2, 2, 7, 0, 1, 3, 1, 0, 'no', 0),
(1489, 2, 2, 8, 0, 1, 3, 1, 0, 'no', 0),
(1490, 2, 2, 9, 0, 1, 3, 1, 0, 'no', 0),
(1516, 3, 1, 1, 0, 1, 3, 1, 80, 'no', 0),
(1517, 3, 1, 1, 0, 1, 3, 6, 5, 'no', 0),
(1518, 3, 1, 1, 0, 1, 3, 7, 5, 'no', 0),
(1519, 3, 1, 1, 0, 1, 3, 8, 5, 'no', 0),
(1520, 3, 1, 1, 0, 1, 3, 9, 5, 'no', 0),
(1521, 3, 1, 2, 0, 1, 3, 1, 80, 'no', 0),
(1522, 3, 1, 2, 0, 1, 3, 6, 5, 'no', 0),
(1523, 3, 1, 2, 0, 1, 3, 7, 5, 'no', 0),
(1524, 3, 1, 2, 0, 1, 3, 8, 5, 'no', 0),
(1525, 3, 1, 2, 0, 1, 3, 9, 5, 'no', 0),
(1526, 3, 1, 3, 0, 1, 3, 1, 80, 'no', 0),
(1527, 3, 1, 3, 0, 1, 3, 6, 5, 'no', 0),
(1528, 3, 1, 3, 0, 1, 3, 7, 5, 'no', 0),
(1529, 3, 1, 3, 0, 1, 3, 8, 5, 'no', 0),
(1530, 3, 1, 3, 0, 1, 3, 9, 5, 'no', 0),
(1531, 3, 1, 5, 0, 1, 3, 1, 0, 'no', 0),
(1532, 3, 1, 6, 0, 1, 3, 1, 0, 'no', 0),
(1533, 3, 1, 7, 0, 1, 3, 1, 0, 'no', 0),
(1534, 3, 1, 8, 0, 1, 3, 1, 0, 'no', 0),
(1535, 3, 1, 9, 0, 1, 3, 1, 0, 'no', 0),
(1536, 3, 1, 10, 0, 1, 3, 1, 80, 'no', 0),
(1537, 3, 1, 10, 0, 1, 3, 6, 5, 'no', 0),
(1538, 3, 1, 10, 0, 1, 3, 7, 5, 'no', 0),
(1539, 3, 1, 10, 0, 1, 3, 8, 5, 'no', 0),
(1540, 3, 1, 10, 0, 1, 3, 9, 5, 'no', 0),
(1541, 3, 1, 11, 0, 1, 3, 1, 80, 'no', 0),
(1542, 3, 1, 11, 0, 1, 3, 6, 5, 'no', 0),
(1543, 3, 1, 11, 0, 1, 3, 7, 5, 'no', 0),
(1544, 3, 1, 11, 0, 1, 3, 8, 5, 'no', 0),
(1545, 3, 1, 11, 0, 1, 3, 9, 5, 'no', 0),
(1571, 3, 2, 1, 0, 1, 3, 1, 80, 'no', 0),
(1572, 3, 2, 1, 0, 1, 3, 6, 5, 'no', 0),
(1573, 3, 2, 1, 0, 1, 3, 7, 5, 'no', 0),
(1574, 3, 2, 1, 0, 1, 3, 8, 5, 'no', 0),
(1575, 3, 2, 1, 0, 1, 3, 9, 5, 'no', 0),
(1576, 3, 2, 2, 0, 1, 3, 1, 80, 'no', 0),
(1577, 3, 2, 2, 0, 1, 3, 6, 5, 'no', 0),
(1578, 3, 2, 2, 0, 1, 3, 7, 5, 'no', 0),
(1579, 3, 2, 2, 0, 1, 3, 8, 5, 'no', 0),
(1580, 3, 2, 2, 0, 1, 3, 9, 5, 'no', 0),
(1581, 3, 2, 3, 0, 1, 3, 1, 80, 'no', 0),
(1582, 3, 2, 3, 0, 1, 3, 6, 5, 'no', 0),
(1583, 3, 2, 3, 0, 1, 3, 7, 5, 'no', 0),
(1584, 3, 2, 3, 0, 1, 3, 8, 5, 'no', 0),
(1585, 3, 2, 3, 0, 1, 3, 9, 5, 'no', 0),
(1586, 3, 2, 5, 0, 1, 3, 1, 0, 'no', 0),
(1587, 3, 2, 6, 0, 1, 3, 1, 0, 'no', 0),
(1588, 3, 2, 7, 0, 1, 3, 1, 0, 'no', 0),
(1589, 3, 2, 8, 0, 1, 3, 1, 0, 'no', 0),
(1590, 3, 2, 9, 0, 1, 3, 1, 0, 'no', 0),
(1591, 3, 2, 10, 0, 1, 3, 1, 80, 'no', 0),
(1592, 3, 2, 10, 0, 1, 3, 6, 5, 'no', 0),
(1593, 3, 2, 10, 0, 1, 3, 7, 5, 'no', 0),
(1594, 3, 2, 10, 0, 1, 3, 8, 5, 'no', 0),
(1595, 3, 2, 10, 0, 1, 3, 9, 5, 'no', 0),
(1596, 3, 2, 11, 0, 1, 3, 1, 80, 'no', 0),
(1597, 3, 2, 11, 0, 1, 3, 6, 5, 'no', 0),
(1598, 3, 2, 11, 0, 1, 3, 7, 5, 'no', 0),
(1599, 3, 2, 11, 0, 1, 3, 8, 5, 'no', 0),
(1600, 3, 2, 11, 0, 1, 3, 9, 5, 'no', 0),
(1601, 2, 1, 1, 0, 1, 3, 1, 80, 'no', 0),
(1602, 2, 1, 1, 0, 1, 3, 6, 5, 'no', 0),
(1603, 2, 1, 1, 0, 1, 3, 7, 5, 'no', 0),
(1604, 2, 1, 1, 0, 1, 3, 8, 5, 'no', 0),
(1605, 2, 1, 1, 0, 1, 3, 9, 5, 'no', 0),
(1606, 2, 1, 2, 0, 1, 3, 1, 80, 'no', 0),
(1607, 2, 1, 2, 0, 1, 3, 6, 5, 'no', 0),
(1608, 2, 1, 2, 0, 1, 3, 7, 5, 'no', 0),
(1609, 2, 1, 2, 0, 1, 3, 8, 5, 'no', 0),
(1610, 2, 1, 2, 0, 1, 3, 9, 5, 'no', 0),
(1611, 2, 1, 3, 0, 1, 3, 1, 80, 'no', 0),
(1612, 2, 1, 3, 0, 1, 3, 6, 5, 'no', 0),
(1613, 2, 1, 3, 0, 1, 3, 7, 5, 'no', 0),
(1614, 2, 1, 3, 0, 1, 3, 8, 5, 'no', 0),
(1615, 2, 1, 3, 0, 1, 3, 9, 5, 'no', 0),
(1616, 2, 1, 4, 0, 1, 3, 1, 80, 'no', 0),
(1617, 2, 1, 4, 0, 1, 3, 6, 5, 'no', 0),
(1618, 2, 1, 4, 0, 1, 3, 7, 5, 'no', 0),
(1619, 2, 1, 4, 0, 1, 3, 8, 5, 'no', 0),
(1620, 2, 1, 4, 0, 1, 3, 9, 5, 'no', 0),
(1621, 2, 1, 5, 0, 1, 3, 1, 0, 'no', 0),
(1622, 2, 1, 6, 0, 1, 3, 1, 0, 'no', 0),
(1623, 2, 1, 7, 0, 1, 3, 1, 0, 'no', 0),
(1624, 2, 1, 8, 0, 1, 3, 1, 0, 'no', 0),
(1625, 2, 1, 9, 0, 1, 3, 1, 0, 'no', 0),
(1626, 1, 1, 1, 0, 1, 1, 1, 30, 'no', 0),
(1627, 1, 1, 1, 0, 1, 1, 2, 5, 'no', 0),
(1628, 1, 1, 1, 0, 1, 1, 3, 5, 'no', 0),
(1629, 1, 1, 1, 0, 1, 1, 4, 5, 'no', 0),
(1630, 1, 1, 1, 0, 1, 1, 5, 5, 'no', 0),
(1631, 1, 1, 2, 0, 1, 1, 1, 30, 'no', 0),
(1632, 1, 1, 2, 0, 1, 1, 2, 5, 'no', 0),
(1633, 1, 1, 2, 0, 1, 1, 3, 5, 'no', 0),
(1634, 1, 1, 2, 0, 1, 1, 4, 5, 'no', 0),
(1635, 1, 1, 2, 0, 1, 1, 5, 5, 'no', 0),
(1636, 1, 1, 3, 0, 1, 1, 1, 30, 'no', 0),
(1637, 1, 1, 3, 0, 1, 1, 2, 5, 'no', 0),
(1638, 1, 1, 3, 0, 1, 1, 3, 5, 'no', 0),
(1639, 1, 1, 3, 0, 1, 1, 4, 5, 'no', 0),
(1640, 1, 1, 3, 0, 1, 1, 5, 5, 'no', 0),
(1641, 1, 1, 4, 0, 1, 1, 1, 30, 'no', 0),
(1642, 1, 1, 4, 0, 1, 1, 2, 5, 'no', 0),
(1643, 1, 1, 4, 0, 1, 1, 3, 5, 'no', 0),
(1644, 1, 1, 4, 0, 1, 1, 4, 5, 'no', 0),
(1645, 1, 1, 4, 0, 1, 1, 5, 5, 'no', 0),
(1646, 1, 1, 5, 0, 1, 1, 1, 0, 'no', 0),
(1647, 1, 1, 6, 0, 1, 1, 1, 0, 'no', 0),
(1648, 1, 1, 7, 0, 1, 1, 1, 0, 'no', 0),
(1649, 1, 1, 8, 0, 1, 1, 1, 0, 'no', 0),
(1650, 1, 1, 9, 0, 1, 1, 1, 0, 'no', 0),
(1651, 1, 2, 1, 0, 1, 1, 1, 30, 'no', 0),
(1652, 1, 2, 1, 0, 1, 1, 2, 5, 'no', 0),
(1653, 1, 2, 1, 0, 1, 1, 3, 5, 'no', 0),
(1654, 1, 2, 1, 0, 1, 1, 4, 5, 'no', 0),
(1655, 1, 2, 1, 0, 1, 1, 5, 5, 'no', 0),
(1656, 1, 2, 2, 0, 1, 1, 1, 30, 'no', 0),
(1657, 1, 2, 2, 0, 1, 1, 2, 5, 'no', 0),
(1658, 1, 2, 2, 0, 1, 1, 3, 5, 'no', 0),
(1659, 1, 2, 2, 0, 1, 1, 4, 5, 'no', 0),
(1660, 1, 2, 2, 0, 1, 1, 5, 5, 'no', 0),
(1661, 1, 2, 3, 0, 1, 1, 1, 30, 'no', 0),
(1662, 1, 2, 3, 0, 1, 1, 2, 5, 'no', 0),
(1663, 1, 2, 3, 0, 1, 1, 3, 5, 'no', 0),
(1664, 1, 2, 3, 0, 1, 1, 4, 5, 'no', 0),
(1665, 1, 2, 3, 0, 1, 1, 5, 5, 'no', 0),
(1666, 1, 2, 4, 0, 1, 1, 1, 30, 'no', 0),
(1667, 1, 2, 4, 0, 1, 1, 2, 5, 'no', 0),
(1668, 1, 2, 4, 0, 1, 1, 3, 5, 'no', 0),
(1669, 1, 2, 4, 0, 1, 1, 4, 5, 'no', 0),
(1670, 1, 2, 4, 0, 1, 1, 5, 5, 'no', 0),
(1671, 1, 2, 5, 0, 1, 1, 1, 0, 'no', 0),
(1672, 1, 2, 6, 0, 1, 1, 1, 0, 'no', 0),
(1673, 1, 2, 7, 0, 1, 1, 1, 0, 'no', 0),
(1674, 1, 2, 8, 0, 1, 1, 1, 0, 'no', 0),
(1675, 1, 2, 9, 0, 1, 1, 1, 0, 'no', 0),
(1676, 2, 1, 1, 0, 1, 1, 1, 30, 'no', 0),
(1677, 2, 1, 1, 0, 1, 1, 2, 5, 'no', 0),
(1678, 2, 1, 1, 0, 1, 1, 3, 5, 'no', 0),
(1679, 2, 1, 1, 0, 1, 1, 4, 5, 'no', 0),
(1680, 2, 1, 1, 0, 1, 1, 5, 5, 'no', 0),
(1681, 2, 1, 2, 0, 1, 1, 1, 30, 'no', 0),
(1682, 2, 1, 2, 0, 1, 1, 2, 5, 'no', 0),
(1683, 2, 1, 2, 0, 1, 1, 3, 5, 'no', 0),
(1684, 2, 1, 2, 0, 1, 1, 4, 5, 'no', 0),
(1685, 2, 1, 2, 0, 1, 1, 5, 5, 'no', 0),
(1686, 2, 1, 3, 0, 1, 1, 1, 30, 'no', 0),
(1687, 2, 1, 3, 0, 1, 1, 2, 5, 'no', 0),
(1688, 2, 1, 3, 0, 1, 1, 3, 5, 'no', 0),
(1689, 2, 1, 3, 0, 1, 1, 4, 5, 'no', 0),
(1690, 2, 1, 3, 0, 1, 1, 5, 5, 'no', 0),
(1691, 2, 1, 4, 0, 1, 1, 1, 30, 'no', 0),
(1692, 2, 1, 4, 0, 1, 1, 2, 5, 'no', 0),
(1693, 2, 1, 4, 0, 1, 1, 3, 5, 'no', 0),
(1694, 2, 1, 4, 0, 1, 1, 4, 5, 'no', 0),
(1695, 2, 1, 4, 0, 1, 1, 5, 5, 'no', 0),
(1696, 2, 1, 5, 0, 1, 1, 1, 0, 'no', 0),
(1697, 2, 1, 6, 0, 1, 1, 1, 0, 'no', 0),
(1698, 2, 1, 7, 0, 1, 1, 1, 0, 'no', 0),
(1699, 2, 1, 8, 0, 1, 1, 1, 0, 'no', 0),
(1700, 2, 1, 9, 0, 1, 1, 1, 0, 'no', 0),
(1701, 2, 2, 1, 0, 1, 1, 1, 30, 'no', 0),
(1702, 2, 2, 1, 0, 1, 1, 2, 5, 'no', 0),
(1703, 2, 2, 1, 0, 1, 1, 3, 5, 'no', 0),
(1704, 2, 2, 1, 0, 1, 1, 4, 5, 'no', 0),
(1705, 2, 2, 1, 0, 1, 1, 5, 5, 'no', 0),
(1706, 2, 2, 2, 0, 1, 1, 1, 30, 'no', 0),
(1707, 2, 2, 2, 0, 1, 1, 2, 5, 'no', 0),
(1708, 2, 2, 2, 0, 1, 1, 3, 5, 'no', 0),
(1709, 2, 2, 2, 0, 1, 1, 4, 5, 'no', 0),
(1710, 2, 2, 2, 0, 1, 1, 5, 5, 'no', 0),
(1711, 2, 2, 3, 0, 1, 1, 1, 30, 'no', 0),
(1712, 2, 2, 3, 0, 1, 1, 2, 5, 'no', 0),
(1713, 2, 2, 3, 0, 1, 1, 3, 5, 'no', 0),
(1714, 2, 2, 3, 0, 1, 1, 4, 5, 'no', 0),
(1715, 2, 2, 3, 0, 1, 1, 5, 5, 'no', 0),
(1716, 2, 2, 4, 0, 1, 1, 1, 30, 'no', 0),
(1717, 2, 2, 4, 0, 1, 1, 2, 5, 'no', 0),
(1718, 2, 2, 4, 0, 1, 1, 3, 5, 'no', 0),
(1719, 2, 2, 4, 0, 1, 1, 4, 5, 'no', 0),
(1720, 2, 2, 4, 0, 1, 1, 5, 5, 'no', 0),
(1721, 2, 2, 5, 0, 1, 1, 1, 0, 'no', 0),
(1722, 2, 2, 6, 0, 1, 1, 1, 0, 'no', 0),
(1723, 2, 2, 7, 0, 1, 1, 1, 0, 'no', 0),
(1724, 2, 2, 8, 0, 1, 1, 1, 0, 'no', 0),
(1725, 2, 2, 9, 0, 1, 1, 1, 0, 'no', 0),
(1726, 3, 1, 1, 0, 1, 1, 1, 30, 'no', 0),
(1727, 3, 1, 1, 0, 1, 1, 2, 5, 'no', 0),
(1728, 3, 1, 1, 0, 1, 1, 3, 5, 'no', 0),
(1729, 3, 1, 1, 0, 1, 1, 4, 5, 'no', 0),
(1730, 3, 1, 1, 0, 1, 1, 5, 5, 'no', 0),
(1731, 3, 1, 2, 0, 1, 1, 1, 30, 'no', 0),
(1732, 3, 1, 2, 0, 1, 1, 2, 5, 'no', 0),
(1733, 3, 1, 2, 0, 1, 1, 3, 5, 'no', 0),
(1734, 3, 1, 2, 0, 1, 1, 4, 5, 'no', 0),
(1735, 3, 1, 2, 0, 1, 1, 5, 5, 'no', 0),
(1736, 3, 1, 3, 0, 1, 1, 1, 30, 'no', 0),
(1737, 3, 1, 3, 0, 1, 1, 2, 5, 'no', 0),
(1738, 3, 1, 3, 0, 1, 1, 3, 5, 'no', 0),
(1739, 3, 1, 3, 0, 1, 1, 4, 5, 'no', 0),
(1740, 3, 1, 3, 0, 1, 1, 5, 5, 'no', 0),
(1741, 3, 1, 5, 0, 1, 1, 1, 0, 'no', 0),
(1742, 3, 1, 6, 0, 1, 1, 1, 0, 'no', 0),
(1743, 3, 1, 7, 0, 1, 1, 1, 0, 'no', 0),
(1744, 3, 1, 8, 0, 1, 1, 1, 0, 'no', 0),
(1745, 3, 1, 9, 0, 1, 1, 1, 0, 'no', 0),
(1746, 3, 1, 10, 0, 1, 1, 1, 30, 'no', 0),
(1747, 3, 1, 10, 0, 1, 1, 2, 5, 'no', 0),
(1748, 3, 1, 10, 0, 1, 1, 3, 5, 'no', 0),
(1749, 3, 1, 10, 0, 1, 1, 4, 5, 'no', 0),
(1750, 3, 1, 10, 0, 1, 1, 5, 5, 'no', 0),
(1751, 3, 1, 11, 0, 1, 1, 1, 30, 'no', 0),
(1752, 3, 1, 11, 0, 1, 1, 2, 5, 'no', 0),
(1753, 3, 1, 11, 0, 1, 1, 3, 5, 'no', 0),
(1754, 3, 1, 11, 0, 1, 1, 4, 5, 'no', 0),
(1755, 3, 1, 11, 0, 1, 1, 5, 5, 'no', 0),
(1756, 3, 2, 1, 0, 1, 1, 1, 30, 'no', 0),
(1757, 3, 2, 1, 0, 1, 1, 2, 5, 'no', 0),
(1758, 3, 2, 1, 0, 1, 1, 3, 5, 'no', 0),
(1759, 3, 2, 1, 0, 1, 1, 4, 5, 'no', 0),
(1760, 3, 2, 1, 0, 1, 1, 5, 5, 'no', 0),
(1761, 3, 2, 2, 0, 1, 1, 1, 30, 'no', 0),
(1762, 3, 2, 2, 0, 1, 1, 2, 5, 'no', 0),
(1763, 3, 2, 2, 0, 1, 1, 3, 5, 'no', 0),
(1764, 3, 2, 2, 0, 1, 1, 4, 5, 'no', 0),
(1765, 3, 2, 2, 0, 1, 1, 5, 5, 'no', 0),
(1766, 3, 2, 3, 0, 1, 1, 1, 30, 'no', 0),
(1767, 3, 2, 3, 0, 1, 1, 2, 5, 'no', 0),
(1768, 3, 2, 3, 0, 1, 1, 3, 5, 'no', 0),
(1769, 3, 2, 3, 0, 1, 1, 4, 5, 'no', 0),
(1770, 3, 2, 3, 0, 1, 1, 5, 5, 'no', 0),
(1771, 3, 2, 5, 0, 1, 1, 1, 0, 'no', 0),
(1772, 3, 2, 6, 0, 1, 1, 1, 0, 'no', 0),
(1773, 3, 2, 7, 0, 1, 1, 1, 0, 'no', 0),
(1774, 3, 2, 8, 0, 1, 1, 1, 0, 'no', 0),
(1775, 3, 2, 9, 0, 1, 1, 1, 0, 'no', 0),
(1776, 3, 2, 10, 0, 1, 1, 1, 30, 'no', 0),
(1777, 3, 2, 10, 0, 1, 1, 2, 5, 'no', 0),
(1778, 3, 2, 10, 0, 1, 1, 3, 5, 'no', 0),
(1779, 3, 2, 10, 0, 1, 1, 4, 5, 'no', 0),
(1780, 3, 2, 10, 0, 1, 1, 5, 5, 'no', 0),
(1781, 3, 2, 11, 0, 1, 1, 1, 30, 'no', 0),
(1782, 3, 2, 11, 0, 1, 1, 2, 5, 'no', 0),
(1783, 3, 2, 11, 0, 1, 1, 3, 5, 'no', 0),
(1784, 3, 2, 11, 0, 1, 1, 4, 5, 'no', 0),
(1785, 3, 2, 11, 0, 1, 1, 5, 5, 'no', 0),
(1786, 4, 1, 1, 0, 1, 1, 1, 30, 'no', 0),
(1787, 4, 1, 1, 0, 1, 1, 2, 5, 'no', 0),
(1788, 4, 1, 1, 0, 1, 1, 3, 5, 'no', 0),
(1789, 4, 1, 1, 0, 1, 1, 4, 5, 'no', 0),
(1790, 4, 1, 1, 0, 1, 1, 5, 5, 'no', 0),
(1791, 4, 1, 2, 0, 1, 1, 1, 30, 'no', 0),
(1792, 4, 1, 2, 0, 1, 1, 2, 5, 'no', 0),
(1793, 4, 1, 2, 0, 1, 1, 3, 5, 'no', 0),
(1794, 4, 1, 2, 0, 1, 1, 4, 5, 'no', 0),
(1795, 4, 1, 2, 0, 1, 1, 5, 5, 'no', 0),
(1796, 4, 1, 3, 0, 1, 1, 1, 30, 'no', 0),
(1797, 4, 1, 3, 0, 1, 1, 2, 5, 'no', 0),
(1798, 4, 1, 3, 0, 1, 1, 3, 5, 'no', 0),
(1799, 4, 1, 3, 0, 1, 1, 4, 5, 'no', 0),
(1800, 4, 1, 3, 0, 1, 1, 5, 5, 'no', 0),
(1801, 4, 1, 5, 0, 1, 1, 1, 0, 'no', 0),
(1802, 4, 1, 6, 0, 1, 1, 1, 0, 'no', 0),
(1803, 4, 1, 7, 0, 1, 1, 1, 0, 'no', 0),
(1804, 4, 1, 8, 0, 1, 1, 1, 0, 'no', 0),
(1805, 4, 1, 9, 0, 1, 1, 1, 0, 'no', 0),
(1806, 4, 1, 10, 0, 1, 1, 1, 30, 'no', 0),
(1807, 4, 1, 10, 0, 1, 1, 2, 5, 'no', 0),
(1808, 4, 1, 10, 0, 1, 1, 3, 5, 'no', 0),
(1809, 4, 1, 10, 0, 1, 1, 4, 5, 'no', 0),
(1810, 4, 1, 10, 0, 1, 1, 5, 5, 'no', 0),
(1811, 4, 1, 11, 0, 1, 1, 1, 30, 'no', 0),
(1812, 4, 1, 11, 0, 1, 1, 2, 5, 'no', 0),
(1813, 4, 1, 11, 0, 1, 1, 3, 5, 'no', 0),
(1814, 4, 1, 11, 0, 1, 1, 4, 5, 'no', 0),
(1815, 4, 1, 11, 0, 1, 1, 5, 5, 'no', 0),
(1816, 4, 2, 1, 0, 1, 1, 1, 30, 'no', 0),
(1817, 4, 2, 1, 0, 1, 1, 2, 5, 'no', 0),
(1818, 4, 2, 1, 0, 1, 1, 3, 5, 'no', 0),
(1819, 4, 2, 1, 0, 1, 1, 4, 5, 'no', 0),
(1820, 4, 2, 1, 0, 1, 1, 5, 5, 'no', 0),
(1821, 4, 2, 2, 0, 1, 1, 1, 30, 'no', 0),
(1822, 4, 2, 2, 0, 1, 1, 2, 5, 'no', 0),
(1823, 4, 2, 2, 0, 1, 1, 3, 5, 'no', 0),
(1824, 4, 2, 2, 0, 1, 1, 4, 5, 'no', 0),
(1825, 4, 2, 2, 0, 1, 1, 5, 5, 'no', 0),
(1826, 4, 2, 3, 0, 1, 1, 1, 30, 'no', 0),
(1827, 4, 2, 3, 0, 1, 1, 2, 5, 'no', 0),
(1828, 4, 2, 3, 0, 1, 1, 3, 5, 'no', 0),
(1829, 4, 2, 3, 0, 1, 1, 4, 5, 'no', 0),
(1830, 4, 2, 3, 0, 1, 1, 5, 5, 'no', 0),
(1831, 4, 2, 5, 0, 1, 1, 1, 0, 'no', 0),
(1832, 4, 2, 6, 0, 1, 1, 1, 0, 'no', 0),
(1833, 4, 2, 7, 0, 1, 1, 1, 0, 'no', 0),
(1834, 4, 2, 8, 0, 1, 1, 1, 0, 'no', 0),
(1835, 4, 2, 9, 0, 1, 1, 1, 0, 'no', 0),
(1836, 4, 2, 10, 0, 1, 1, 1, 30, 'no', 0),
(1837, 4, 2, 10, 0, 1, 1, 2, 5, 'no', 0),
(1838, 4, 2, 10, 0, 1, 1, 3, 5, 'no', 0),
(1839, 4, 2, 10, 0, 1, 1, 4, 5, 'no', 0),
(1840, 4, 2, 10, 0, 1, 1, 5, 5, 'no', 0),
(1841, 4, 2, 11, 0, 1, 1, 1, 30, 'no', 0),
(1842, 4, 2, 11, 0, 1, 1, 2, 5, 'no', 0),
(1843, 4, 2, 11, 0, 1, 1, 3, 5, 'no', 0),
(1844, 4, 2, 11, 0, 1, 1, 4, 5, 'no', 0),
(1845, 4, 2, 11, 0, 1, 1, 5, 5, 'no', 0),
(1846, 5, 1, 1, 0, 1, 1, 1, 30, 'no', 0),
(1847, 5, 1, 1, 0, 1, 1, 2, 5, 'no', 0),
(1848, 5, 1, 1, 0, 1, 1, 3, 5, 'no', 0),
(1849, 5, 1, 1, 0, 1, 1, 4, 5, 'no', 0),
(1850, 5, 1, 1, 0, 1, 1, 5, 5, 'no', 0),
(1851, 5, 1, 2, 0, 1, 1, 1, 30, 'no', 0),
(1852, 5, 1, 2, 0, 1, 1, 2, 5, 'no', 0),
(1853, 5, 1, 2, 0, 1, 1, 3, 5, 'no', 0),
(1854, 5, 1, 2, 0, 1, 1, 4, 5, 'no', 0),
(1855, 5, 1, 2, 0, 1, 1, 5, 5, 'no', 0),
(1856, 5, 1, 3, 0, 1, 1, 1, 30, 'no', 0),
(1857, 5, 1, 3, 0, 1, 1, 2, 5, 'no', 0),
(1858, 5, 1, 3, 0, 1, 1, 3, 5, 'no', 0),
(1859, 5, 1, 3, 0, 1, 1, 4, 5, 'no', 0),
(1860, 5, 1, 3, 0, 1, 1, 5, 5, 'no', 0),
(1861, 5, 1, 5, 0, 1, 1, 1, 0, 'no', 0),
(1862, 5, 1, 6, 0, 1, 1, 1, 0, 'no', 0),
(1863, 5, 1, 7, 0, 1, 1, 1, 0, 'no', 0),
(1864, 5, 1, 8, 0, 1, 1, 1, 0, 'no', 0),
(1865, 5, 1, 9, 0, 1, 1, 1, 0, 'no', 0),
(1866, 5, 1, 10, 0, 1, 1, 1, 30, 'no', 0),
(1867, 5, 1, 10, 0, 1, 1, 2, 5, 'no', 0),
(1868, 5, 1, 10, 0, 1, 1, 3, 5, 'no', 0),
(1869, 5, 1, 10, 0, 1, 1, 4, 5, 'no', 0),
(1870, 5, 1, 10, 0, 1, 1, 5, 5, 'no', 0),
(1871, 5, 1, 11, 0, 1, 1, 1, 30, 'no', 0),
(1872, 5, 1, 11, 0, 1, 1, 2, 5, 'no', 0),
(1873, 5, 1, 11, 0, 1, 1, 3, 5, 'no', 0),
(1874, 5, 1, 11, 0, 1, 1, 4, 5, 'no', 0),
(1875, 5, 1, 11, 0, 1, 1, 5, 5, 'no', 0),
(1876, 5, 2, 1, 0, 1, 1, 1, 30, 'no', 0),
(1877, 5, 2, 1, 0, 1, 1, 2, 5, 'no', 0),
(1878, 5, 2, 1, 0, 1, 1, 3, 5, 'no', 0),
(1879, 5, 2, 1, 0, 1, 1, 4, 5, 'no', 0),
(1880, 5, 2, 1, 0, 1, 1, 5, 5, 'no', 0),
(1881, 5, 2, 2, 0, 1, 1, 1, 30, 'no', 0),
(1882, 5, 2, 2, 0, 1, 1, 2, 5, 'no', 0),
(1883, 5, 2, 2, 0, 1, 1, 3, 5, 'no', 0),
(1884, 5, 2, 2, 0, 1, 1, 4, 5, 'no', 0),
(1885, 5, 2, 2, 0, 1, 1, 5, 5, 'no', 0),
(1886, 5, 2, 3, 0, 1, 1, 1, 30, 'no', 0),
(1887, 5, 2, 3, 0, 1, 1, 2, 5, 'no', 0),
(1888, 5, 2, 3, 0, 1, 1, 3, 5, 'no', 0),
(1889, 5, 2, 3, 0, 1, 1, 4, 5, 'no', 0),
(1890, 5, 2, 3, 0, 1, 1, 5, 5, 'no', 0),
(1891, 5, 2, 5, 0, 1, 1, 1, 0, 'no', 0),
(1892, 5, 2, 6, 0, 1, 1, 1, 0, 'no', 0),
(1893, 5, 2, 7, 0, 1, 1, 1, 0, 'no', 0),
(1894, 5, 2, 8, 0, 1, 1, 1, 0, 'no', 0),
(1895, 5, 2, 9, 0, 1, 1, 1, 0, 'no', 0),
(1896, 5, 2, 10, 0, 1, 1, 1, 30, 'no', 0),
(1897, 5, 2, 10, 0, 1, 1, 2, 5, 'no', 0),
(1898, 5, 2, 10, 0, 1, 1, 3, 5, 'no', 0),
(1899, 5, 2, 10, 0, 1, 1, 4, 5, 'no', 0),
(1900, 5, 2, 10, 0, 1, 1, 5, 5, 'no', 0),
(1901, 5, 2, 11, 0, 1, 1, 1, 30, 'no', 0),
(1902, 5, 2, 11, 0, 1, 1, 2, 5, 'no', 0),
(1903, 5, 2, 11, 0, 1, 1, 3, 5, 'no', 0),
(1904, 5, 2, 11, 0, 1, 1, 4, 5, 'no', 0),
(1905, 5, 2, 11, 0, 1, 1, 5, 5, 'no', 0),
(1906, 6, 1, 1, 0, 1, 1, 1, 30, 'no', 0),
(1907, 6, 1, 1, 0, 1, 1, 2, 5, 'no', 0),
(1908, 6, 1, 1, 0, 1, 1, 3, 5, 'no', 0),
(1909, 6, 1, 1, 0, 1, 1, 4, 5, 'no', 0),
(1910, 6, 1, 1, 0, 1, 1, 5, 5, 'no', 0),
(1911, 6, 1, 2, 0, 1, 1, 1, 30, 'no', 0),
(1912, 6, 1, 2, 0, 1, 1, 2, 5, 'no', 0),
(1913, 6, 1, 2, 0, 1, 1, 3, 5, 'no', 0),
(1914, 6, 1, 2, 0, 1, 1, 4, 5, 'no', 0),
(1915, 6, 1, 2, 0, 1, 1, 5, 5, 'no', 0),
(1916, 6, 1, 3, 0, 1, 1, 1, 30, 'no', 0),
(1917, 6, 1, 3, 0, 1, 1, 2, 5, 'no', 0),
(1918, 6, 1, 3, 0, 1, 1, 3, 5, 'no', 0),
(1919, 6, 1, 3, 0, 1, 1, 4, 5, 'no', 0),
(1920, 6, 1, 3, 0, 1, 1, 5, 5, 'no', 0),
(1921, 6, 1, 5, 0, 1, 1, 1, 0, 'no', 0),
(1922, 6, 1, 6, 0, 1, 1, 1, 0, 'no', 0),
(1923, 6, 1, 7, 0, 1, 1, 1, 0, 'no', 0),
(1924, 6, 1, 8, 0, 1, 1, 1, 0, 'no', 0),
(1925, 6, 1, 9, 0, 1, 1, 1, 0, 'no', 0),
(1926, 6, 1, 10, 0, 1, 1, 1, 30, 'no', 0),
(1927, 6, 1, 10, 0, 1, 1, 2, 5, 'no', 0),
(1928, 6, 1, 10, 0, 1, 1, 3, 5, 'no', 0),
(1929, 6, 1, 10, 0, 1, 1, 4, 5, 'no', 0),
(1930, 6, 1, 10, 0, 1, 1, 5, 5, 'no', 0),
(1931, 6, 1, 11, 0, 1, 1, 1, 30, 'no', 0),
(1932, 6, 1, 11, 0, 1, 1, 2, 5, 'no', 0),
(1933, 6, 1, 11, 0, 1, 1, 3, 5, 'no', 0),
(1934, 6, 1, 11, 0, 1, 1, 4, 5, 'no', 0),
(1935, 6, 1, 11, 0, 1, 1, 5, 5, 'no', 0),
(1936, 6, 1, 12, 0, 1, 1, 1, 30, 'no', 0),
(1937, 6, 1, 12, 0, 1, 1, 2, 5, 'no', 0),
(1938, 6, 1, 12, 0, 1, 1, 3, 5, 'no', 0),
(1939, 6, 1, 12, 0, 1, 1, 4, 5, 'no', 0),
(1940, 6, 1, 12, 0, 1, 1, 5, 5, 'no', 0),
(1941, 6, 1, 13, 0, 1, 1, 1, 0, 'no', 0),
(1942, 6, 1, 13, 0, 1, 1, 2, 0, 'no', 0),
(1943, 6, 1, 13, 0, 1, 1, 3, 0, 'no', 0),
(1944, 6, 1, 13, 0, 1, 1, 4, 0, 'no', 0),
(1945, 6, 1, 13, 0, 1, 1, 5, 0, 'no', 0),
(1946, 6, 2, 1, 0, 1, 1, 1, 30, 'no', 0),
(1947, 6, 2, 1, 0, 1, 1, 2, 5, 'no', 0),
(1948, 6, 2, 1, 0, 1, 1, 3, 5, 'no', 0),
(1949, 6, 2, 1, 0, 1, 1, 4, 5, 'no', 0),
(1950, 6, 2, 1, 0, 1, 1, 5, 5, 'no', 0),
(1951, 6, 2, 2, 0, 1, 1, 1, 30, 'no', 0),
(1952, 6, 2, 2, 0, 1, 1, 2, 5, 'no', 0),
(1953, 6, 2, 2, 0, 1, 1, 3, 5, 'no', 0),
(1954, 6, 2, 2, 0, 1, 1, 4, 5, 'no', 0),
(1955, 6, 2, 2, 0, 1, 1, 5, 5, 'no', 0),
(1956, 6, 2, 3, 0, 1, 1, 1, 30, 'no', 0),
(1957, 6, 2, 3, 0, 1, 1, 2, 5, 'no', 0),
(1958, 6, 2, 3, 0, 1, 1, 3, 5, 'no', 0),
(1959, 6, 2, 3, 0, 1, 1, 4, 5, 'no', 0),
(1960, 6, 2, 3, 0, 1, 1, 5, 5, 'no', 0),
(1961, 6, 2, 5, 0, 1, 1, 1, 0, 'no', 0),
(1962, 6, 2, 6, 0, 1, 1, 1, 0, 'no', 0),
(1963, 6, 2, 7, 0, 1, 1, 1, 0, 'no', 0),
(1964, 6, 2, 8, 0, 1, 1, 1, 0, 'no', 0),
(1965, 6, 2, 9, 0, 1, 1, 1, 0, 'no', 0),
(1966, 6, 2, 10, 0, 1, 1, 1, 30, 'no', 0),
(1967, 6, 2, 10, 0, 1, 1, 2, 5, 'no', 0),
(1968, 6, 2, 10, 0, 1, 1, 3, 5, 'no', 0),
(1969, 6, 2, 10, 0, 1, 1, 4, 5, 'no', 0),
(1970, 6, 2, 10, 0, 1, 1, 5, 5, 'no', 0),
(1971, 6, 2, 11, 0, 1, 1, 1, 30, 'no', 0),
(1972, 6, 2, 11, 0, 1, 1, 2, 5, 'no', 0),
(1973, 6, 2, 11, 0, 1, 1, 3, 5, 'no', 0),
(1974, 6, 2, 11, 0, 1, 1, 4, 5, 'no', 0),
(1975, 6, 2, 11, 0, 1, 1, 5, 5, 'no', 0),
(1976, 6, 2, 12, 0, 1, 1, 1, 30, 'no', 0),
(1977, 6, 2, 12, 0, 1, 1, 2, 5, 'no', 0),
(1978, 6, 2, 12, 0, 1, 1, 3, 5, 'no', 0),
(1979, 6, 2, 12, 0, 1, 1, 4, 5, 'no', 0),
(1980, 6, 2, 12, 0, 1, 1, 5, 5, 'no', 0),
(1981, 6, 2, 13, 0, 1, 1, 1, 0, 'no', 0),
(1982, 6, 2, 13, 0, 1, 1, 2, 0, 'no', 0),
(1983, 6, 2, 13, 0, 1, 1, 3, 0, 'no', 0),
(1984, 6, 2, 13, 0, 1, 1, 4, 0, 'no', 0),
(1985, 6, 2, 13, 0, 1, 1, 5, 0, 'no', 0),
(1986, 7, 1, 1, 0, 1, 1, 1, 30, 'no', 0),
(1987, 7, 1, 1, 0, 1, 1, 2, 5, 'no', 0),
(1988, 7, 1, 1, 0, 1, 1, 3, 5, 'no', 0),
(1989, 7, 1, 1, 0, 1, 1, 4, 5, 'no', 0),
(1990, 7, 1, 1, 0, 1, 1, 5, 5, 'no', 0),
(1991, 7, 1, 2, 0, 1, 1, 1, 30, 'no', 0),
(1992, 7, 1, 2, 0, 1, 1, 2, 5, 'no', 0),
(1993, 7, 1, 2, 0, 1, 1, 3, 5, 'no', 0),
(1994, 7, 1, 2, 0, 1, 1, 4, 5, 'no', 0),
(1995, 7, 1, 2, 0, 1, 1, 5, 5, 'no', 0),
(1996, 7, 1, 3, 0, 1, 1, 1, 30, 'no', 0),
(1997, 7, 1, 3, 0, 1, 1, 2, 5, 'no', 0),
(1998, 7, 1, 3, 0, 1, 1, 3, 5, 'no', 0),
(1999, 7, 1, 3, 0, 1, 1, 4, 5, 'no', 0),
(2000, 7, 1, 3, 0, 1, 1, 5, 5, 'no', 0),
(2001, 7, 1, 5, 0, 1, 1, 1, 0, 'no', 0),
(2002, 7, 1, 6, 0, 1, 1, 1, 0, 'no', 0),
(2003, 7, 1, 7, 0, 1, 1, 1, 0, 'no', 0),
(2004, 7, 1, 8, 0, 1, 1, 1, 0, 'no', 0),
(2005, 7, 1, 9, 0, 1, 1, 1, 0, 'no', 0),
(2006, 7, 1, 10, 0, 1, 1, 1, 30, 'no', 0),
(2007, 7, 1, 10, 0, 1, 1, 2, 5, 'no', 0),
(2008, 7, 1, 10, 0, 1, 1, 3, 5, 'no', 0),
(2009, 7, 1, 10, 0, 1, 1, 4, 5, 'no', 0),
(2010, 7, 1, 10, 0, 1, 1, 5, 5, 'no', 0),
(2011, 7, 1, 11, 0, 1, 1, 1, 30, 'no', 0),
(2012, 7, 1, 11, 0, 1, 1, 2, 5, 'no', 0),
(2013, 7, 1, 11, 0, 1, 1, 3, 5, 'no', 0),
(2014, 7, 1, 11, 0, 1, 1, 4, 5, 'no', 0),
(2015, 7, 1, 11, 0, 1, 1, 5, 5, 'no', 0),
(2016, 7, 1, 12, 0, 1, 1, 1, 30, 'no', 0),
(2017, 7, 1, 12, 0, 1, 1, 2, 5, 'no', 0),
(2018, 7, 1, 12, 0, 1, 1, 3, 5, 'no', 0),
(2019, 7, 1, 12, 0, 1, 1, 4, 5, 'no', 0),
(2020, 7, 1, 12, 0, 1, 1, 5, 5, 'no', 0),
(2021, 7, 1, 13, 0, 1, 1, 1, 0, 'no', 0),
(2022, 7, 1, 13, 0, 1, 1, 2, 0, 'no', 0),
(2023, 7, 1, 13, 0, 1, 1, 3, 0, 'no', 0),
(2024, 7, 1, 13, 0, 1, 1, 4, 0, 'no', 0),
(2025, 7, 1, 13, 0, 1, 1, 5, 0, 'no', 0),
(2026, 7, 2, 1, 0, 1, 1, 1, 30, 'no', 0),
(2027, 7, 2, 1, 0, 1, 1, 2, 5, 'no', 0),
(2028, 7, 2, 1, 0, 1, 1, 3, 5, 'no', 0),
(2029, 7, 2, 1, 0, 1, 1, 4, 5, 'no', 0),
(2030, 7, 2, 1, 0, 1, 1, 5, 5, 'no', 0),
(2031, 7, 2, 2, 0, 1, 1, 1, 30, 'no', 0),
(2032, 7, 2, 2, 0, 1, 1, 2, 5, 'no', 0),
(2033, 7, 2, 2, 0, 1, 1, 3, 5, 'no', 0),
(2034, 7, 2, 2, 0, 1, 1, 4, 5, 'no', 0),
(2035, 7, 2, 2, 0, 1, 1, 5, 5, 'no', 0),
(2036, 7, 2, 3, 0, 1, 1, 1, 30, 'no', 0),
(2037, 7, 2, 3, 0, 1, 1, 2, 5, 'no', 0),
(2038, 7, 2, 3, 0, 1, 1, 3, 5, 'no', 0),
(2039, 7, 2, 3, 0, 1, 1, 4, 5, 'no', 0),
(2040, 7, 2, 3, 0, 1, 1, 5, 5, 'no', 0),
(2041, 7, 2, 5, 0, 1, 1, 1, 0, 'no', 0),
(2042, 7, 2, 6, 0, 1, 1, 1, 0, 'no', 0),
(2043, 7, 2, 7, 0, 1, 1, 1, 0, 'no', 0),
(2044, 7, 2, 8, 0, 1, 1, 1, 0, 'no', 0),
(2045, 7, 2, 9, 0, 1, 1, 1, 0, 'no', 0),
(2046, 7, 2, 10, 0, 1, 1, 1, 30, 'no', 0),
(2047, 7, 2, 10, 0, 1, 1, 2, 5, 'no', 0),
(2048, 7, 2, 10, 0, 1, 1, 3, 5, 'no', 0),
(2049, 7, 2, 10, 0, 1, 1, 4, 5, 'no', 0),
(2050, 7, 2, 10, 0, 1, 1, 5, 5, 'no', 0),
(2051, 7, 2, 11, 0, 1, 1, 1, 30, 'no', 0),
(2052, 7, 2, 11, 0, 1, 1, 2, 5, 'no', 0),
(2053, 7, 2, 11, 0, 1, 1, 3, 5, 'no', 0),
(2054, 7, 2, 11, 0, 1, 1, 4, 5, 'no', 0),
(2055, 7, 2, 11, 0, 1, 1, 5, 5, 'no', 0),
(2056, 7, 2, 12, 0, 1, 1, 1, 30, 'no', 0),
(2057, 7, 2, 12, 0, 1, 1, 2, 5, 'no', 0),
(2058, 7, 2, 12, 0, 1, 1, 3, 5, 'no', 0),
(2059, 7, 2, 12, 0, 1, 1, 4, 5, 'no', 0),
(2060, 7, 2, 12, 0, 1, 1, 5, 5, 'no', 0),
(2061, 7, 2, 13, 0, 1, 1, 1, 0, 'no', 0),
(2062, 7, 2, 13, 0, 1, 1, 2, 0, 'no', 0),
(2063, 7, 2, 13, 0, 1, 1, 3, 0, 'no', 0),
(2064, 7, 2, 13, 0, 1, 1, 4, 0, 'no', 0),
(2065, 7, 2, 13, 0, 1, 1, 5, 0, 'no', 0),
(2066, 8, 1, 1, 0, 1, 1, 1, 30, 'no', 0),
(2067, 8, 1, 1, 0, 1, 1, 2, 5, 'no', 0),
(2068, 8, 1, 1, 0, 1, 1, 3, 5, 'no', 0),
(2069, 8, 1, 1, 0, 1, 1, 4, 5, 'no', 0),
(2070, 8, 1, 1, 0, 1, 1, 5, 5, 'no', 0),
(2071, 8, 1, 2, 0, 1, 1, 1, 30, 'no', 0),
(2072, 8, 1, 2, 0, 1, 1, 2, 5, 'no', 0),
(2073, 8, 1, 2, 0, 1, 1, 3, 5, 'no', 0),
(2074, 8, 1, 2, 0, 1, 1, 4, 5, 'no', 0),
(2075, 8, 1, 2, 0, 1, 1, 5, 5, 'no', 0),
(2076, 8, 1, 3, 0, 1, 1, 1, 30, 'no', 0),
(2077, 8, 1, 3, 0, 1, 1, 2, 5, 'no', 0),
(2078, 8, 1, 3, 0, 1, 1, 3, 5, 'no', 0),
(2079, 8, 1, 3, 0, 1, 1, 4, 5, 'no', 0),
(2080, 8, 1, 3, 0, 1, 1, 5, 5, 'no', 0),
(2081, 8, 1, 5, 0, 1, 1, 1, 0, 'no', 0),
(2082, 8, 1, 6, 0, 1, 1, 1, 0, 'no', 0),
(2083, 8, 1, 7, 0, 1, 1, 1, 0, 'no', 0),
(2084, 8, 1, 8, 0, 1, 1, 1, 0, 'no', 0),
(2085, 8, 1, 9, 0, 1, 1, 1, 0, 'no', 0),
(2086, 8, 1, 10, 0, 1, 1, 1, 30, 'no', 0),
(2087, 8, 1, 10, 0, 1, 1, 2, 5, 'no', 0),
(2088, 8, 1, 10, 0, 1, 1, 3, 5, 'no', 0),
(2089, 8, 1, 10, 0, 1, 1, 4, 5, 'no', 0),
(2090, 8, 1, 10, 0, 1, 1, 5, 5, 'no', 0),
(2091, 8, 1, 11, 0, 1, 1, 1, 30, 'no', 0),
(2092, 8, 1, 11, 0, 1, 1, 2, 5, 'no', 0),
(2093, 8, 1, 11, 0, 1, 1, 3, 5, 'no', 0),
(2094, 8, 1, 11, 0, 1, 1, 4, 5, 'no', 0),
(2095, 8, 1, 11, 0, 1, 1, 5, 5, 'no', 0),
(2096, 8, 1, 12, 0, 1, 1, 1, 30, 'no', 0),
(2097, 8, 1, 12, 0, 1, 1, 2, 5, 'no', 0),
(2098, 8, 1, 12, 0, 1, 1, 3, 5, 'no', 0),
(2099, 8, 1, 12, 0, 1, 1, 4, 5, 'no', 0),
(2100, 8, 1, 12, 0, 1, 1, 5, 5, 'no', 0),
(2101, 8, 1, 13, 0, 1, 1, 1, 0, 'no', 0),
(2102, 8, 1, 13, 0, 1, 1, 2, 0, 'no', 0),
(2103, 8, 1, 13, 0, 1, 1, 3, 0, 'no', 0),
(2104, 8, 1, 13, 0, 1, 1, 4, 0, 'no', 0),
(2105, 8, 1, 13, 0, 1, 1, 5, 0, 'no', 0),
(2106, 8, 2, 1, 0, 1, 1, 1, 30, 'no', 0),
(2107, 8, 2, 1, 0, 1, 1, 2, 5, 'no', 0),
(2108, 8, 2, 1, 0, 1, 1, 3, 5, 'no', 0),
(2109, 8, 2, 1, 0, 1, 1, 4, 5, 'no', 0),
(2110, 8, 2, 1, 0, 1, 1, 5, 5, 'no', 0),
(2111, 8, 2, 2, 0, 1, 1, 1, 30, 'no', 0),
(2112, 8, 2, 2, 0, 1, 1, 2, 5, 'no', 0),
(2113, 8, 2, 2, 0, 1, 1, 3, 5, 'no', 0),
(2114, 8, 2, 2, 0, 1, 1, 4, 5, 'no', 0),
(2115, 8, 2, 2, 0, 1, 1, 5, 5, 'no', 0),
(2116, 8, 2, 3, 0, 1, 1, 1, 30, 'no', 0),
(2117, 8, 2, 3, 0, 1, 1, 2, 5, 'no', 0),
(2118, 8, 2, 3, 0, 1, 1, 3, 5, 'no', 0),
(2119, 8, 2, 3, 0, 1, 1, 4, 5, 'no', 0),
(2120, 8, 2, 3, 0, 1, 1, 5, 5, 'no', 0),
(2121, 8, 2, 5, 0, 1, 1, 1, 0, 'no', 0),
(2122, 8, 2, 6, 0, 1, 1, 1, 0, 'no', 0),
(2123, 8, 2, 7, 0, 1, 1, 1, 0, 'no', 0),
(2124, 8, 2, 8, 0, 1, 1, 1, 0, 'no', 0),
(2125, 8, 2, 9, 0, 1, 1, 1, 0, 'no', 0),
(2126, 8, 2, 10, 0, 1, 1, 1, 30, 'no', 0),
(2127, 8, 2, 10, 0, 1, 1, 2, 5, 'no', 0),
(2128, 8, 2, 10, 0, 1, 1, 3, 5, 'no', 0),
(2129, 8, 2, 10, 0, 1, 1, 4, 5, 'no', 0),
(2130, 8, 2, 10, 0, 1, 1, 5, 5, 'no', 0),
(2131, 8, 2, 11, 0, 1, 1, 1, 30, 'no', 0),
(2132, 8, 2, 11, 0, 1, 1, 2, 5, 'no', 0),
(2133, 8, 2, 11, 0, 1, 1, 3, 5, 'no', 0),
(2134, 8, 2, 11, 0, 1, 1, 4, 5, 'no', 0),
(2135, 8, 2, 11, 0, 1, 1, 5, 5, 'no', 0),
(2136, 8, 2, 12, 0, 1, 1, 1, 30, 'no', 0),
(2137, 8, 2, 12, 0, 1, 1, 2, 5, 'no', 0),
(2138, 8, 2, 12, 0, 1, 1, 3, 5, 'no', 0),
(2139, 8, 2, 12, 0, 1, 1, 4, 5, 'no', 0),
(2140, 8, 2, 12, 0, 1, 1, 5, 5, 'no', 0),
(2141, 8, 2, 13, 0, 1, 1, 1, 0, 'no', 0),
(2142, 8, 2, 13, 0, 1, 1, 2, 0, 'no', 0),
(2143, 8, 2, 13, 0, 1, 1, 3, 0, 'no', 0),
(2144, 8, 2, 13, 0, 1, 1, 4, 0, 'no', 0),
(2145, 8, 2, 13, 0, 1, 1, 5, 0, 'no', 0);

-- --------------------------------------------------------

--
-- Table structure for table `health_category`
--

CREATE TABLE IF NOT EXISTS `health_category` (
  `id` int(11) NOT NULL AUTO_INCREMENT,
  `health_id` int(11) NOT NULL,
  `health_point` int(11) NOT NULL,
  `description` text NOT NULL,
  PRIMARY KEY (`id`)
) ENGINE=InnoDB  DEFAULT CHARSET=latin1 AUTO_INCREMENT=25 ;

--
-- Dumping data for table `health_category`
--

INSERT INTO `health_category` (`id`, `health_id`, `health_point`, `description`) VALUES
(1, 1, 1, 'Excellent'),
(2, 1, 2, 'Satisfactory'),
(3, 1, 3, 'Needs to harness energy towards academics'),
(4, 1, 4, 'Consistent hardwork needed'),
(5, 2, 1, 'Fluid'),
(6, 2, 2, 'Improving consistently'),
(7, 2, 3, 'Learning and usage needs enhancement'),
(8, 2, 4, 'Proactive learning required'),
(9, 3, 1, 'Polite, decent and courteous'),
(10, 3, 2, 'Friendly, polite and courteous'),
(11, 3, 3, 'Wayward and impolite'),
(12, 3, 4, 'Needs to be more responsible and careful'),
(13, 4, 1, 'Exceptional'),
(14, 4, 2, 'Satisfactory'),
(15, 4, 3, 'Average'),
(16, 4, 4, 'Needs Improvement'),
(17, 5, 1, 'Focus towards academics and meaningful inter-action is excellent'),
(18, 5, 2, 'Enhancement in constructive focus is required'),
(19, 5, 3, 'Attentiveness and alertness required'),
(20, 5, 4, 'Need to be pro-active and consistently productive'),
(21, 6, 1, 'Excellent'),
(22, 6, 2, 'Satisfactory'),
(23, 6, 3, 'Average'),
(24, 6, 4, 'Needs Improvement');

-- --------------------------------------------------------

--
-- Table structure for table `login`
--

CREATE TABLE IF NOT EXISTS `login` (
  `id` int(5) NOT NULL AUTO_INCREMENT,
  `name` varchar(50) NOT NULL,
  `gender` text NOT NULL,
  `username` varchar(50) NOT NULL,
  `password` text NOT NULL,
  `class` int(2) NOT NULL,
  `section` int(2) NOT NULL,
  `subject` varchar(30) NOT NULL,
  `role` int(3) NOT NULL,
  `test` varchar(2) NOT NULL,
  `flag` int(3) NOT NULL COMMENT '1=sector, 2=pratap',
  PRIMARY KEY (`id`)
) ENGINE=InnoDB  DEFAULT CHARSET=utf8 AUTO_INCREMENT=102 ;

--
-- Dumping data for table `login`
--

INSERT INTO `login` (`id`, `name`, `gender`, `username`, `password`, `class`, `section`, `subject`, `role`, `test`, `flag`) VALUES
(2, 'Shailendra Somani', 'Male', 'admin', '003cea085df8b9c7e661021799afb2ab', 6, 1, '5', 2, '9', 1),
(74, 'Ankita Joshi', 'Female', 'Ankita Joshi', '0b923db03c8718ad3b5d3a885442ff03', 4, 1, '5', 1, '', 1),
(76, 'Vanitha Sharma', 'Female', 'Vanitha Sharma', '6dda9fdea91868214a2601ae4630d30b', 6, 2, '5', 1, '', 1),
(77, 'Sangeeta jain ', 'Female', 'Sangeeta Jain', '9534a25d28823303388aca43df98c234', 5, 1, '2', 1, '', 1),
(78, 'Naresh Mathur', 'Female', 'Naresh Mathur', '941b3a3ece2282a9f426373f1635d156', 9, 1, '3,0', 1, '', 1),
(79, 'Dr. Arti Sharma', 'Female', 'Arti Sharma', 'a5848f1052a3e5f5db706a7567781212', 9, 1, '1,0', 1, '', 1),
(80, 'Neha Issar ', 'Female', 'Neha Issar ', '74d36c0725346b3b3d0d30cbe0edd219', 3, 1, '1,0', 1, '', 1),
(81, 'Kriti Verma', 'Female', 'Kriti Verma', 'b9699941d8fc62cda1157c73ce54b2bc', 3, 1, '1,0', 1, '', 1),
(82, 'Sneha Sharma', 'Female', 'Sneha Sharma', '76281d4a9faf68bbce161cb21c3ce1f4', 4, 1, '1,0', 1, '', 1),
(83, 'Riya Rao', 'Female', 'Riya Rao', '456aba4a7344bb4460e8f73b046ba855', 8, 1, '10,0', 1, '', 1),
(84, 'Yamini Sanadhya', 'Female', 'Yamini Sanadhya', '390a359c646fdcc30be9278d769f9953', 3, 1, '2,0', 1, '', 1),
(85, 'Anju Jain ', 'Female', 'Anju Jain ', 'c25d306113d5eca9bcf5c59f07186c82', 4, 1, '6,0', 1, '', 1),
(86, 'Renuka Rawat', 'Female', 'Renuka Rawat', '0b7f4b619e8bb828156403b7083c03a4', 3, 1, '3,0', 1, '', 1),
(87, 'Kamlesh Mathur', 'Female', 'Kamlesh Mathur', 'c6bd69ca72247dd5615e92ab52b3cd34', 1, 1, '1,0', 1, '', 1),
(88, 'Munmun Chanda ', 'Female', 'Munmun Chanda ', '366db6c0388c5b45fd560a24deb1941d', 1, 1, '3,0', 1, '', 1),
(89, 'Payal Sanadhya', 'Female', 'Payal Sanadhya', '3f6488401f4863feb6e6b816e226c3a3', 10, 1, '10,0', 1, '', 1),
(90, 'Anju Maheswari', 'Female', 'Anju Maheswari', 'c25d306113d5eca9bcf5c59f07186c82', 6, 1, '2,0', 1, '', 1),
(91, 'Meenakshi Mod ', 'Female', 'Meenakshi Mod ', 'ec46d23912a49efb433bbd32963be6ae', 9, 1, '2,0', 1, '', 1),
(92, 'Ruchika Bhandari', 'Female', 'Ruchika Bhandari', 'b6444f8e3672b7691540e837a4ecdcb2', 6, 1, '1,0', 1, '', 1),
(93, 'Jyoti Joshi ', 'Female', 'Jyoti Joshi', 'b9688c857a0db5d2f925ca6106839bd3', 8, 1, '3,0', 1, '', 1),
(94, 'Purnima Jain', 'Female', 'Purnima Jain', '0a05a8f86e59f3a4bec166c84d73f799', 10, 1, '10,0', 1, '', 1),
(95, 'Monica Garg', 'Female', 'Monica Garg', '72657f71b9d508959068bb03f34c496d', 8, 1, '1,0', 1, '', 1),
(96, 'Akansha Ranawat', 'Female', 'Akansha Ranawat', '22fb8882393a86ba6df0ee88a491cd6d', 5, 1, '6,0', 1, '', 1),
(97, 'Dr. Namrata Babel', 'Female', 'Namrata Babel', '93aba69833edd9b07b6c6064e5621c78', 4, 1, '1,0', 1, '', 1),
(98, 'Bhawana Dak', 'Female', 'Bhawana Dak ', 'e09b79e2bc2715b3288d9e97e5a1b382', 7, 1, '1,0', 1, '', 1),
(99, 'Pramila Jain', 'Female', 'Pramila Jain', '6c79af3b84ffbae5193e25a44693519d', 10, 1, '11,0', 1, '', 1),
(100, 'Anjana Singh ', 'Female', 'Anjana Singh', 'f558e4c4d926811e8f26ee74d6891e88', 2, 1, '4,0', 1, '', 1),
(101, 'Kamlesh Asthana', 'Female', 'Kamlesh Asthana', 'c6bd69ca72247dd5615e92ab52b3cd34', 1, 1, '2,0', 1, '', 1);

-- --------------------------------------------------------

--
-- Table structure for table `mapping_section`
--

CREATE TABLE IF NOT EXISTS `mapping_section` (
  `id` int(20) NOT NULL AUTO_INCREMENT,
  `class_id` int(20) NOT NULL,
  `section_id` int(20) NOT NULL,
  PRIMARY KEY (`id`)
) ENGINE=InnoDB  DEFAULT CHARSET=utf8 AUTO_INCREMENT=39 ;

--
-- Dumping data for table `mapping_section`
--

INSERT INTO `mapping_section` (`id`, `class_id`, `section_id`) VALUES
(1, 1, 1),
(2, 1, 2),
(3, 2, 1),
(4, 2, 2),
(5, 3, 1),
(6, 3, 2),
(7, 4, 1),
(8, 4, 2),
(9, 5, 1),
(10, 5, 2),
(11, 6, 1),
(12, 6, 2),
(13, 7, 1),
(14, 7, 2),
(15, 8, 1),
(16, 8, 2),
(17, 9, 1),
(18, 9, 2),
(20, 10, 1),
(21, 10, 2),
(22, 10, 6),
(23, 11, 3),
(24, 11, 4),
(25, -1, 1),
(26, -1, 2),
(29, -4, 1),
(30, -3, 1),
(31, -2, 1),
(32, -2, 2),
(33, -1, 6),
(34, 9, 6),
(35, 12, 3),
(36, 12, 4),
(37, 11, 5),
(38, 1, 6);

-- --------------------------------------------------------

--
-- Table structure for table `master_architecture`
--

CREATE TABLE IF NOT EXISTS `master_architecture` (
  `id` int(11) NOT NULL AUTO_INCREMENT,
  `class_id` int(11) NOT NULL,
  `section_id` int(11) NOT NULL,
  `marksheet_term_id` int(11) NOT NULL,
  `term_id` int(11) NOT NULL,
  `category_id` int(11) NOT NULL,
  `sub_category_id` int(11) NOT NULL,
  PRIMARY KEY (`id`)
) ENGINE=InnoDB  DEFAULT CHARSET=latin1 AUTO_INCREMENT=50 ;

--
-- Dumping data for table `master_architecture`
--

INSERT INTO `master_architecture` (`id`, `class_id`, `section_id`, `marksheet_term_id`, `term_id`, `category_id`, `sub_category_id`) VALUES
(6, 1, 1, 1, 1, 1, 0),
(7, 1, 1, 1, 1, 3, 0),
(8, 1, 2, 1, 1, 1, 0),
(9, 1, 2, 1, 1, 3, 0),
(10, 2, 1, 1, 1, 1, 0),
(11, 2, 1, 1, 1, 3, 0),
(12, 2, 2, 1, 1, 1, 0),
(13, 2, 2, 1, 1, 3, 0),
(14, 3, 1, 1, 1, 1, 0),
(15, 3, 1, 1, 1, 3, 0),
(16, 3, 2, 1, 1, 1, 0),
(17, 3, 2, 1, 1, 3, 0),
(18, 4, 1, 1, 1, 1, 0),
(19, 4, 1, 1, 1, 3, 0),
(20, 4, 2, 1, 1, 1, 0),
(21, 4, 2, 1, 1, 3, 0),
(22, 5, 1, 1, 1, 1, 0),
(23, 5, 1, 1, 1, 3, 0),
(24, 5, 2, 1, 1, 1, 0),
(25, 5, 2, 1, 1, 3, 0),
(26, 6, 1, 1, 1, 1, 0),
(27, 6, 1, 1, 1, 3, 0),
(28, 6, 2, 1, 1, 1, 0),
(29, 6, 2, 1, 1, 3, 0),
(30, 7, 1, 1, 1, 1, 0),
(31, 7, 1, 1, 1, 3, 0),
(32, 7, 2, 1, 1, 1, 0),
(33, 7, 2, 1, 1, 3, 0),
(34, 8, 1, 1, 1, 1, 0),
(35, 8, 1, 1, 1, 3, 0),
(36, 8, 2, 1, 1, 1, 0),
(37, 8, 2, 1, 1, 3, 0),
(38, 9, 1, 1, 1, 1, 0),
(39, 9, 1, 1, 1, 3, 0),
(40, 9, 2, 1, 1, 1, 0),
(41, 9, 2, 1, 1, 3, 0),
(42, 9, 6, 1, 1, 1, 0),
(43, 9, 6, 1, 1, 3, 0),
(44, 10, 1, 1, 1, 1, 0),
(45, 10, 1, 1, 1, 3, 0),
(46, 10, 2, 1, 1, 1, 0),
(47, 10, 2, 1, 1, 3, 0),
(48, 10, 6, 1, 1, 1, 0),
(49, 10, 6, 1, 1, 3, 0);

-- --------------------------------------------------------

--
-- Table structure for table `master_class`
--

CREATE TABLE IF NOT EXISTS `master_class` (
  `id` int(11) NOT NULL AUTO_INCREMENT,
  `class` varchar(50) NOT NULL,
  `roman` varchar(15) NOT NULL,
  PRIMARY KEY (`id`)
) ENGINE=InnoDB  DEFAULT CHARSET=utf8 AUTO_INCREMENT=15 ;

--
-- Dumping data for table `master_class`
--

INSERT INTO `master_class` (`id`, `class`, `roman`) VALUES
(-4, 'PG & PN', 'Play Group'),
(-3, 'Nursary', 'Nursary'),
(-2, 'LKG', 'LKG'),
(-1, 'HKG', 'HKG'),
(1, 'First', 'I'),
(2, 'Second', 'II'),
(3, 'Third', 'III'),
(4, 'Fouth', 'IV'),
(5, 'Fifth', 'V'),
(6, 'Sixth', 'VI'),
(7, 'Seventh', 'VII'),
(8, 'Eighth', 'VIII'),
(9, 'Ninth', 'IX'),
(10, 'Tenth', 'X'),
(11, 'Eleventh', 'XI'),
(12, 'Twelfth', 'XII'),
(13, 'PASS OUT', 'pass');

-- --------------------------------------------------------

--
-- Table structure for table `master_grade`
--

CREATE TABLE IF NOT EXISTS `master_grade` (
  `id` int(11) NOT NULL AUTO_INCREMENT,
  `class_id` int(11) NOT NULL,
  `section_id` int(11) NOT NULL,
  `range_from` int(11) NOT NULL,
  `range_to` int(11) NOT NULL,
  `grade` varchar(500) NOT NULL,
  `grade_point` varchar(10) NOT NULL,
  PRIMARY KEY (`id`)
) ENGINE=InnoDB DEFAULT CHARSET=latin1 AUTO_INCREMENT=1 ;

-- --------------------------------------------------------

--
-- Table structure for table `master_health`
--

CREATE TABLE IF NOT EXISTS `master_health` (
  `id` int(11) NOT NULL AUTO_INCREMENT,
  `health_type` text NOT NULL,
  `parameter` varchar(200) NOT NULL,
  PRIMARY KEY (`id`)
) ENGINE=InnoDB  DEFAULT CHARSET=latin1 AUTO_INCREMENT=7 ;

--
-- Dumping data for table `master_health`
--

INSERT INTO `master_health` (`id`, `health_type`, `parameter`) VALUES
(1, 'SCHOLATIC', 'Points'),
(2, 'LANGUAGE SKILLS', 'Points'),
(3, 'ATTITUDE IN GENERAL', 'Points'),
(4, 'DISCIPLINE', 'Points'),
(5, 'CLASS PRESENCE AND ATTENTIVENSS', 'Points'),
(6, 'PARTICIPATION IN SCHOOL ACTIVITES', 'Points');

-- --------------------------------------------------------

--
-- Table structure for table `master_scalling`
--

CREATE TABLE IF NOT EXISTS `master_scalling` (
  `id` int(11) NOT NULL AUTO_INCREMENT,
  `class_id` int(11) NOT NULL,
  `section_id` int(11) NOT NULL,
  `term_id` varchar(30) NOT NULL,
  `category_id` varchar(150) NOT NULL,
  `maximum_of_category` int(11) NOT NULL COMMENT 'select best of Category',
  `scale` int(11) NOT NULL COMMENT 'in Percentage(%)',
  PRIMARY KEY (`id`)
) ENGINE=InnoDB DEFAULT CHARSET=latin1 AUTO_INCREMENT=1 ;

-- --------------------------------------------------------

--
-- Table structure for table `master_section`
--

CREATE TABLE IF NOT EXISTS `master_section` (
  `id` int(11) NOT NULL AUTO_INCREMENT,
  `section` varchar(50) NOT NULL,
  PRIMARY KEY (`id`)
) ENGINE=InnoDB  DEFAULT CHARSET=utf8 AUTO_INCREMENT=7 ;

--
-- Dumping data for table `master_section`
--

INSERT INTO `master_section` (`id`, `section`) VALUES
(1, 'A'),
(2, 'B'),
(3, 'Maths-PE'),
(4, 'BIO-PE'),
(5, 'Comm-PE'),
(6, 'C');

-- --------------------------------------------------------

--
-- Table structure for table `master_sub_subject`
--

CREATE TABLE IF NOT EXISTS `master_sub_subject` (
  `id` int(11) NOT NULL AUTO_INCREMENT,
  `name` text NOT NULL,
  PRIMARY KEY (`id`)
) ENGINE=InnoDB  DEFAULT CHARSET=latin1 AUTO_INCREMENT=3 ;

--
-- Dumping data for table `master_sub_subject`
--

INSERT INTO `master_sub_subject` (`id`, `name`) VALUES
(1, 'Theory'),
(2, 'Practical');

-- --------------------------------------------------------

--
-- Table structure for table `master_term`
--

CREATE TABLE IF NOT EXISTS `master_term` (
  `id` int(2) NOT NULL AUTO_INCREMENT,
  `name` varchar(50) NOT NULL,
  `block` int(1) NOT NULL,
  PRIMARY KEY (`id`)
) ENGINE=InnoDB  DEFAULT CHARSET=utf8 AUTO_INCREMENT=3 ;

--
-- Dumping data for table `master_term`
--

INSERT INTO `master_term` (`id`, `name`, `block`) VALUES
(1, 'Term-1', 0),
(2, 'Term-2', 1);

-- --------------------------------------------------------

--
-- Table structure for table `modules`
--

CREATE TABLE IF NOT EXISTS `modules` (
  `id` int(30) NOT NULL AUTO_INCREMENT,
  `name` varchar(60) NOT NULL,
  `main_menu` text NOT NULL,
  `main_menu_icon` varchar(30) NOT NULL,
  `sub_menu` varchar(20) NOT NULL,
  `sub_menu_icon` varchar(30) NOT NULL,
  `page_name_url` text NOT NULL,
  `icon_class_name` varchar(30) NOT NULL,
  `query_string` text NOT NULL,
  `target` varchar(50) NOT NULL,
  `seq` int(11) NOT NULL,
  PRIMARY KEY (`id`)
) ENGINE=InnoDB  DEFAULT CHARSET=utf8 AUTO_INCREMENT=66 ;

--
-- Dumping data for table `modules`
--

INSERT INTO `modules` (`id`, `name`, `main_menu`, `main_menu_icon`, `sub_menu`, `sub_menu_icon`, `page_name_url`, `icon_class_name`, `query_string`, `target`, `seq`) VALUES
(1, ' Dashboard', '', '', '', '', 'index.php', 'fa fa-home', '', '', 1),
(2, ' Add Section', 'Master', 'fa fa-book', '', '', 'section.php', 'fa fa-search-plus', '', '', 3),
(3, ' Section-Mapping', 'Master', 'fa fa-book', '', '', 'cls_sec.php', 'fa fa-edit', '', '', 4),
(4, ' Subject-Mapping', 'Master', 'fa fa-book', '', '', 'cls_sub.php', 'fa fa-book ', '', '', 8),
(5, ' Assign Max Marks', 'Master', 'fa fa-book', '', '', 'max_marks.php', 'fa fa-male', '', '', 14),
(7, ' Assign-Elective', 'Master', 'fa fa-book', '', '', 'elective.php', 'fa fa-bar-chart-o', '', '', 9),
(8, ' Add', 'Student Register', 'fa fa-child', '', '', 'student_reg.php', 'fa fa-user', '', '', 4),
(9, ' Download Excel', ' Marks', 'fa fa-edit', '', '', 'marks.php', 'fa fa-picture-o ', '', '', 3),
(10, 'Upload Excel', ' Marks', 'fa fa-edit', '', '', 'upload_marks.php', 'fa fa-thumbs-o-up ', '', '', 4),
(11, 'Marksheet View', ' Marks', 'fa fa-edit', '', '', 'marksheet.php', 'fa fa-picture-o ', '', '', 5),
(12, ' Edit Class Wise', ' Marks', 'fa fa-edit', '', '', 'number_view.php', 'fa fa-ticket ', '', '', 6),
(15, 'Activate Exam', 'Master', 'fa fa-book', '', '', 'term_block.php', 'fa fa-eye ', '', '', 17),
(16, ' Add', ' Faculty', 'fa fa-group', '', '', 'register.php', 'fa \nfa-check-square-o ', '', '', 5),
(18, 'View', ' Faculty', 'fa fa-group', '', '', 'staff_view.php', 'fa fa-level-up', '', '', 6),
(19, ' Password', ' Settings', 'fa fa-gears', '', '', 'password.php', 'fa fa-lock', '', '', 6),
(20, 'User Privileges', ' Settings', 'fa fa-gears', '', '', 'user.php', '', '', '', 7),
(21, 'Exam Mapping', 'Master', 'fa fa-book', '', '', 'assign_mark.php', '', '', '', 13),
(22, ' View', 'Student Register', 'fa fa-child', '', '', 'student_updt.php', 'fa fa-book', '', '', 5),
(23, ' Edit Subject Wise', ' Marks', 'fa fa-edit', '', '', 'number_sub_view.php', 'fa fa-edit', '', '', 7),
(28, 'Class Wise', 'Report', 'fa fa-file', '', '', 'report_view.php', '', '', '', 11),
(29, 'Subject Wise', 'Report', 'fa fa-file', '', '', 'report_sub_view.php', '', '', '', 12),
(30, 'Faculty Wise', 'Report', 'fa fa-file', '', '', 'report_faculty.php', '', '', '', 13),
(31, ' Download Excel', ' Attendance', 'fa fa-gavel', '', '', 'attendance_format.php', 'fa fa-eye ', '', '', 7),
(32, ' Upload Excel', ' Attendance', 'fa fa-gavel', '', '', 'attendance_upload.php', 'fa fa-thumbs-o-up ', '', '', 8),
(37, ' Attendance Edit', ' Attendance', 'fa fa-gavel', '', '', 'attendance_view.php', 'fa fa-edit', '', '', 9),
(38, ' Class Wise', 'Remove', 'fa fa-thumbs-o-down ', '', '', 'remove.php', 'fa fa-cross', '', '', 9),
(39, ' Result', '', '', '', '', 'status.php', 'fa fa-thumbs-o-up ', '', '', 10),
(40, ' Subject Wise', 'Remove', 'fa fa-thumbs-o-down ', '', '', 'remove_sub.php', 'fa fa-danger', '', '', 10),
(42, 'Category', 'Master', 'fa fa-book', '', '', 'master_exam_category.php', '', '', '', 11),
(43, 'Category Type', 'Master', 'fa fa-book', '', '', 'master_exam_category_type.php', '', '', '', 12),
(44, 'Term', 'Master', 'fa fa-book', '', '', 'master_term.php', '', '', '', 10),
(45, 'Architecture', 'Master', 'fa fa-book', '', '', 'architecture.php', '', '', '', 15),
(46, 'Add Class', 'Master', 'fa fa-book', '', '', 'master_class.php', '', '', '', 2),
(47, 'Grade', 'Master', 'fa fa-book', '', '', 'master_grade.php', '', '', '', 16),
(48, 'Subject', 'Master', 'fa fa-book', '', '', 'master_subject.php', '', '', '', 5),
(50, 'Download', 'Health Status', 'fa fa-user-md', '', '', 'helth.php', '', '', '', 8),
(51, 'Upload', 'Health Status', 'fa fa-user-md', '', '', 'upload_health.php', '', '', '', 9),
(52, 'Edit', 'Health Status', 'fa fa-user-md', '', '', 'health_view.php', '', '', '', 10),
(53, ' Delete', ' Attendance', 'fa fa-gavel', '', '', 'remove_attendance.php', 'fa fa-warning', '', '', 10),
(54, 'Duty Charts', ' Faculty', 'fa fa-group', '', '', 'deuty_chart.php', 'fa \r\nfa-check-square-o ', '', '', 5),
(55, 'Roll No Allocation', 'Student Register', 'fa fa-child', '', '', 'roll_no_allocation.php', 'fa fa-user', '', '', 4),
(56, 'Time Table', 'Report', 'fa fa-file', '', '', 'time_table.php', '', '', '', 13),
(57, 'Roll No', 'Report', 'fa fa-file', '', '', 'roll_no.php', '', '', '', 14),
(58, 'Seating Arrangement', 'Report', 'fa fa-file', '', '', 'seat_arang.php', '', '', '', 15),
(59, 'Cross Class List', 'Report', 'fa fa-file', '', '', 'cross_class.php', '', '', '', 16),
(60, 'Cross Section List', 'Report', 'fa fa-file', '', '', 'cross_section.php', '', '', '', 17),
(61, 'Attendance', 'Report', 'fa fa-file', '', '', 'attendance_report.php', '', '', '', 18),
(62, 'Change section & Roll No', 'Student Register', 'fa fa-child', '', '', 'esit_student_section.php', 'fa fa-user', '', '', 4),
(63, 'Grade Subject', 'Master', 'fa fa-book', '', '', 'grade_subject.php', '', '', '', 7),
(64, 'Sub Subject', 'Master', 'fa fa-book', '', '', 'master_sub_subject.php', '', '', '', 6),
(65, 'Students details', 'Report', 'fa fa-file', '', '', 'detail.php', '', '', '', 16);

-- --------------------------------------------------------

--
-- Table structure for table `role`
--

CREATE TABLE IF NOT EXISTS `role` (
  `id` int(5) NOT NULL AUTO_INCREMENT,
  `role` varchar(50) NOT NULL,
  PRIMARY KEY (`id`)
) ENGINE=InnoDB  DEFAULT CHARSET=utf8 AUTO_INCREMENT=3 ;

--
-- Dumping data for table `role`
--

INSERT INTO `role` (`id`, `role`) VALUES
(1, 'Faculty'),
(2, 'Admin');

-- --------------------------------------------------------

--
-- Table structure for table `school`
--

CREATE TABLE IF NOT EXISTS `school` (
  `id` int(11) NOT NULL AUTO_INCREMENT,
  `school` text NOT NULL,
  `address` text NOT NULL,
  `affiliation_no` text NOT NULL,
  `agis` text NOT NULL,
  `logo` text NOT NULL,
  PRIMARY KEY (`id`)
) ENGINE=InnoDB  DEFAULT CHARSET=latin1 AUTO_INCREMENT=2 ;

--
-- Dumping data for table `school`
--

INSERT INTO `school` (`id`, `school`, `address`, `affiliation_no`, `agis`, `logo`) VALUES
(1, 'MDS PUBLIC SCHOOL', 'Udaipur (Raj.)', '', '', 'mds.gif');

-- --------------------------------------------------------

--
-- Table structure for table `staff_class`
--

CREATE TABLE IF NOT EXISTS `staff_class` (
  `id` int(11) NOT NULL AUTO_INCREMENT,
  `staff_id` int(5) NOT NULL,
  `class_id` int(5) NOT NULL,
  `section_id` int(5) NOT NULL,
  `subject` int(5) NOT NULL,
  PRIMARY KEY (`id`)
) ENGINE=InnoDB  DEFAULT CHARSET=utf8 AUTO_INCREMENT=136 ;

--
-- Dumping data for table `staff_class`
--

INSERT INTO `staff_class` (`id`, `staff_id`, `class_id`, `section_id`, `subject`) VALUES
(1, 74, 1, 1, 5),
(2, 74, 1, 2, 5),
(3, 74, 2, 1, 5),
(4, 74, 2, 2, 5),
(5, 76, 8, 1, 5),
(6, 76, 8, 2, 5),
(7, 76, 7, 1, 5),
(8, 76, 7, 2, 5),
(9, 76, 6, 1, 5),
(10, 76, 6, 2, 5),
(11, 76, 5, 1, 5),
(12, 76, 5, 2, 5),
(13, 77, 8, 1, 2),
(14, 77, 8, 2, 2),
(15, 77, 9, 1, 2),
(16, 77, 9, 2, 2),
(17, 77, 9, 6, 2),
(18, 77, 10, 1, 2),
(19, 77, 10, 2, 2),
(20, 77, 10, 6, 2),
(21, 78, 9, 1, 3),
(22, 78, 9, 6, 3),
(23, 78, 10, 1, 3),
(24, 78, 10, 6, 3),
(25, 79, 9, 1, 1),
(26, 79, 9, 2, 1),
(27, 79, 9, 6, 1),
(28, 80, 10, 1, 1),
(29, 80, 10, 2, 1),
(30, 80, 10, 6, 1),
(31, 80, 11, 3, 1),
(32, 80, 11, 4, 1),
(33, 80, 11, 5, 1),
(34, 80, 12, 3, 1),
(35, 80, 12, 4, 1),
(36, 81, 3, 1, 1),
(37, 81, 3, 2, 1),
(38, 81, 4, 1, 11),
(39, 81, 4, 2, 11),
(40, 82, 5, 1, 1),
(41, 82, 5, 2, 1),
(42, 83, 8, 1, 10),
(43, 83, 8, 2, 10),
(44, 84, 3, 1, 2),
(45, 84, 3, 2, 2),
(46, 84, 4, 1, 2),
(47, 84, 4, 2, 2),
(48, 84, 7, 1, 12),
(49, 84, 7, 2, 12),
(50, 85, 5, 1, 3),
(51, 85, 5, 2, 3),
(53, 85, 6, 1, 6),
(54, 85, 6, 2, 3),
(55, 85, 4, 1, 6),
(56, 85, 4, 2, 6),
(57, 86, 3, 1, 3),
(58, 86, 3, 2, 6),
(59, 86, 4, 1, 3),
(60, 86, 4, 2, 3),
(61, 87, 1, 1, 1),
(62, 87, 1, 2, 1),
(63, 87, 1, 6, 1),
(64, 87, 2, 1, 1),
(65, 87, 2, 2, 1),
(66, 100, 1, 1, 4),
(67, 100, 1, 2, 4),
(69, 100, 2, 2, 6),
(70, 101, 1, 1, 2),
(71, 101, 1, 2, 2),
(72, 101, 2, 1, 2),
(73, 101, 2, 2, 2),
(74, 88, 1, 1, 6),
(75, 88, 1, 2, 6),
(76, 88, 2, 1, 3),
(77, 88, 2, 2, 3),
(78, 90, 5, 1, 2),
(79, 90, 5, 2, 2),
(80, 90, 6, 1, 2),
(81, 90, 6, 2, 12),
(82, 90, 8, 1, 12),
(83, 90, 8, 2, 12),
(84, 91, 7, 1, 2),
(85, 91, 7, 2, 2),
(86, 92, 6, 1, 1),
(87, 92, 6, 2, 1),
(92, 93, 7, 1, 3),
(93, 93, 7, 1, 6),
(94, 93, 7, 2, 3),
(95, 93, 7, 2, 6),
(96, 93, 8, 1, 3),
(97, 93, 8, 1, 6),
(98, 93, 8, 2, 3),
(99, 93, 8, 2, 6),
(100, 94, 7, 1, 10),
(101, 94, 7, 2, 10),
(106, 94, 9, 1, 14),
(107, 94, 9, 1, 15),
(108, 94, 9, 6, 14),
(109, 94, 9, 6, 15),
(110, 94, 10, 1, 15),
(111, 94, 10, 6, 15),
(112, 95, 8, 1, 1),
(113, 95, 8, 2, 1),
(114, 95, 7, 1, 1),
(115, 95, 7, 2, 1),
(116, 96, 3, 1, 10),
(117, 96, 3, 2, 10),
(118, 96, 4, 1, 10),
(119, 96, 4, 2, 10),
(120, 96, 6, 1, 10),
(121, 96, 6, 2, 10),
(122, 96, 5, 1, 6),
(123, 96, 5, 2, 6),
(124, 97, 3, 1, 11),
(125, 97, 3, 2, 11),
(126, 97, 4, 1, 1),
(127, 97, 4, 2, 1),
(128, 98, 6, 1, 11),
(129, 98, 6, 2, 11),
(130, 98, 7, 1, 11),
(131, 98, 7, 2, 11),
(132, 99, 10, 1, 11),
(133, 99, 10, 6, 11),
(134, 99, 9, 1, 11),
(135, 99, 9, 6, 11);

-- --------------------------------------------------------

--
-- Table structure for table `student`
--

CREATE TABLE IF NOT EXISTS `student` (
  `id` int(11) NOT NULL AUTO_INCREMENT,
  `name` varchar(100) NOT NULL,
  `father_name` varchar(100) NOT NULL,
  `mother_name` varchar(100) NOT NULL,
  `dob` varchar(50) NOT NULL,
  `address` text NOT NULL,
  `scholar_no` varchar(100) NOT NULL,
  `roll_no` int(50) NOT NULL,
  `class_id` int(11) NOT NULL,
  `section_id` int(11) NOT NULL,
  `mobile_no` varchar(20) NOT NULL,
  `faculty` varchar(50) NOT NULL,
  `batch` varchar(50) NOT NULL,
  `pdf_path` varchar(200) NOT NULL,
  `pdf_update_date` date NOT NULL,
  PRIMARY KEY (`id`)
) ENGINE=InnoDB  DEFAULT CHARSET=utf8 AUTO_INCREMENT=2584 ;

--
-- Dumping data for table `student`
--

INSERT INTO `student` (`id`, `name`, `father_name`, `mother_name`, `dob`, `address`, `scholar_no`, `roll_no`, `class_id`, `section_id`, `mobile_no`, `faculty`, `batch`, `pdf_path`, `pdf_update_date`) VALUES
(812, 'AASHI KHOKHAWAT', 'MR. HARISH KHOKHAWAT', 'MRS. PRIYA JAIN ', '2011-06-28', '3J-31 PRABHAT NAGAR H.M SEC-5 UDAIPUR', 'MDSPS-1954', 0, 1, 1, '', '', '', '', '0000-00-00'),
(813, 'ADITI CHAPLOT', 'MR  RAKESH CHAPLOT', 'MRS  REKHA CHAPLOT', '2011-01-15', '1-KA-43, HIRAN MAGRI, GAYATRI NAGAR, SECTOR NO  5, UDAIPUR', 'MDSPS-1953', 0, 1, 1, '', '', '', '', '0000-00-00'),
(814, 'ADITYA BHATI', 'MR.ASHVINI BHATI', 'MRS. NIDHI BHATI', '2010-08-24', '58, SHIV NIWAS OPP. POWER HOUSE JHAMAR KOTDA ROAD, EKLINGPURA ', 'MDSPS-2221', 0, 1, 1, '', '', '', '', '0000-00-00'),
(815, 'ANSHUL PATEL', 'MR. NARAYAN LAL DANGI', 'MRS  MANJU DANGI', '2011-02-25', 'NEAR BUS STAND, LAKADWAS, UDAIPUR', 'MDSPS-2104', 0, 1, 1, '', '', '', '', '0000-00-00'),
(816, 'ARYAN SHARMA', 'MR  RAJESH SHARMA', 'MRS  SHARDA SHARMA', '2011-10-10', '1-TA-19, HIRAN MAGRI, SECT  NO  5,  , UDAIPUR', 'MDSPS-1843', 0, 1, 1, '', '', '', '', '0000-00-00'),
(817, 'AVANTIKA CHOUREY', 'MR SANDEEP CHOUREY', 'MRS ABHILASHA CHOUREY', '2011-08-22', '18, ROOP NAGAR, SEC - 3, UDAIPUR', 'MDSPS-2606', 0, 1, 1, '', '', '', '', '0000-00-00'),
(818, 'BHAVESH DANGI', 'MR. MAGAN LAL DANGI', 'MRS. LALI DANGI', '2011-03-26', 'EKLINGPURA, POST KALADWAS, UDAIPUR', 'MDSPS-2055', 0, 1, 1, '', '', '', '', '0000-00-00'),
(819, 'BHAVYA AGRAWAL', 'MR  PRAHALAD AGRAVAL', 'MRS  POORNIMA AGRAWAL', '2011-04-10', '1581, NEW MALI COLONY, ANAND VIHAR, TEKRI, UDAIPUR', 'RTE-028', 0, 1, 1, '', '', '', '', '0000-00-00'),
(820, 'BHAVYA MAHAR', 'MR.KAUSHAL KISHOR MEENA ', 'MRS. KAVITA MEENA ', '2011-07-15', 'QTR NO T-111/10 CPWD RESIDENTIAL COLONY HIRAN MAGRI, SEC-4 UDAIPUR', 'MDSPS-2195', 0, 1, 1, '', '', '', '', '0000-00-00'),
(821, 'CHESHTA PARMAR', 'MR. PURAN SINGH PARMAR ', 'MRS. KANCHAN KUNWAR', '2010-09-26', '47, PARSHVANATH NAGAR , HIRAN MAGRI , SEC- 3 , UDAIPUR', 'MDSPS-2082', 0, 1, 1, '', '', '', '', '0000-00-00'),
(822, 'DHARA SAMOTA', 'MR  KUNDAN SAMOTA', 'MRS  ASHA DEVI SAMOTA', '2011-01-05', '8, HIRAN MAGRI, SECT  NO  3, UDAIPUR', 'RTE-025', 0, 1, 1, '', '', '', '', '0000-00-00'),
(823, 'DHRUV PATEL', 'MR  JAGDISH PATEL', 'MRS  MANJU PATEL', '2009-12-18', '103  MANWA KHEDA, UDAIPUR', 'MDSPS-2145', 0, 1, 1, '', '', '', '', '0000-00-00'),
(824, 'DIKSHA JAIN', 'MR  KAMLESH JAIN', 'MRS  KAVITA JAIN', '2011-04-03', 'HIRAN MAGRI, SECT  NO  4 TAGORE NAGAR, UDAIPUR', 'MDSPS-2042', 0, 1, 1, '', '', '', '', '0000-00-00'),
(825, 'DOYAL CHUG', 'MR. VIJAY CHUG', 'MRS.PAYAL CHUG', '2011-06-07', '5-D-27 SEC-11 RAM SINGH KI BARI UDAIPUR', 'MDSPS-2117', 0, 1, 1, '', '', '', '', '0000-00-00'),
(826, 'GORANGI DARA', 'MR  NITIN DARA', 'MRS  ARCHANA DARA', '2011-03-30', '182, HIRAN MAGRI, SECT  NO  3,VIVEK NAGAR  UDAIPUR', 'RTE-023', 0, 1, 1, '', '', '', '', '0000-00-00'),
(827, 'GOURAV GURJAR', 'MR. CHUNNI LAL GURJAR', 'MRS. MANGI GURJAR', '2010-05-06', 'SHIV NAGAR, SOUTH SUNDERWAS , UDAIPUR', 'MDSPS-2073', 0, 1, 1, '', '', '', '', '0000-00-00'),
(828, 'HARDIK PRAJAPAT', 'MR. PRABHU LAL PRAJAPAT', 'MRS. PRIYA PRAJAPAT', '2011-03-16', 'VILL. UMARDA , BSNL TOWER UDAIPUR', 'MDSPS-2274', 0, 1, 1, '', '', '', '', '0000-00-00'),
(829, 'HEER PRAJAPATI ', 'MR.DASHARATH KUMAR', 'MRS. HEMLATA PRAJAPATI', '2011-06-06', '304, AKME PARIDISE -II NEAR VAISHALI APARTMENT SEC-4, UDAIPUR', 'MDSPS-2032', 0, 1, 1, '', '', '', '', '0000-00-00'),
(830, 'HEERAL SEN', 'MR  KULDEEP SEN', 'MRS  SHWETA SEN', '2011-07-31', '1350, FG, ADARSH NAGAR, HIRAN MAGRI, SECT  NO  4, UDAIPUR', 'MDSPS-1945', 0, 1, 1, '', '', '', '', '0000-00-00'),
(831, 'HIMANSHI DANGI', 'MR  HEERA LAL DANGI', 'MRS  DURGA DANGI', '2011-04-13', 'VILLAGE POST KALADWAS, TEHSIL GIRVA, UDAIPUR', 'MDSPS-2059', 0, 1, 1, '', '', '', '', '0000-00-00'),
(832, 'ISHITA DADHICH', 'MR. SURESH KUMAR SHARMA', 'MRS. VANITA SHARMA', '2011-03-12', '26, SHANTI NAGAR, HIRAN MAGRI, SECT. 3, UDAIPUR', 'MDSPS-2530', 0, 1, 1, '', '', '', '', '0000-00-00'),
(833, 'JAHANVI SALVI', 'MR  RAMESH CHANDRA SALVI', 'MRS  LEELA SALVI', '2011-02-01', 'H NO  31, PRATAP NAGAR, UDAIPUR', 'RTE-027', 0, 1, 1, '', '', '', '', '0000-00-00'),
(834, 'JATIN AMETA', 'MR. HEMANT KUMAR AMETA', 'MRS. VANDANA AMETA', '2010-10-16', '200, MALI COLONY, STREET NO. 1, UDAIPUR', 'MDSPS-2531', 0, 1, 1, '', '', '', '', '0000-00-00'),
(835, 'JAYANTLAL SINDHI', 'MR  GANESH LAL SINDHI', 'MRS  MAMTA SINDHI', '2010-10-17', '405, TEACHER''S COLONY, AMBAMATA SCHEME, UDAIPUR', 'MDSPS-2196', 0, 1, 1, '', '', '', '', '0000-00-00'),
(836, 'JENIL DODEJA', 'MR  PANKAJ DODEJA', 'MRS  NISHITA DODEJA', '2011-01-06', '34, KASHI PURI, MANVA KHEDA ROAD, HIRAN MAGRI, SECT  NO  5, UDAIPUR', 'MDSPS-2189', 0, 1, 1, '', '', '', '', '0000-00-00'),
(837, 'JINAL JAIN', 'MR. JAYANTI JAIN ', 'MRS. SONAL JAIN ', '2011-01-07', '3-P-23, HIRAN MAGRI , SEC-5 PRABHAT NAGAR, UDAIPUR', 'MDSPS-2011', 0, 1, 1, '', '', '', '', '0000-00-00'),
(838, 'KALP SOMANI', 'MR. NAVNEET K. SOMANI', 'MRS. SWATI SOMANI', '2011-01-19', '19, BEHIND J.P. HOSPITAL, TARA SANSTHAN ROAD, HIRAN MAGRI, SECT. 6, UDAIPUR', 'MDSPS-2398', 0, 1, 1, '', '', '', '', '0000-00-00'),
(839, 'KASHISH DANGI', 'MR  MOHAN LAL DANGI', 'MRS  NARANJANI DANGI', '2010-05-18', 'KAYA KA NOHRA, SHOBHAGPURA, UDAIPUR', 'MDSPS-1962', 0, 1, 1, '', '', '', '', '0000-00-00'),
(840, 'KAVYANSH SHARMA', 'LATE MR  MUKESH KUMAR SHARMA', 'MRS  SHWETA SHARMA', '2010-10-28', '01, PANERIYON KI MADRI, UDAIPUR', 'MDSPS-1835', 0, 1, 1, '', '', '', '', '0000-00-00'),
(841, 'LAKSHYA GAUTAM', 'MR  SURENDRA KUMAR GAUTAM', 'MRS  YUMESH GAUTAM', '2011-05-31', '1/56, INDRAPRASTH NAGAR, RHB COLONY, C-BLOCK, SECT  NO  9, UDAIPUR', 'MDSPS-2046', 0, 1, 1, '', '', '', '', '0000-00-00'),
(842, 'MAYURDHWAJ SINGH RATHORE', 'MR. SURENDAR SINGH RATHORE', 'MRS. NEETU KUNWAR RATHORE', '2009-07-04', 'H.NO. 65, NAKODA COMPLEX, HIRAN MAGRI, SECT. 4, UDAIPUR', 'MDSPS-2404', 0, 1, 1, '', '', '', '', '0000-00-00'),
(843, 'NEHAL JAIN', 'MR  NARENDRA JAIN', 'MRS  MEENAKSHI JAIN', '2011-03-24', 'L-11, HIRAN MAGRI, SECT  NO  6, UDAIPUR', 'RTE-031', 0, 1, 1, '', '', '', '', '0000-00-00'),
(844, 'NENA PATEL ', 'MR. HARISH PATEL ', 'MRS. GUDDI PATEL ', '2011-01-27', 'NEAR HDFC BANK EKLINGPURA , UDAIPUR', 'MDSPS-2074', 0, 1, 1, '', '', '', '', '0000-00-00'),
(845, 'NIVISHA KHANDELWAL', 'DR. ANIL KUMAR BHIWAL', 'MRS. DR. POONAM KHANDELWAL', '2011-04-20', 'B-2/S-4 DOCTOR''S OUATER GEETANJALI MEDICAL COLLEGE UDAIPUR', 'MDSPS-1856', 0, 1, 1, '', '', '', '', '0000-00-00'),
(846, 'PARAMJEET SINGH ', 'MR. MANINDRA  SINGH  ', 'MRS. BALVENDAR KAUR', '2010-09-07', '3 T 37 , PRABHAT NAGAR HIRAN MAGRI SEC-5 UDAIPUR', 'MDSPS-1867', 0, 1, 1, '', '', '', '', '0000-00-00'),
(847, 'PARISHI KHARADI', 'MR  KANHAIYA LAL KHARADI', 'MRS  RANJEETA KHARADI', '2011-10-25', 'H  NO  8 PRABHAT NAGAR SEC  5', 'MDSPS-2108', 0, 1, 1, '', '', '', '', '0000-00-00'),
(848, 'PARYUL MUNET', 'MR. HIMANSHU MUNET', 'MRS. PRIYA MUNET', '2010-11-30', '15, SHIV COLONY, NOKHA ROAD, OPP NEMINATH JAIN SOCIETY, HIRAN MAGRI SEC-3, UDAIPUR ', 'MDSPS-1839', 0, 1, 1, '', '', '', '', '0000-00-00'),
(849, 'PRANJAL KUMAR YADAV', 'MR. UMESH YADAV', 'MRS. POONAM DEVI', '2011-03-19', 'Q.NOP. III/19, INCOME TAX COLONY, SECTOR NO. 11, UDAIPUR', 'MDSPS-2617', 0, 1, 1, '', '', '', '', '0000-00-00'),
(850, 'PRATISHTHA JAROLI', 'MR  LOKENDRA JAROLI', 'MRS  SUCHITRA JAROLI', '2011-08-04', '316-B, BALAJI BHAVAN SEC  4  UDAIPUR', 'MDSPS-2135', 0, 1, 1, '', '', '', '', '0000-00-00'),
(851, 'PULKIT SHARMA', 'MR  OM PRAKASH SHARMA', 'MRS  GAYATRI SHARMA', '2010-08-10', '508, SOUTH SUNDERWAS, UDAIPUR', 'RTE-030', 0, 1, 1, '', '', '', '', '0000-00-00'),
(852, 'RAGHURAJ SINGH JHALA', 'MR. HEM SINGH JHALA', 'MRS. URMILA KUNWAR', '2011-10-08', '31, NEW SHANTI NAGAR, HIRANN MAGRI SEC-3 , UDAIPUR', 'MDSPS-2024', 0, 1, 1, '', '', '', '', '0000-00-00'),
(853, 'RAKESH DANGI', 'MR  MITTHA LAL DANGI', 'MRS  KANCHAN DANGI', '2010-07-25', 'JALAR KI GATI, KANPUR, UDAIPUR', 'MDSPS-2190', 0, 1, 1, '', '', '', '', '0000-00-00'),
(854, 'RASHI CHUNDAWAT ', 'MR. PAVANESH KUMAR', 'MRS. SEEMA', '2010-10-09', '30, SEC-3 SHASTRI NAGAR , HIRAN MAGRI , UDAIPUR ', 'MDSPS-2039', 0, 1, 1, '', '', '', '', '0000-00-00'),
(855, 'RIDHVISH JAIN', 'MR  SANJAY JAIN', 'MRS  LAXMI JAIN', '2010-12-30', '831, POOJA NAGAR SECT  NO  4, HIRAN MAGRI, UDAIPUR', 'MDSPS-2056', 0, 1, 1, '', '', '', '', '0000-00-00'),
(856, 'RUDRA SHAKDWIPI', 'DR. HITESH SHARMA', 'MRS. KOMAL SHAKDWIPI', '2010-11-06', '2-''A'' PARIJAT, NEW VIDHYA NAGAR, SECT. NO. 4, UDAIPUR', 'MDSPS-2497', 0, 1, 1, '', '', '', '', '0000-00-00'),
(857, 'SAKSHI SHARMA', 'MR. KAILASH SHARMA', 'MRS. GARIMA SHARMA', '2010-11-15', '2, SHASTRI NAGAR, HIRAN MAGRI, SECT. 3, UDAIPUR', 'MDSPS-2536', 0, 1, 1, '', '', '', '', '0000-00-00'),
(858, 'SHRESHTH MARWADI', 'MR  ARUN JAIN', 'MRS  SHAILLY JAIN', '2011-03-31', '2, RISHI NAGAR H  M  SEC  3', 'RTE-024', 0, 1, 1, '', '', '', '', '0000-00-00'),
(859, 'SIYA LOHAR', 'MR. JAGDISH LOHAR', 'MRS. NIKITA LOHAR', '2011-07-22', '3-B-18, GUPTESHWAR NAGAR, SEC. 7, HIRAN MAGRI, UDAIPUR', 'MDSPS-2516', 0, 1, 1, '', '', '', '', '0000-00-00'),
(860, 'SONAKSHI SHARMA', 'MR  SHYAM SUNDER SHARMA', 'MRS   MANJU SHARMA', '2010-12-13', '17, SAMTA NAGAR SEC  3, UDAIPUR', 'MDSPS-2030', 0, 1, 1, '', '', '', '', '0000-00-00'),
(861, 'SOURABH VAID', 'MR. GOPAL VAID', 'MRS. NEEMA VAID', '2009-02-26', 'PRABHAT NAGAR, HIRAN MAGRI, SECT. NO. 5, UDAIPUR', 'MDSPS-2113', 0, 1, 1, '', '', '', '', '0000-00-00'),
(862, 'SUDHIKSHA SINGH JADOUN', 'MR. SATYENDRA SINGH JADOUN', 'MRS  RAJSHREE JADOUN', '2010-10-18', '58, RISHI NAGAR, NEAR GAS GODOWN, SECT.  3, UDAIPUR', 'MDSPS-1874', 0, 1, 1, '', '', '', '', '0000-00-00'),
(863, 'SUPRIYA SHARMA', 'MR. DIMBESH SHARMA', 'MRS. SHALINI SHARMA', '2010-11-14', 'D-24, UDAI PARK, SECT. 5, HIRAN MAGRI, UDAIPUR', 'MDSPS-2496', 0, 1, 1, '', '', '', '', '0000-00-00'),
(864, 'TOSHIKA SALVI', 'MR  LOKESH SALVI', 'MRS  AARTI SALVI', '2010-05-27', 'BHOPA MAGRI, RIDHI SIDHI BANK, HIRAN MAGRI, SECT  NO  3, UDAIPUR', 'RTE-022', 0, 1, 1, '', '', '', '', '0000-00-00'),
(865, 'VAIDEEK CHOUBISA', 'MR  LALIT CHOUBISA', 'MRS  HEMLATA CHOUBISA', '2010-12-20', 'H NO  207-208, SURYA NAGAR, OPP  AAKASHWANI MADRI INDUSTRIAL AREA, UDAIPUR', 'MDSPS-2061', 0, 1, 1, '', '', '', '', '0000-00-00'),
(866, 'VANSH PARMAR', 'MR HEMANT PARMAR', 'MRS ASHA PARMAR', '2011-01-16', '155, HEMANT SHOES MAKER, BHAMASHAH MARG, TELIWARA', 'MDSPS-2550', 0, 1, 1, '', '', '', '', '0000-00-00'),
(867, 'VANSHIKA RATHORE', 'DR RAJENDRA RATHORE', 'MRS AMITA RATHORE', '2010-01-22', '36, SHEVASHRAM CHOWK, PATHO KI MAGRI, UDAIPUR', 'MDSPS-2578', 0, 1, 1, '', '', '', '', '0000-00-00'),
(868, 'VISHAL LOHAR ', 'MR. NAND  LAL LOHAR', 'MRS. MEENAXI LOHAR', '2010-06-12', '671, DHOLI MAGRI GATE NO.2 PANERAIA KI MADRI UDAIPUR', 'MDSPS-2034', 0, 1, 1, '', '', '', '', '0000-00-00'),
(869, 'YASHIKA JADOUN', 'MR. LOKENDRA SINGH JADOUN', 'MRS. MEENA SINGH JADOUN', '2011-06-27', '58, RISHI NAGAR, NEAR GAS GODOWN, SECT.  3, UDAIPUR', 'MDSPS-1901', 0, 1, 1, '', '', '', '', '0000-00-00'),
(870, 'YASHVI PARMAR', 'MR. RAJESH KUMAR PARMAR', 'MRS. RANJITA PARMAR', '2011-08-09', '21 C KRISHNA VIHAR NEW VIDHYA NAGAR, HIRAN MAGRI SEC-4 UDAIPUR', 'MDSPS-2023', 0, 1, 1, '', '', '', '', '0000-00-00'),
(871, 'YUVIKA CHOUDHARY', 'MR. PRAMOD KUMAR CHOUDHARY', 'MRS. TARA CHOUDHARY', '2011-01-02', '6 R . R.K. PURAM BHIAND GIRJA VIYAS PATROL PUMP SEC-9, TITARDI UDAIPUR', 'MDSPS-2096', 0, 1, 1, '', '', '', '', '0000-00-00'),
(872, 'AADITYA DEWANDA', 'MR. PIYUSH DEWANDA', 'MRS. NEETA DEWANDA', '2010-11-01', '21, BALAJI NAGAR, JAL VIHAR COLONY, MANWA KHEDA ROAD, HIRAN MAGRI, SECT. 5, UDAIPUR', 'MDSPS-2502', 0, 1, 2, '', '', '', '', '0000-00-00'),
(873, 'AARAV SHARMA', 'MR. SUNIL SHARMA', 'MRS. VINITA SHARMA', '2011-10-28', '1, AADARSH NAGAR, OPP. VAISHALI APARTMENT, HIRAN MAGRI, SECT. 4, UDAIPUR', 'MDSPS-2321', 0, 1, 2, '', '', '', '', '0000-00-00'),
(874, 'ADIT MAHESHWARI', 'MR  KOUSHAL GATTANI', 'MRS  JYOTI MAHESHWARI', '2011-08-19', '9, BAHU BALI COLONY, BOHARA GANESH MARG, UDAIPUR\r', 'MDSPS-2155', 0, 1, 2, '', '', '', '', '0000-00-00'),
(875, 'ANANT NANDAWAT', 'MR. BHARAT NANDAWAT', 'MRS. ANJANA JAIN', '2011-03-08', '65, SHANTI NAGAR, HIRAN MAGRI, SECT. NO. 3, UDAIPUR', 'MDSPS-1942', 0, 1, 2, '', '', '', '', '0000-00-00'),
(876, 'ANANYA MISHRA', 'MR. PANKAJ MISHRA', 'MRS. PADMA MISHRA', '2011-04-11', 'KRISTAL PLAZA FLAT NO.4 NEAR GENUS PUBLIC SCHOOL SAVEENA , UDAIPUR', 'MDSPS-1926', 0, 1, 2, '', '', '', '', '0000-00-00'),
(877, 'ANSHUL DAVE', 'MR. SANJAY A. DAVE', 'MRS. NILAM S. DAVE', '2011-01-13', '601-A BLOCK, DWARIKA APARTMENT A-ONE COMPLEX NXT. TO HP GAS GODAM OPP. SEC-5 , MANWA KHEDA, UDAIPUR ', 'MDSPS-1829', 0, 1, 2, '', '', '', '', '0000-00-00'),
(878, 'AVADHI SEHLOT', 'MR. MANOJ SEHLOT', 'MRS. ANITA SEHLOT', '2011-04-07', '2, NEW MAHAVEER NAGAR , HIRAN MAGRI SEC-4 , UDAIPUR', 'MDSPS-1930', 0, 1, 2, '', '', '', '', '0000-00-00'),
(879, 'AVISHA DASHARDA', 'MR. LOVENISH DASHARDA', 'MRS. NIRANJANA DASHARDA', '2011-03-10', '198, SUBHASH NAGAR, ROAD NO. 4, NEAR BANKARA HOUSE, UDAIPUR', 'MDSPS-1961', 0, 1, 2, '', '', '', '', '0000-00-00'),
(880, 'AVNI SAINI', 'MR  SHYAM SUNDER', 'MRS. RASHI ', '2011-09-18', 'T-III/4, BSNL COLONY, MANWA KHERA, SECTOR NO   6, HIRAN MAGRI, UDAIPUR', 'MDSPS-1983', 0, 1, 2, '', '', '', '', '0000-00-00'),
(881, 'AYAN HAQUE', 'MR. ISRARUL HAQUE', 'MRS. ISHRAT HAQUE', '2011-03-04', 'H.NO-89 ARIHANT NAGAR- SAVEENA UDAIPUR', 'MDSPS-1875', 0, 1, 2, '', '', '', '', '0000-00-00'),
(882, 'BHAVIK BORDIA', 'MR  ARVIND BORDIA', 'MRS  VIBHA BORDIA', '2011-07-13', '45, NEW VIDHYA NAGAR, SECT  4, UDAIPUR', 'MDSPS-2303', 0, 1, 2, '', '', '', '', '0000-00-00'),
(883, 'BHUVI CHOUDHARY', 'MR  RAJESH CHOUDHARY', 'MRS  SAPNA CHOUDHARY', '2010-12-08', '4, VINAYAK NAGAR, BOHARA GANESH JI ROAD, UDAIPUR', 'MDSPS-2077', 0, 1, 2, '', '', '', '', '0000-00-00'),
(884, 'CHETANY KUMAR', 'LATE MR. RAJEEV KUMAR', 'MRS. ARTI', '2010-12-17', 'QR. NO. 13, P&T COLONY, HIRAN MAGRI, SECT. NO. 4,  UDAIPUR', 'MDSPS-2495', 0, 1, 2, '', '', '', '', '0000-00-00'),
(885, 'DARSHNA AUDICHYA', 'MR RAJESH AUDICHYA', 'MRS KHUSHBU SHARMA', '2011-05-26', 'PUROITAN KI MADRI, ROAD NO 6, UDAIPUR', 'MDSPS-2555', 0, 1, 2, '', '', '', '', '0000-00-00'),
(886, 'DEVADITYA SINGH', 'MR. DIGVIJAY SINGH RATHORE', 'MRS. NIRUPAMA DEORA', '2011-01-12', '43-A, NEW URJA VIHAR, AMBA FALA, TITARDI, UDAIPUR', 'MDSPS-1979', 0, 1, 2, '', '', '', '', '0000-00-00'),
(887, 'DHRITI GAUR', 'MR. KALPESH GAUR', 'MRS. BAVITA GAUR', '2011-09-07', 'A-103, DWARIKA APARTMENT , A-ONE COMPLEX, MANWAHEDA, UDAIPUR', 'MDSPS-2076', 0, 1, 2, '', '', '', '', '0000-00-00'),
(888, 'DIVY MAKREJA', 'MR.MANISH MAKREJA', 'MRS. RIYA MAKREJA', '2011-06-23', '1-T- 41 HIRAN MAGRI SEC-4 UDAIPUR', 'MDSPS-2271', 0, 1, 2, '', '', '', '', '0000-00-00'),
(889, 'DIVYAJA JANI', 'MR. MILAN KUMAR JANI', 'MRS. SWETA JANI', '2011-07-20', 'PLOT NO. 16062, SEC. 5/C, GANDHI NAGAR, GUJRAT', 'MDSPS-2518', 0, 1, 2, '', '', '', '', '0000-00-00'),
(890, 'DIVYANSHU MURDIA (JAIN)', 'MR. ANIL MURDIA', 'MRS. KOMAL MURDIA', '2011-05-27', '12, VIDHYA NAGAR, UNIVERCITY  HOUSING SOCIETY COLONY HIRAN MAGRI SEC-4 UDAIPUR', 'MDSPS-2019', 0, 1, 2, '', '', '', '', '0000-00-00'),
(891, 'DURVISH MENARIA', 'MR CHETAN MENARIA', 'MRS MAMTA MENARIA', '2011-05-28', '3, GHATI KI MAGRI, PANERIYON KI MADRI, UDAIPUR', 'MDSPS-2568', 0, 1, 2, '', '', '', '', '0000-00-00'),
(892, 'GAYATRI RATHORE', 'MR  MAHIPAL SINGH RATHORE', 'MRS  MAYA', '2011-01-07', '30, SAMTA NAGAR H  M  SEC  3', 'MDSPS-1870', 0, 1, 2, '', '', '', '', '0000-00-00'),
(893, 'HARSHITA CHOUDHARY', 'MR. SATYENDRA CHOUDHARY', 'MRS. REKHA CHOUDHARY', '2011-07-30', 'BLOCK ''O'' NO. 9, POLICE LINE, RETI STAND, UDAIPUR', 'MDSPS-2522', 0, 1, 2, '', '', '', '', '0000-00-00'),
(894, 'HEENA VERMA', 'MR. SORABH VERMA', 'MRS. CHETNA VERMA', '2011-10-21', 'HOUSE NO. 28, BOHARA GANESH COLONY, BEHIND DHULKOT  CHORAHA, UDAIPUR', 'MDSPS-2500', 0, 1, 2, '', '', '', '', '0000-00-00'),
(895, 'JHEEL PALIWAL', 'MR SHAILENDRA PALIWAL', 'MRS GIRIJA PALIWAL', '2011-02-07', '95, NAKODA NAGAR, SEC-3, UDAIPUR', 'MDSPS-2592', 0, 1, 2, '', '', '', '', '0000-00-00'),
(896, 'KARTIK KAUSHIK', 'MR. SANJAY KAUSHIK', 'MRS. SAPNA KAUSHIK', '2011-11-16', '17-A, A-ONE COMPLEX, MANWAKHERA, UDAIPUR', 'MDSPS-2607', 0, 1, 2, '', '', '', '', '0000-00-00'),
(897, 'KHUSHI SUTHAR', 'MR. PANNALAL SUTHAR', 'MRS. TULSI SUTHAR', '', 'SEC-3 SURYA NAGAR- 728 , HIRAN MAGRI , UDAIPUR', 'MDSPS-1847', 0, 1, 2, '', '', '', '', '0000-00-00'),
(898, 'KRITIKA SEN ', 'MR.MAHENDRA SEN ', 'MRS. TANUJA SEN ', '2011-09-24', '3-TA-36 HIRAN MAGRI SEC-5 PRABHAT NAGAR UDAIPUR', 'MDSPS-2005', 0, 1, 2, '', '', '', '', '0000-00-00'),
(899, 'KULSHRESHTHA SINGH CHAUHAN ', 'MR. KARNI SINGH ', 'MRS. SAROJ BHATI ', '2011-09-21', '53 SAMTA NAGAR HIARAN MAGRI SEC-3 UDAIPUR ', 'MDSPS-2029', 0, 1, 2, '', '', '', '', '0000-00-00'),
(900, 'MAHI JAIN ', 'MR. KAMAL JAIN', 'MRS. RIDHI JAIN', '2011-10-22', '13, RAVINDRA NAGAR, UDAIPUR', 'MDSPS-2539', 0, 1, 2, '', '', '', '', '0000-00-00'),
(901, 'MANJEET SINGH RANAWAT', 'MR. SANGRAM SINGH RANAWAT ', 'MRS. GOVIND KUNWAR ', '2011-10-24', '30, OSTWAL NAGAR SUNDERWAS, UDAIPUR ', 'MDSPS-2191', 0, 1, 2, '', '', '', '', '0000-00-00'),
(902, 'MEDHANSH KAMRA', 'MR. ASHUTOSH KAMRA', 'MRS. BHAMINI KAMRA', '2010-12-26', '1 -J-1-32 HOUSING BOARD COLONY HIRAN MAGRI SEC-4 UDAIPUR ', 'MDSPS-2044', 0, 1, 2, '', '', '', '', '0000-00-00'),
(903, 'NAITIK MEHTA', 'MR. BHARAT MEHTA', 'MRS. PRANITA MEHTA', '2011-05-17', '24 NIRMAL VIHAR , HM SEC-3 UDAIPUR', 'MDSPS-2018', 0, 1, 2, '', '', '', '', '0000-00-00'),
(904, 'NAITIK PRAJAPAT', 'MR. PURAN LAL PRAJAPAT', 'MRS. HEMLATA PRAJAPAT', '2011-06-14', '28, ANAND COMPLEX VILL- EKLINGPURA PO- KALADWAS, UDAIPUR', 'MDSPS-2043', 0, 1, 2, '', '', '', '', '0000-00-00'),
(905, 'NARAYAN SINGH SENGAR', 'MR. RAJESH SINGH ', 'MRS. LAKSHMI DEVI', '2011-04-20', '16, SUKHADHIYA NAGAR, SEC-3 UDAIPUR', 'MDSPS-1927', 0, 1, 2, '', '', '', '', '0000-00-00'),
(906, 'NEHAL JEENGAR', 'MR  JITESH JEENGAR', 'MRS  NEETU JEENGAR', '2011-09-04', 'H NO  3-DH-11, PRABHAT NAGAR, HIRAN MAGRI, SECT  NO  5, UDAIPUR', 'MDSPS-2060', 0, 1, 2, '', '', '', '', '0000-00-00'),
(907, 'NIRVI LODHA', 'MR. DHARMENDRA LODHA', 'MRS. DEEPIKA JAIN ', '2010-09-14', '3-J-1 PRABHAT NAGAR OPP- M.V.M.SCHOOL . SEC-5 UDAIPUR ', 'MDSPS-1848', 0, 1, 2, '', '', '', '', '0000-00-00'),
(908, 'NISHANT NAGDA', 'MR. DINESH NAGDA', 'MRS. LAXMI NAGDA', '2010-11-07', '42- KUMBHA NAGAR HIRAN MAGRI SEC-4 UDAIPUR ', 'MDSPS-1957', 0, 1, 2, '', '', '', '', '0000-00-00'),
(909, 'PRANJAL PATEL', 'MR  ABHISHEK PATEL', 'MRS  PREMLATA PATEL', '2010-08-13', '277, HIRAN MAGRI,VIVEK NAGAR SECT  NO  3, OPP  MAHAVIR BHAWAN, UDAIPUR', 'MDSPS-1860', 0, 1, 2, '', '', '', '', '0000-00-00'),
(910, 'PRANVEER SINGH SHEKHAWAT', 'MR. ABHAY SINGH SHEKHAWAT', 'MRS. AMITA KANWAR', '2010-12-29', 'R.G VILA,411 2ND FLOOR ABOVE VIJAYA BANK H.M SEC-3 UDAIPUR', 'MDSPS-1975', 0, 1, 2, '', '', '', '', '0000-00-00'),
(911, 'PRATHAM SHANBHAG', 'MR. GAJANAN SHANBHAG', 'MRS. SWATHI SHANBHAG', '2010-12-07', 'RADHEAY KRISHNA APARTMENT, H.NO.  702, NEW VIDHYA NAGAR, HIRAN MAGRI, SECT. NO. 4, UDAIPUR', 'MDSPS-1985', 0, 1, 2, '', '', '', '', '0000-00-00'),
(912, 'PRATIGYA SINGH ', 'MR. DR. ANIRUDDH KUMAR SINGH ', 'MRS. PRATIMA SINGH ', '2011-07-11', 'H.NO. 325, VIVEK NAGAR, SEC-3 OPP. SHIV MANDIR , HIRAN MAGRI , UDAIPUR', 'MDSPS-2009', 0, 1, 2, '', '', '', '', '0000-00-00'),
(913, 'PREETI KADELA', 'MR. CHENARAM KADELA', 'MRS. SUNITA KADELA', '2011-08-31', '67, AAKASHWANI COLONY, PUROHITO KI MADRI, UDAIPUR', 'MDSPS-2012', 0, 1, 2, '', '', '', '', '0000-00-00'),
(914, 'PREKSHA MEHTA', 'MR  NILESH MEHTA', 'MRS  DIVYA MEHTA', '2011-03-20', '12-B, NEW MAHAVEER NAGAR, HIRAN MAGRI, SECT  NO  4, UDAIPUR', 'MDSPS-1929', 0, 1, 2, '', '', '', '', '0000-00-00'),
(915, 'PRINCE DANGI ', 'MR. DUDELAL DANGI ', 'MRS. SHANTA DANGI ', '2010-05-02', 'EKLINGPURA HOLI CHOCK , UDAIPUR', 'MDSPS-2172', 0, 1, 2, '', '', '', '', '0000-00-00'),
(916, 'PRINCY DOSHI', 'MR.VARDHMAN DOSHI', 'MRS. CHANCHAL DOSHI', '2010-10-08', '285, VIVEK NAGAR HIARN MAGRI SEC-3 UDAIPUR ', 'MDSPS-1841', 0, 1, 2, '', '', '', '', '0000-00-00'),
(917, 'RAJSHREE PALIWAL', 'MR. PRAMOD PALIWAL ', 'MRS. SHWETA PALIWAL ', '2010-12-29', 'HOUSE NO-3 LA-9 PRBHAT NAGAR, HIRAN MAGRI SEC-5 UDAIPUR ', 'MDSPS-1999', 0, 1, 2, '', '', '', '', '0000-00-00'),
(918, 'RIYANSHA CHOUHARY', 'MR. BHUPESH CHOUDHARY', 'MRS. REENA CHOUDHARY', '2010-11-05', '1-GA-15 GAYTRI NAGAR, HIRAN MAGRI, SEC-5 UDAIPUR', 'MDSPS-1876', 0, 1, 2, '', '', '', '', '0000-00-00'),
(919, 'RONIT KARMAKAR', 'MR. JAYANTA KARMAKAR ', 'MRS. POOJA KARMAKAR', '2010-12-29', '64, NEW VIDHYA NAGAR SEC-4 HIRAN MAGRI UDAIPUR', 'MDSPS-2291', 0, 1, 2, '', '', '', '', '0000-00-00'),
(920, 'RUCHIT BHATT', 'MR. VINOD BHATT', 'MRS. SUDARSHANA SHARMA ', '2011-09-02', '280/1, ASHOK VIHAR, NEAR JAIN TEMPLE, HIRAN MAGRI, SEC-4 , UDAIPUR', 'MDSPS-2031', 0, 1, 2, '', '', '', '', '0000-00-00'),
(921, 'SIDDHARTHA KUMAWAT', 'MR. ANIL KUMAWAT', 'MRS. VARSHA PRAJAPATI', '2011-03-31', 'PLOT NO -15 SHANTI NAGAR HIRAN MAGRI SEC-3 UDAIPUR  ', 'MDSPS-1997', 0, 1, 2, '', '', '', '', '0000-00-00'),
(922, 'VANSH PITLIYA', 'MR. PRADEEP PITLIYA', 'MRS. LALITA P PITLIYA ', '2011-03-11', '19/A NAKODA NAGR, KASHIPURI SEC-5, NR. SUNPRISE HOSPITAL , UDAIPUR ', 'MDSPS-2199', 0, 1, 2, '', '', '', '', '0000-00-00'),
(923, 'VEER LODHA', 'MR  NEERAJ LODHA', 'MRS  GEETA LODHA', '2011-08-22', '15, TAGORE NAGAR, SECT  NO  4, HIRAN MAGRI, UDAIPUR', 'MDSPS-2017', 0, 1, 2, '', '', '', '', '0000-00-00'),
(924, 'VIBHAS MEHTA', 'MR. GIRISH MEHTA', 'MRS. SHARMILA MEHTA', '2011-11-12', '33, NIRMAL VIHAR, NEAR MDS SR. SEC. SCHOOL, SECT. 3, UDAIPUR', 'MDSPS-2002', 0, 1, 2, '', '', '', '', '0000-00-00'),
(925, 'VIDUSHI UPADHYAY', 'MR. TUSHAR UPADHAYAY ', 'MRS. KHUSHBU UPADHYAY ', '2011-08-23', '2-B-4 TULSI-MAN , SHANTI NAGAR , HIRAN MAGRI SEC-3 UDAIPUR', 'MDSPS-2003', 0, 1, 2, '', '', '', '', '0000-00-00'),
(926, 'VIHAAN CHOUBISA', 'MR. VISHAL CHOUBISA', 'MRS.PRAGYA CHOUBISA', '2010-10-03', '20, NAKODA COMPLEX NEAR PARTANI HOSPITAL , HANSA PALACE LANE , HIRAN MAGRI SEC-4 UDAIPUR ', 'MDSPS-2058', 0, 1, 2, '', '', '', '', '0000-00-00'),
(927, 'VIHAN SALVI', 'MR  NARESH SALVI', 'MRS  SANTOSH SALVI', '2010-06-12', 'BEHIND RAJASTHAN PATRIKA, UTTRAI SUNDERWAS, UDAIPUR', 'RTE-026', 0, 1, 2, '', '', '', '', '0000-00-00'),
(928, 'YASH  JAIN', 'MR. PAWAN JAIN', 'MRS. KHUSHI JAIN', '2011-05-19', '4-K-14, HIRAN MAGRI, SECT. NO. 4, UDAIPUR', 'MDSPS-2148', 0, 1, 2, '', '', '', '', '0000-00-00'),
(929, 'YASHVARDHAN SINGH CHOUHAN', 'MR RAJENDRA SINGH CHOUHAN', 'MRS JAY SHREE KUNWAR', '2012-10-12', '34, NEW SHIV NAGAR, SEC - 3, UDAIPUR', 'MDSPS-2591', 0, 1, 2, '', '', '', '', '0000-00-00'),
(930, 'ABHISHEK PATEL', 'MR  SUKH PATEL', 'MRS  LEELA PATEL', '2010-05-13', '1899, SEC - 3, UDAIPUR', 'MDSPS-1503', 0, 2, 1, '', '', '', '', '0000-00-00'),
(931, 'AKSHIT PARASHAR', 'MR. ANKIT PARASHAR', 'MRS. BHARTI PARASHAR', '2010-03-18', '2, JYOTI NAGAR, NEAR VASHALI  APPARTMENT, A-ONE GUEST HOUSE STREET, HIRAN MAGARI, SECT. 4, UDAIPUR', 'MDSPS-1613', 0, 2, 1, '', '', '', '', '0000-00-00'),
(932, 'ANANT PARASHAR', 'MR. ANKIT PARASHAR', 'MRS. BHARTI PARASHAR', '2010-03-18', '2, JYOTI NAGAR, NEAR VASHALI  APPARTMENT, A-ONE GUEST HOUSE STREET, HIRAN MAGARI, SECT. 4, UDAIPUR', 'MDSPS-1614', 0, 2, 1, '', '', '', '', '0000-00-00'),
(933, 'ASHWIN SHEKHAR GUPTA', 'MR. SANEEV SHEKHAR', 'MRS. VARSHA KUMARI', '2010-03-20', 'Q.NO 38-B BARI RAILWAY COLONY RANAPRATAP NAGAR, RLY. COLONY , UDAIPUR', 'MDSPS-2205', 0, 2, 1, '', '', '', '', '0000-00-00'),
(934, 'BHARTESH GAUTAM ', 'MR. JEETENDRA KUMAR GAUTAM ', 'MRS. KAVITA GAUTAM ', '2010-07-07', 'H.NO 6I -5 VIP COLONY H.M SEC 9 UDAIPUR', 'MDSPS-2393', 0, 2, 1, '', '', '', '', '0000-00-00'),
(935, 'CHIRAG DANGI', 'MR  KISHAN DANGI', 'MRS  LEELA DANGI', '2009-03-28', 'SHOBHAGPURA, KAHIYON KA NOHRA, NEAR VIKAS VIDHYA MANDIR SCHOOL, UDAIPUR', 'MDSPS-1919', 0, 2, 1, '', '', '', '', '0000-00-00'),
(936, 'DAKSH KOTHARI ', 'MR. YOGESH KOTHARI', 'MRS. SHILPA JAIN', '2009-01-03', 'NO.30 NIRMAL VIHAR SEC-3 HIRAN MAGRI UDAIPUR', 'MDSPS-1453', 0, 2, 1, '', '', '', '', '0000-00-00'),
(937, 'DHEERAL KAVDIA', 'MR  RAHUL KAVDIA', 'MRS  POONAM KAVDIA', '2010-07-24', '975, SEC - 4, GYAN BAGAR, UDAIPUR', 'MDSPS-1707', 0, 2, 1, '', '', '', '', '0000-00-00'),
(938, 'DIVYANSH GANDHARV', 'MR  NARAYAN GANDHARV', 'MRS  KALPANA GANDHARV', '2009-11-28', '4-A-7, GUPTESHWER NAGAR, HIRAN MAGRI, SECT  NO  7, UDAIPUR', 'RTE-015', 0, 2, 1, '', '', '', '', '0000-00-00'),
(939, 'GARVIT POKHARANA ', 'MR. ROSHAN POKHARANA ', 'MRS. ANJANA POKHARANA', '2010-07-27', '47-B SAMTA NAGR SEC-3 HIRAN MAGRI , UDAIPUR', 'MDSPS-1376', 0, 2, 1, '', '', '', '', '0000-00-00'),
(940, 'HARDIK MENARIA', 'MR  NAND KISHORE MENARIA', 'DR. VIDHYA MENARIA', '2010-05-19', '126, PANERIYON KI MADRI, UDAIPUR', 'MDSPS-1462', 0, 2, 1, '', '', '', '', '0000-00-00'),
(941, 'IJYARAJ SINGH KUMPAWAT', 'MR. PRAHLAD  SINGH ', 'LATE  MRS. UTTAM KUNWAR', '2010-08-15', 'C-1 VIDHYA NAGAR SEC-4 DAIPUR ', 'MDSPS-1699', 0, 2, 1, '', '', '', '', '0000-00-00'),
(942, 'JAY GORANA', 'MR  JAGDISH GORANA', 'MRS  LAXMI GORANA', '2010-05-06', '33/896, GLASS FACTORY, KHEMPURA ROAD, UDAIPUR', 'MDSPS-1572', 0, 2, 1, '', '', '', '', '0000-00-00'),
(943, 'JAYDEEP SINGH PARIHAR', 'MR.AJAY PARIHAR', 'MRS. BHAWANA PARIHAR', '2010-02-12', 'H.NO .1190, AADARSH NAGAR, HIRAN MAGRI ,SEC-4 UDAIPUR', 'MDSPS-1285', 0, 2, 1, '', '', '', '', '0000-00-00'),
(944, 'JENIL MEHTA ', 'MR. VISHAL MEHTA', 'MRS. KIRAN MEHTA', '2010-08-06', '13, EKLING COLONY SEC-3 NUDAIPUR', 'MDSPS-1737', 0, 2, 1, '', '', '', '', '0000-00-00'),
(945, 'KANAK VORA', 'MR. PRASHANT VORA', 'MRS. MITTAL VORA', '2009-11-07', '285, SWAROOP SADAN NEAR AGRAWAL TENT HOUSE SOUTH SANDERWAS UDAIPUR', 'MDSPS-1644', 0, 2, 1, '', '', '', '', '0000-00-00'),
(946, 'KARTAVYA NANDWANA', 'MR. UMA SHANKAR NANDWANA', 'MRS. VANDANA NANDWANA', '2010-01-01', '295, SHIV COLONY, NEAR JADAV NAUSERY, UDAIPUR', 'MDSPS-1417', 0, 2, 1, '', '', '', '', '0000-00-00'),
(947, 'KRISHNA SHARMA', 'MR  RAMESH SHARMA', 'MRS  ANITA SHARMA', '2010-10-01', '521, KALAJI GORAJI, GULAB BAG ROAD, UDAIPUR', 'MDSPS-2286', 0, 2, 1, '', '', '', '', '0000-00-00'),
(948, 'LAKSHYARAJ CHOUDHARY', 'MR  OM PRAKASH CHOUDHARY', 'MRS  PUSHPA CHOUDHARY', '2009-12-27', '724, SURYA NAGAR, HIRAN MAGRI, SECT  NO  3, UDAIPUR', 'MDSPS-1580', 0, 2, 1, '', '', '', '', '0000-00-00'),
(949, 'MAHIM SEMLAWAT', 'MR  VIKAS SEMLAWAT', 'MRS  ANKITA SEMLAWAT', '2010-02-28', 'H NO  58, KRISNA VIHAR, NEW VIDHAYA NAGAR, SECT  4, UDAIPUR', 'MDSPS-2227', 0, 2, 1, '', '', '', '', '0000-00-00'),
(950, 'MANAS GANDHARV', 'MR  SANTOSH GANDHARV', 'MRS  SEEMA GANDHARV', '2010-11-01', '535, TAGORE NAGER, UDAIPUR', 'RTE-012', 0, 2, 1, '', '', '', '', '0000-00-00'),
(951, 'MITUL AJARIA', 'MR. THAKUR KANT SHARMA ', 'MRS. BASANTI SHARMA', '2009-08-21', '26, SHASTRI NAGAR , HIRAN MAGRI , SEC-3, UDAIPUR', 'MDSPS-1570', 0, 2, 1, '', '', '', '', '0000-00-00'),
(952, 'MUKUL VAISHNAV', 'MR  ASHOK VAISHNAV', 'MRS  KIRAN VAISHNAV', '2009-07-25', 'UDAIPUR', 'RTE-017', 0, 2, 1, '', '', '', '', '0000-00-00'),
(953, 'NANDINI SONI', 'MR  AMIT SONI', 'MRS  RANI SONI', '2009-12-07', '180, JYOTI COLONY, 180, JYOTI COLONY PRATAP NAGAR', 'RTE-014', 0, 2, 1, '', '', '', '', '0000-00-00'),
(954, 'NANDISHA SAHU', 'MR  BHARAT SAHU', 'MRS  SEEMA SAHU', '2010-05-27', '265, BEHIND POLICE LINE, TEKRI, UDAIPUR', 'MDSPS-2239', 0, 2, 1, '', '', '', '', '0000-00-00'),
(955, 'NANDNI DHAKAD', 'MR. DEEPAK DHAKAD', 'MRS. PRATIBHA JAIN ', '2010-09-14', '201, GOVINDAM APPARTMENT NEW VIDHYA NAGAR BSNL ROAD, SEC-4 UDAIPUR', 'MDSPS-1323', 0, 2, 1, '', '', '', '', '0000-00-00'),
(956, 'NIKHIL DANGI ', 'MR. GANESH DANGI ', 'MRS. MANJU DANGI ', '2009-12-14', 'DANGIYO KA GUDA LAKHWALI', '', 0, 2, 1, '', '', '', '', '0000-00-00'),
(957, 'PAHAL TATER', 'MR  VIKAS TATER', 'MRS  DEEPIKA TATER', '2010-11-10', 'SONI JI KI BARI, NEAR JAIN TEMPLE, AYAD, UDAIPUR', 'MDSPS-2231', 0, 2, 1, '', '', '', '', '0000-00-00'),
(958, 'PAVITRA SANJAY', 'MR  SANJAY KAMAL', 'MRS  SUNITA V  PANICKER', '2010-04-26', '4- KHUSHA, BAGH, ROAD NO  1 KESHAV NAGAR UDR ', 'MDSPS-1840', 0, 2, 1, '', '', '', '', '0000-00-00'),
(959, 'PRADHYUMAN LAKSHKAR', 'MR. CHANDRA PRAKASH LAKSHKAR', 'MRS. REKHA LAKSHKAR', '2010-08-06', 'HOUSE NO. 3-BHA-13, SECT. 5, HIRAN MAGRI, UDAIPUR', 'MDSPS-1917', 0, 2, 1, '', '', '', '', '0000-00-00'),
(960, 'PRATEEK CHOUBISA', 'MR  BHUPENDRA KUMAR CHOUBISA', 'MRS  LEELA CHOUBISA', '2010-08-14', '23, SAMTA NAGAR, SEC - 3, UDAIPUR', 'MDSPS-1443', 0, 2, 1, '', '', '', '', '0000-00-00'),
(961, 'PREET MARU', 'MR. JEETENDRA MAROO', 'MRS. AZAD MAROO', '2010-03-03', '94, TILAK NAGAR, HIRAN MAGRI , SEC-3 UDAIPUR', 'MDSPS-1703', 0, 2, 1, '', '', '', '', '0000-00-00'),
(962, 'PRIYA SUHALKA', 'MR  DHARMENDRA SUHALKA', 'MRS  SEEMA SUHALKA', '2009-01-16', '129, RISHI NAGAR, SECT  NO  3, HIRAN MAGRI, UDAIPUR', 'MDSPS-2122', 0, 2, 1, '', '', '', '', '0000-00-00'),
(963, 'RANJANA DANGI ', 'MR. GANGA RAM DANGI ', 'MRS. ANITA DANGI ', '2009-12-13', 'MANURA , LAKHAWALI', 'MDSPS-1408', 0, 2, 1, '', '', '', '', '0000-00-00'),
(964, 'REYANSH AMETA', 'MR  NARENDRA K  AMETA', 'MRS  ALPA AMETA', '2009-10-05', '19, SAMTA NAGAR, HIRAN MAGRI, SECT  NO  3, UDAIPUR', 'MDSPS-1690', 0, 2, 1, '', '', '', '', '0000-00-00'),
(965, 'ROHAN RAJ SHIVNANI', 'MR  VIKAS RAJ SHIVNANI', 'MRS  POOJA RAJ SHIVNANI', '2010-07-20', '27, A1 COMPLEX MANWA KHERA SEC  5', 'MDSPS-1834', 0, 2, 1, '', '', '', '', '0000-00-00'),
(966, 'ROHIT DANGI', 'MR  ASHOK KUMAR DANGI', 'MRS  RADHA DANGI', '2009-08-25', '42, BADA NOKHA, NEAR KUMBHA NAGAR, HIRAN MAGRI, SECT  NO  4, UDAIPUR', 'MDSPS-1360', 0, 2, 1, '', '', '', '', '0000-00-00'),
(967, 'RUDRAPRIYA SINGH GADEN ', 'MR. SURENDRA SINGH GADEN ', 'MRS. DIVYA BARHAT', '2010-06-22', '301, KESHV APARTMENT , NEW VIDHYA NAGAR , SEC-4 HIRAN MAGRI UDAIPUR', 'MDSPS-2204', 0, 2, 1, '', '', '', '', '0000-00-00'),
(968, 'RUSHI CHAUDHARY', 'MR. PANKAJ CHAUDHARY', 'MRS. MADHAVI CHAUDHARY', '2010-05-19', '35-A, AADARSH SOCIETY, SECTOR 4, HIRAN MAGRI, UDAIPUR', 'MDSPS-1918', 0, 2, 1, '', '', '', '', '0000-00-00'),
(969, 'SANCHI GURJAR', 'MR  SUNIL GURJAR', 'MRS  ALPA GURJAR', '2009-10-27', '6, J 9 VIP COLONY SEC  9', 'MDSPS-1482', 0, 2, 1, '', '', '', '', '0000-00-00'),
(970, 'SHARVI JAIN ', 'MR.VIKAS JAIN', 'MRS.SONAL JAIN', '2009-10-02', '99 EKLING NATH COLONY H.M. SEC-4 UDAIPUR', 'MDSPS-1318', 0, 2, 1, '', '', '', '', '0000-00-00'),
(971, 'SIDDISHA KUNWAR RAJAWAT', 'MR  DILIP SINGH RAJAWAT', 'MRS  KISHMAT KUNWAR RAJAWAT', '2010-03-28', '953, GYAN NAGAR, SEC - 4, UDAIPUR', 'RTE-020', 0, 2, 1, '', '', '', '', '0000-00-00'),
(972, 'SIMRITA KOUR JOGI', 'MR. AVTAR SINGH JOGI', 'MRS. KAIRANA KOUR JOGI', '2010-01-31', '27, AADARSH HOUSING  SOCIETY , SEC-4 UDAIPUR', 'MDSPS-1332', 0, 2, 1, '', '', '', '', '0000-00-00'),
(973, 'SIYA GURJAR', 'MR  SUNIL GURJAR', 'MRS  ALPA GURJAR', '2009-10-27', '6 J 9 VIP COLONY SEC  9', 'MDSPS-1483', 0, 2, 1, '', '', '', '', '0000-00-00'),
(974, 'SOMYA KUMAWAT', 'MR  VIKRAM KUMAWAT', 'MRS  ANITA KUMAWAT', '2008-07-22', '28-A, SHASTRI NAGAR, HIRAN MAGRI, SECT  NO  3, UDAIPUR', 'RTE-018', 0, 2, 1, '', '', '', '', '0000-00-00'),
(975, 'SUZAIN KATARIYA', 'MR  BHARAT KATARYA', 'MRS  CHESTA KATARIYA', '2009-11-26', '1-K-10, SHIV MARG, NEAR SARAS PARLAR, HIRAN MAGRI, SECT  5, UDAIPUR', 'MDSPS-2264', 0, 2, 1, '', '', '', '', '0000-00-00'),
(976, 'TANISHQ NANDWANA', 'MR. RAJESH NANDWANA', 'MRS. BHAWANA NANDWANA', '2010-06-22', 'PANERIA KI MADRI , OPPOSITE POLICE YHANA, HIRAN MAGRI SEC-6 , UDAIPUR', 'MDSPS-1393', 0, 2, 1, '', '', '', '', '0000-00-00'),
(977, 'TANMAY KATHURIA', 'MR  MANISH KATHURIA', 'MRS  RISHIKA KATHURIA', '2009-10-19', '1 GA 14, GAYATRI NAGAR, SEC - 5, UDAIPUR', 'MDSPS-1361', 0, 2, 1, '', '', '', '', '0000-00-00'),
(978, 'TANVI MENARIA ', 'MR  PREM SHANKAR MENARIA', 'MRS  ANITA MENARIA', '2010-10-10', '99, PANERIYON KI MADRI,  UDAIPUR', 'MDSPS-1308', 0, 2, 1, '', '', '', '', '0000-00-00'),
(979, 'TEJAL LOHAR', 'MR  DINESH LOHAR', 'MRS  PRIYANKA LOHAR', '2010-10-10', 'PUROHITO KI MADRI ROAD NO  3-4 JANAK KOTRA ROAD', 'MDSPS-1480', 0, 2, 1, '', '', '', '', '0000-00-00'),
(980, 'UJJWAL KURDIA', 'MR.NITESH KURDIA', 'MRS.RENU KURDIA', '2010-02-21', 'H.NO 4-DA-4 HIRAN MAGRI SEC-4, RHB COLONY UDAIPUR', 'MDSPS-1682', 0, 2, 1, '', '', '', '', '0000-00-00'),
(981, 'VANSH SETHIA', 'MR  RAJIV SETHIA', 'MRS  REKHA SETHIA', '2010-03-21', '3 TH 26, PRABHAT NAGAR, SEC - 5, UDAIPUR', 'MDSPS-1331', 0, 2, 1, '', '', '', '', '0000-00-00'),
(982, 'VINAY PATEL ', 'MR. LAXMAN PATEL ', 'MRS. DURGA PATEL ', '2010-07-09', 'EKLINGPURA JAMAR KOTDA ROAD UDAIPUR', 'MDSPS-1594', 0, 2, 1, '', '', '', '', '0000-00-00'),
(983, 'VISHAL MEENA ', 'MR. BABULAL MEENA ', 'MRS. MAMTA MEENA', '2009-06-04', 'B-132 ARAVALI MINRELS COMPANY, M.I. ROAD NO-1 MADRI UDAIPU ', 'MDSPS-1446', 0, 2, 1, '', '', '', '', '0000-00-00'),
(984, 'AARAV DEO ', 'MR. SUMIT DEO', 'MRS. DEEPTI DEO ', '2010-05-16', 'A-802, DWARIKA APARTMENT , A-ONE COMPLEX MANWA KHEDA, HIRAN MAGRI SEC- UDAIPUR', 'MDSPS-1282', 0, 2, 2, '', '', '', '', '0000-00-00'),
(985, 'ADARSH POKHARNA', 'MR. SAMEER POKHARANA', 'MRS. JAYA POKHARANA', '2009-12-29', '13/852, ARVIND NAGAR, UDAIPUR', 'MDSPS-2505', 0, 2, 2, '', '', '', '', '0000-00-00'),
(986, 'ADITYA AMETA', 'MR  AVINASH AMETA', 'MRS  VASUDHA SHARMA', '2010-11-18', '230, B SUBHASH NAGAR', 'MDSPS-1871', 0, 2, 2, '', '', '', '', '0000-00-00'),
(987, 'AKSHAT DEO ', 'MR. SUMIT DEO', 'MRS. DEEPTI DEO ', '2010-05-16', 'A-802, DWARIKA APARTMENT , A-ONE COMPLEX MANWA KHEDA, HIRAN MAGRI SEC- UDAIPUR', 'MDSPS-1281', 0, 2, 2, '', '', '', '', '0000-00-00'),
(988, 'ANSH PRIYANSHU', 'MR. RITESH SINGH', 'MRS. PUJA KUMARI', '2009-08-04', 'FG-1350, ADARSH NAGAR COLONY, HIRAN MAGRI, SECT. NO. 4, UDAIPUR', 'MDSPS-1995', 0, 2, 2, '', '', '', '', '0000-00-00'),
(989, 'ANSHUL SONAVA', 'MR. VIJESH KR. SONAVA', 'MRS. NEHA SONAVA', '2010-07-29', '24/W SAMTA NAGAR HIRAN MAGRI , SEC-3 UDAIPUR', 'MDSPS-1449', 0, 2, 2, '', '', '', '', '0000-00-00'),
(990, 'ARYAN CHOUBISA', 'MR  DINESH CHOUBISA', 'MRS  KRISHNA CHOUBISA', '2010-05-14', '433, HIRAN MAGRI, SECT  NO  4, UDAIPUR', 'MDSPS-1456', 0, 2, 2, '', '', '', '', '0000-00-00'),
(991, 'BHARGAVI JAYANT INDURKAR', 'MR. JAYANT INDURKAR', 'MRS. MANJUSHRI INDURKAR', '2010-12-07', 'HOUSE NO. 38, SHANTI NAGAR, SECT. 3, HIRAN MAGRI, UDAIPUR', 'MDSPS-2401', 0, 2, 2, '', '', '', '', '0000-00-00'),
(992, 'BHAVIKA RATHORE', 'MR  BHARAT SINGH RATHORE', 'MRS  SONALI RATHORE', '2009-10-23', '3-KA-27, PRABHAT NAGAR, HIRAN MAGRI, SECT  NO  5, UDAPUR', 'MDSPS-2209', 0, 2, 2, '', '', '', '', '0000-00-00'),
(993, 'CHIRAG POKHARNA', 'MR. UMESH POKHARNA', 'MRS. PAYAL POKHARNA', '2010-08-01', '70,RISHABH HOUSING SOCIRTY , TAGOUR NAGAR, H.M. SEC-4, UDAIPUR ', 'MDSPS-1277', 0, 2, 2, '', '', '', '', '0000-00-00'),
(994, 'DARSHIL CHOUBISA', 'MR. MANOJ CHOUBISA', 'MRS. ANJANA CHOUBISA', '2009-10-04', '20 NAKODA COMPLEX H.M. SEC-4 UDAIPUR', 'MDSPS-1688', 0, 2, 2, '', '', '', '', '0000-00-00'),
(995, 'DESHANA VIJAYVARGIA', 'MR. GHANSHYAM VIJAYVARGIA', 'MRS. MAINA VIJAYVARGIA', '2009-09-06', '4-GA- 5 HIRAN MAGRI SEC-4 HOUSING BOARD COLONY, UDAIPUR', 'MDSPS-1853', 0, 2, 2, '', '', '', '', '0000-00-00'),
(996, 'GARGI MANTRI', 'MR DEEPAK KUMAR MANTRI', 'MRS MONIKA MANTRI', '2010-03-13', '197, OPP. SHIV MANDIR, EC - 8, UDAIPUR', 'MDSPS-2543', 0, 2, 2, '', '', '', '', '0000-00-00'),
(997, 'GARVIT MOOLCHANDANI', 'MR. HITESH MOOLCHANDANI', 'MRS. PURVA MOOLCHANDANI', '2010-05-08', '19-T BASANT VIHAR, SECT. NO. 5, HIRAN MAGRI, UDAIPUR', 'MDSPS-1333', 0, 2, 2, '', '', '', '', '0000-00-00'),
(998, 'GAURAVI THADA', 'MR. NITIN THADA', 'MRS.  MEENAL THADA', '2010-07-25', '504''B'' BLOCK, SIDHI GANPATI PARK, SUBCITY CENTER, SECT. 8, UDAIPUR', 'MDSPS-2499', 0, 2, 2, '', '', '', '', '0000-00-00'),
(999, 'GOURAV DANGI ', 'MR.SURESH KUMAR DANGI', 'MRS. MADHU DANGI', '2010-02-14', '17, SAMTA NAGAR, SEC-3, UDAIPUR', 'MDSPS-1487', 0, 2, 2, '', '', '', '', '0000-00-00'),
(1000, 'GOURAV PATEL', 'MR  RAMESH PATEL', 'MRS  WALI KUMARI PATEL', '2009-12-23', 'H NO  11, ROSHAN NAGAR, OPP   POWER HOUSE, SAVINA, UDAIPUR', 'MDSPS-2187', 0, 2, 2, '', '', '', '', '0000-00-00'),
(1001, 'HARSHIT SINGH CHOUDHARY', 'MR. LOKENDRA SINGH', 'MRS. SUNITA DEVI', '2010-07-23', 'NO. 11, BLOCK ''O''  POLICE LINE, RETI STAND, UDAIPUR', 'MDSPS-2512', 0, 2, 2, '', '', '', '', '0000-00-00'),
(1002, 'HARSHITA VAGRECHA', 'MR. MANOHARLAL VAGRECHA', 'MRS. REKHA VAGRECHA', '2010-03-25', '16, SHANTI NAGAR, BACKSIDE OF MDS, SECT. 3, UDAIPUR', 'MDSPS-1335', 0, 2, 2, '', '', '', '', '0000-00-00'),
(1003, 'ISHITA DUNGERWAL ', 'MR. ARVIND DUNGERWAL', 'MRS. SAKSHI DUNGERWAL ', '2010-01-25', '29, SAMTA NAGAR, GAS GODOWN ROAD , H.M SEC-3 UDAIPUR ', 'MDSPS-1692', 0, 2, 2, '', '', '', '', '0000-00-00'),
(1004, 'JAY BOHARA', 'MR.ANIL KUMAR BOHARA', 'MRS.KRITI SUDHA BOHARA', '2009-10-27', 'H.NO 106, GALI NO-3 , MAHAVEER NAGAR, HIRAN MAGRI SEC-4 UDAIPUR', 'MDSPS-1502', 0, 2, 2, '', '', '', '', '0000-00-00'),
(1005, 'KANISHKA  SHARMA', 'MR. BASANT SHARMA', 'MRS. VANDANA SHARMA', '2010-02-27', 'H.NO 17, MANIBHADRA COLONY , NEAR CENTER ACADEMY SCHOOL, SEC -3 UDAIPUR ', 'MDSPS-1381', 0, 2, 2, '', '', '', '', '0000-00-00'),
(1006, 'KHANAK GAUR', 'MR. NEERAJ GAUR', 'MRS. POOJA GAUR', '2010-06-02', '34, BALAJI NAGAR MANWA KHEDA SEC-4 UDAIPUR', 'MDSPS-1363', 0, 2, 2, '', '', '', '', '0000-00-00'),
(1007, 'LAKSHITA JAWARIYA ', 'MR. LALIT KUMAR JAWARIYA', 'MRS. FULA JAWARIYA', '2009-10-07', '20, SHANTI NAGAR SEC-3 NEAR CHANDINI VAITIKA , UDAIPUR', 'MDSPS-1484', 0, 2, 2, '', '', '', '', '0000-00-00'),
(1008, 'LAKSHYA PUROHIT', 'MR  KAPIL PUROHIT', 'MRS  ROMI PUROHIT', '2010-08-31', 'H NO  5, BEHIND POLICE STATION, HIRAN MAGRI, SECTOR N O  6, UDAIPUR', 'MDSPS-1740', 0, 2, 2, '', '', '', '', '0000-00-00'),
(1009, 'LAKSHYARAJ SINGH RATHORE', 'MR. GHANSHYAM SINGH RATHORE ', 'MRS. ANURADHA CHOUHAN ', '2010-06-09', '94, RISHI NAGAR, HIRAN MAGRI SEC-3 UDAIPUR', 'MDSPS-1527', 0, 2, 2, '', '', '', '', '0000-00-00'),
(1010, 'MEHAL SANADHYA', 'MR. BHUPESH SANADHYA', 'MRS. YAMINI SANADHYA', '2010-06-17', '121, VERMA COLONY, SAVINA, UDAIPUR', 'MDSPS-2408', 0, 2, 2, '', '', '', '', '0000-00-00'),
(1011, 'MEHUL JAIN', 'MR  TARUN KUMAR DAGLIYA', 'MRS  KAVITA DAGLIYA', '2010-04-24', 'VASHANT VIHAR SUNDERWAS', 'MDSPS-1969', 0, 2, 2, '', '', '', '', '0000-00-00'),
(1012, 'NAMAN GAKHREJA ', 'MR. RAJENDRA GAKHREJA ', 'MRS. SONAM GAKHREJA', '2009-10-21', '4-GHA- 45 HIRAN MAGRI SEC-4 UDAIPUR', 'MDSPS-1547', 0, 2, 2, '', '', '', '', '0000-00-00'),
(1013, 'PALASH SAINI', 'MR  LEELADHAR SAINI', 'MRS  SAROJ SAINI', '2010-01-07', '7, VIDHYA NAGAR, SEC - 4, UDAIPUR', 'MDSPS-1354', 0, 2, 2, '', '', '', '', '0000-00-00'),
(1014, 'PRABHAT DANGI', 'MR  DHARMENDRA DANGI', 'MRS  PUSHPA DANGI', '2009-11-14', 'VAISHALI APP   ROAD, SEC - 4, UDAIPUR', 'MDSPS-1330', 0, 2, 2, '', '', '', '', '0000-00-00'),
(1015, 'PRANVI MENARIYA', 'MR. VISHNU MENARIYA', 'MRS. RANJANA MENARIYA', '2010-03-30', '470, PANERIYO KI MADRI, OPP. SECT. 6, POLICE STATION, UDAIPUR', 'MDSPS-1005', 0, 2, 2, '', '', '', '', '0000-00-00'),
(1016, 'PREET KAUR ', 'MR. MANJEET SINGH', 'MRS. KOMAL KAUR', '2010-03-23', '4-K-43, HOUSING BOARD COLONY, SECT. 4, HIRAN MAGRI, UDAIPUR', 'MDSPS-2517', 0, 2, 2, '', '', '', '', '0000-00-00'),
(1017, 'RAGHAV SOMANI ', 'MR. RAKESH SOMANI', 'MRS. SUMITRA SOMANI', '2010-09-12', '34, PARSHWANATH NAGAR , H.M. SEC-3 UDAIPUR ', 'MDSPS-1968', 0, 2, 2, '', '', '', '', '0000-00-00'),
(1018, 'RAGHVENDRA SINGH CHOUHAN', 'MR  RAM SINGH CHOUHAN', 'MRS  KRISHNA KUNWAR CHOUHAN', '2010-04-28', '4/5, SIDDARTH COMPLEX, SECTOR NO  5, HIRAN MAGRI, NEAR SATELITE HOSPITAL, UDAIPUR', 'MDSPS-1489', 0, 2, 2, '', '', '', '', '0000-00-00'),
(1019, 'SAKSHAM BHIMAWAT', 'MR. DINESH BHIMAWAT', 'MRS. VIBHA BHIMAWAT', '2009-09-30', '187, TAGOR NAGAR, SEC-4, UDAIPUR', 'MDSPS-1689', 0, 2, 2, '', '', '', '', '0000-00-00'),
(1020, 'SHIVANSHI SARVA', 'MR  MANISH SARVA', 'MRS  PRIYANKA SARVA', '2010-07-28', '19, SHIV NAGAR, SOUTH SUNDERWAS, UDAIPUR', 'RTE-021', 0, 2, 2, '', '', '', '', '0000-00-00'),
(1021, 'SRISHTI NAGDA', 'MR  RAVI NAGDA', 'MRS  POONAM NAGDA', '2010-10-03', '13/800, ARVIND NAGAR, SUNDERWAS, UDAIPUR', 'MDSPS-2316', 0, 2, 2, '', '', '', '', '0000-00-00'),
(1022, 'SIDDHI AACHARYA', 'MR. AVDHESH AACHARYA', 'MRS. ANKITA AACHARYA', '2010-02-14', '3 P 84 , PRABHAT NAGR HIRAN MAGRI SEC-5 UDAIPUR', 'MDSPS-1704', 0, 2, 2, '', '', '', '', '0000-00-00'),
(1023, 'SIDDHI KOTHARI', 'MR. DILIP KOTHARI', 'MRS. SEEMA KOTHARI', '2010-05-19', '133, NAVJEEVAN SOCIETY, MAHAVEER NAGAR, HIRNAN MAGRI SECT. 4, UDAIPUR', 'MDSPS-1705', 0, 2, 2, '', '', '', '', '0000-00-00'),
(1024, 'SNEHA BANSAL', 'MR. MANOJ DANI', 'MRS. SUNITA DANI', '2010-05-08', 'FLAT NO. 102, AKME PARADISE, IIND, NEAR VAISHALI APARTMENT, SECT. NO. 4, UDAIPUR', 'MDSPS-1663', 0, 2, 2, '', '', '', '', '0000-00-00'),
(1025, 'SOURABH MENARIA', 'MR. YOGESH MENARIA', 'MRS. YASHODA MENARIA', '2010-05-07', '929, HIRAN MAGRI, SECT. 4, MAIN ROAD, YOGESH TYRE SHOPEE, UDAIPUR', 'MDSPS-2523', 0, 2, 2, '', '', '', '', '0000-00-00'),
(1026, 'TANISHK JAIN', 'MR  SANJAY JAIN', 'MRS  SWITI PORWAL (JAIN)', '2010-02-05', '20, NEW JAI SHREE COLONY, THOKAR CHORAHA, UDAIPUR', 'MDSPS-2180', 0, 2, 2, '', '', '', '', '0000-00-00'),
(1027, 'TUSHAR BANSHIWAL', 'MR  MUKESH KHATIK', 'MRS  REKHA KHATIK', '2010-04-02', '417, BHOPA MAGRI, SECT  NO  3, BEHIND NEHRU HOSTEL, UDAIPUR', 'RTE-013', 0, 2, 2, '', '', '', '', '0000-00-00'),
(1028, 'UNNATI AGARWAL', 'MR. MAHESH CHAND GARG', 'MRS. YOGITA GUPTA', '2010-02-21', '47, EKLING COLONY, SECT. NO. 3, UDAIPUR', 'MDSPS-1976', 0, 2, 2, '', '', '', '', '0000-00-00'),
(1029, 'VEDANT DAVE', 'MR. KAMLESH DAVE', 'MRS. MANISHA DAVE ', '2010-02-23', 'A-802, DWARIKA APARTMENT , A-ONE COMPLEX JHAMARKOTDA ROAD , HIRAN MAGRI SEC- UDAIPUR', 'MDSPS-1276', 0, 2, 2, '', '', '', '', '0000-00-00'),
(1030, 'VIDIT JAROLI', 'MR  ANIL JAROLI', 'MRS  SEEMA JAROLI', '2010-10-26', '28, PARSHAWNATH NAGAR SEC  3', 'MDSPS-1334', 0, 2, 2, '', '', '', '', '0000-00-00'),
(1031, 'VIDUSHI KHURDIYA', 'MR. VIJAY SINGH KHURDIYA', 'DR. KIRTI KHURDIYA', '2009-10-09', '05, ARVIND NAGAR, NEAR JAIN TEMPLE, SUNDERWAS, UDAIPUR', 'MDSPS-2253', 0, 2, 2, '', '', '', '', '0000-00-00'),
(1032, 'YAASHI JOSHI ', 'MR. DEEP CHANDRA JOSHI', 'MRS. RITU JOSHI ', '2011-01-02', 'H.NO.181, TAGORE NAGAR HIRAN MAGRI SEC-4 UDAIPUR', 'MDSPS-1895', 0, 2, 2, '', '', '', '', '0000-00-00'),
(1033, 'YUVRAJ SINGH CHOUDHARY', 'MR. LOKENDRA SINGH', 'MRS. SUNITA DEVI', '2010-07-23', 'NO. 11, BLOCK ''O''  POLICE LINE, RETI STAND, UDAIPUR', 'MDSPS-2513', 0, 2, 2, '', '', '', '', '0000-00-00'),
(1034, 'THIYA JAIN', 'MR. HITESH JAIN', 'MRS. NEHA JAIN', '2009-01-03', 'H.NO. 2, KESHAV NAGAR, NR, JAIN TEMPLE UNIVERSITY ROAD, UDAIPUR', 'MDSPS-1278', 0, 3, 1, '', '', '', '', '0000-00-00'),
(1035, 'KHUSHALI KUMAWAT', 'MR. MANISH KUMAWAT', 'MRS. BARKHA KUMAWAT', '2009-03-21', '35E, ADARSH NAGAR, UNIVERSITY ROAD, UDAIPUR', 'MDSPS-2304', 0, 3, 1, '', '', '', '', '0000-00-00'),
(1036, 'PRIYA MITTAL ', 'MR.RAKESH MITTAL ', 'MRS.SEEMA MITTAL', '2009-04-09', 'H.NO 9 NEW NIRNAL VIHAR, NEAR CENTRAL ACADEMY SCHOOL , SEC-3 BHIRAN MAGRI S, UDAIPUR', 'MDSPS-1436', 0, 3, 1, '', '', '', '', '0000-00-00'),
(1037, 'AKSH SONI ', 'MR. LOKESH SONI ', 'MRS. DEEPIKA SONI ', '2009-03-29', 'H.NO 8 ADRASH NAGR HIRAN MAGRI SEC- 4 UDAIPUR ', 'MDSPS-2168', 0, 3, 1, '', '', '', '', '0000-00-00'),
(1038, 'MAYANK GAUTAM ', 'MR. JEETENDRA KUMAR GAUTAM ', 'MRS. KAVITA GAUTAM ', '2009-03-10', 'H.NO 6I -5 VIP COLONY H.M SEC 9 UDAIPUR', 'MDSPS-2394', 0, 3, 1, '', '', '', '', '0000-00-00'),
(1039, 'MAYANK VERMA', 'MR. JINENDRA VERMA', 'MRS. MADHU VERMA', '2009-01-14', 'H.N. L 113/117 BAPPARAWAL NAGAR HIRAN MAGRI SEC-6 UDAIPUR', 'MDSPS-1552', 0, 3, 1, '', '', '', '', '0000-00-00'),
(1040, 'MILAN JAIN ', 'MR. PUKHRAJ JAIN', 'MRS. KIRAN JAIN', '2009-05-30', '20 SAMTA NAGAR ,HIRAN MAGRI SEC-3 UDAIPUR', 'MDSPS-1364', 0, 3, 1, '', '', '', '', '0000-00-00'),
(1041, 'YASHIKA SHRIMALI', 'MR. OM PRAKASH SHRIMALI', 'MRS. SHEETAL SHRIMALI', '2009-05-14', '12TH B, NEW VIDHYA NAGAR, HIRAN MAGRI, SECT. NO. 4, UDAIPUR', 'MDSPS-1743', 0, 3, 1, '', '', '', '', '0000-00-00'),
(1042, 'CHERIL MALWIYA', 'MR. BHUPENDRA LOHAR', 'MRS. BHAGWATI LOHAR', '2008-07-25', 'VILL. SIYALPURA POST. LAKHAWALI, UDAIPUR', 'MDSPS-1886', 0, 3, 1, '', '', '', '', '0000-00-00'),
(1043, 'KHUSHBOO PATEL ', 'MR. KISHNLAL PATEL ', 'MRS. BASANTI PATEL ', '2009-09-02', '42/25 AKASHWANI KE SAMANE , UDAISAGAR ROAD, UDAIPUR', 'MDSPS-1459', 0, 3, 1, '', '', '', '', '0000-00-00'),
(1044, 'PRANAY MANDAWARA', 'MR. KAMLESH MANDAWARA', 'MRS. ASHA MANDAWARA', '2009-01-16', '14/996 GLASS FACTORY MAIN ROAD SUNDARWAS UDAIPUR', 'MDSPS-2306', 0, 3, 1, '', '', '', '', '0000-00-00'),
(1045, 'VANSHIKA SINGH JADOUN', 'MR. SATYENDRA SINGH JADOUN', 'MRS  RAJSHREE SINGH JADOUN', '2009-01-17', '58, RISHI NAGAR, NEAR GAS GODOWN, SECT.  3, UDAIPUR', 'MDSPS-1412', 0, 3, 1, '', '', '', '', '0000-00-00'),
(1046, 'PRAGYA MEGHWAL ', 'MR. MOHAN LAL MEGHWAL', 'MRS. YASHWANTI MEGHWAL', '2009-09-19', 'H.NO. 366, SAMTA NAGAR, MDS SCHOOL ROAD, HIRAN MAGRI SEC-3 UDAIPUR', 'MDSPS-2183', 0, 3, 1, '', '', '', '', '0000-00-00'),
(1047, 'TARUNA JHALA', 'MR. HEM SINGH JHALA', 'MRS. URMILA KUNWAR', '2009-02-16', '31, NEW SHANTI NAGAR, HIRANN MAGRI SEC-3 , UDAIPUR', 'MDSPS-1865', 0, 3, 1, '', '', '', '', '0000-00-00'),
(1048, 'RUDRAKSH MALVIYA', 'MR. GOPAL LAL LOHAR', 'MRS. MADHU MALVIYA', '2008-11-26', '757, SURYA NAGAR , SEC-3  UDAIPUR', 'MDSPS-1362', 0, 3, 1, '', '', '', '', '0000-00-00'),
(1049, 'SHAGUN VERMA', 'MR. SHALANDRA VERMA', 'MRS. NEELAM', '2009-03-12', 'H.NO. 24, SAMTA NAGAR, SECT. 3, HIRAN MAGRI, UDAIPUR', 'MDSPS-2416', 0, 3, 1, '', '', '', '', '0000-00-00'),
(1050, 'DIVYAPRATAP SINGH RAO', 'MR AJEET SINGH RAO', 'MRS  GAYATRI SINGH', '2009-10-04', '2-KA-48, GAYATRI NAGAR, HIRAN MAGRI, SECT  NO  5, UDAIPUR', 'MDSPS-1655', 0, 3, 1, '', '', '', '', '0000-00-00'),
(1051, 'TANISHQ PATEL', 'MR  HEERALAL PATEL', 'MRS  KAMAL PATEL', '2008-10-18', '233, VELLA, JHAMAR KOTRA ROAD, EKLINGPURA, UDAIPUR', 'MDSPS-1557', 0, 3, 1, '', '', '', '', '0000-00-00'),
(1052, 'VAIBHAV SINGH PARIHAR', 'MR  RAMESH PARIHAR', 'MRS  MONIKA PARIHAR', '2009-05-25', 'H NO  114, HIRAN MAGRI, SECT  NO  3, VIVEK NAGAR, UDAIPUR', 'MDSPS-1460', 0, 3, 1, '', '', '', '', '0000-00-00'),
(1053, 'RISHI LOHAR', 'MR  KAILASH LOHAR', 'MRS  SEJAL LOHAR', '2008-11-24', '272/73 NAKODA NAGAR DHAWI JI KI BAWRI', 'MDSPS-1400', 0, 3, 1, '', '', '', '', '0000-00-00'),
(1054, 'KHUSHI MATHUR', 'MR  ARUN MATHUR', 'MRS  YOGITA MATHUR', '2008-12-03', '4-AV-21, RHB COLONY, GOVERDHAN VILAS, UDAIPUR', 'MDSPS-2301', 0, 3, 1, '', '', '', '', '0000-00-00'),
(1055, 'KHYATI KUNWAR SHEKHAWAT', 'MR  ARVIND SINGH SHEKHAWAT', 'MRS  MAMTA RAJPUT', '2009-07-09', '62, SAMTA NAGAR, HIRAN MAGRI, SECT  NO  3, NEAR MDS SCHOOL, UDAIPUR', 'MDSPS-1691', 0, 3, 1, '', '', '', '', '0000-00-00'),
(1056, 'NAITIK LODHA', 'MR  KAMLESH LODHA', 'MRS  MONIKA LODHA', '2009-08-01', 'SUBHASH NAGAR, ROAD NO  3, HOUSE NO  13, UDAIPUR', 'MDSPS-1301', 0, 3, 1, '', '', '', '', '0000-00-00'),
(1057, 'KUMAR SHOIRY SINGH', 'MR SAROJ KUMAR SINGH', 'MRS REENA KUMARI', '2009-10-16', 'ROAD NO 4, PUROHITON KI MADRI, NEW LAXMI NAGAR, UDAIPUR', 'MDSPS-2552', 0, 3, 1, '', '', '', '', '0000-00-00'),
(1058, 'KASHISH SHARMA', 'MR  DINESH SHARMA', 'MRS  TARA SHARMA', '2007-10-03', '125-C, PRATAP NAGAR, NEAR CHAMUNDA MATA TEMPLE, UDAIPUR', 'MDSPS-1485', 0, 3, 1, '', '', '', '', '0000-00-00'),
(1059, 'PALASH LUNJJ', 'MR  BHARAT LUNJJ', 'MRS  SHARDA LUNJJ', '2008-09-29', '1-BA-11, GAYATRI NAGAR, SECT  NO  5, HIRAN MAGRI, UDAIPUR', 'MDSPS-1994', 0, 3, 1, '', '', '', '', '0000-00-00'),
(1060, 'LAKSHIT PATANGIYA', 'MR RITESH PATANGIYA', 'MRS SARIKA PATANGIYA', '2008-05-04', '302, NR. MAHESH SEVA SADAN, SEC - 4, UDAIPUR', 'MDSPS-2561', 0, 3, 1, '', '', '', '', '0000-00-00'),
(1061, 'LAKSHYA RAJ DANGI', 'MR  BHERU LAL DANGI', 'MRS  KAMLA DEVI', '2009-03-28', '41, BADA NOKHA, NEAR KUMBHA NAGAR, HIRAN MAGRI, SECT  NO  4, UDAIPUR', 'MDSPS-1490', 0, 3, 1, '', '', '', '', '0000-00-00'),
(1062, 'HARSHIT MENARIA', 'MR  LAXMI LAL MENARIA', 'MRS  KUSUM MENARIA', '2008-10-23', 'KANPUR, UDAIPUR', 'MDSPS-1533', 0, 3, 1, '', '', '', '', '0000-00-00'),
(1063, 'NIYATI VAISHNAV', 'MR  DURGESH VAISHNAV', 'MRS  MEENA VAISHNAV', '2008-07-25', 'LAKDWAS GAJANAND JI KI MANDIR KE PASS, UDAIPUR', 'MDSPS-1782', 0, 3, 1, '', '', '', '', '0000-00-00'),
(1064, 'BHAVYA GEHLOT', 'MR  PRAHLAD TAILOR', 'MRS  USHA TAILOR', '2008-03-02', '520, HIRAN MAGRI, TEGORE NAGAR, SECT  NO  4, UDAIPUR', 'MDSPS-2235', 0, 3, 1, '', '', '', '', '0000-00-00'),
(1065, 'DHRUVI JAIN', 'MR  KAMLESH JAIN', 'MRS  KALPANA JAIN', '2009-03-20', '27-B, SHASTRI NAGAR, HIRAN MAGRI, SECT  NO  3, NEAR KAKA HELTH CLUB, UDAIPUR', 'RTE-010', 0, 3, 1, '', '', '', '', '0000-00-00'),
(1066, 'SNEHAL SINGH PANWAR', 'MR  DEVENDRA SINGH PANWAR', 'MRS  DIMPLE PANWAR', '2009-01-01', '60, VIVEK NAGAR, HIRAN MAGRI, SECT  NO  3, UDAIPUR', 'RTE-001', 0, 3, 1, '', '', '', '', '0000-00-00'),
(1067, 'TUSHAR KALRA', 'MR  SATISH KALRA', 'MRS  KARISHMA KALRA', '2008-08-09', '45, KRISHNA VIHAR, NEW VIDHYA NAGAR, HIRAN MAGRI, SECT  NO  4, UDAIPUR', 'RTE-002', 0, 3, 1, '', '', '', '', '0000-00-00'),
(1068, 'DHANI AMETA', 'MR  CHETAN PRAKASH AMETA', 'MRS  VINITA AMETA', '2009-11-20', '624, SECT  NO  9, SAVINA, NEAR WATER TANK, UDAIPUR', 'MDSPS-1940', 0, 3, 1, '', '', '', '', '0000-00-00'),
(1069, 'LAVITRA ARYA', 'MR  PANKAJ ARYA', 'MRS  SARITA ARYA', '2009-03-02', 'H.NO. 21, BEHIND BARODA NURSERY, J.P. NAGAR, SECT. NO. 8, UDAIPUR', 'MDSPS-1933', 0, 3, 1, '', '', '', '', '0000-00-00'),
(1070, 'PRACHI SACHDEV', 'MR  MANOHAR SACHDEV', 'MRS  SANGEETA SACHDEV', '2008-03-23', '2-G-25, SHANTI NAGAR, SECT  NO  5, HIRAN MAGRI, UDAIPUR', 'MDSPS-1478', 0, 3, 1, '', '', '', '', '0000-00-00'),
(1071, 'RUDRAKSH DEVPURA', 'MR  KAMLESH KUMAR DEVPURA', 'MRS  NIRMALA DEVPURA', '2008-10-02', '95, HIRAN MAGRI, SECT  NO  3, UDAIPUR', 'MDSPS-2146', 0, 3, 1, '', '', '', '', '0000-00-00'),
(1072, 'LIANA SHRIMAL', 'MR PRATYUSH SHRIMAL', 'MRS SHWETA SHRIMAL', '2008-10-16', '1395 A, BANK COLONY, GAYATRI NAGAR, SEC - 5,  ( 6 BHANDARION KI GHATI, JADIO KI OLE, CLOCK TOWER, UDAIPUR', 'MDSPS-2567', 0, 3, 1, '', '', '', '', '0000-00-00'),
(1073, 'JINISHA SISODIA', 'MR  PRATAP SINGH SISODIA', 'MRS  POONAM KUNWAR', '2008-12-29', '2-B, SHREE COLONY, PANERIYON KI MADRI', 'MDSPS-1514', 0, 3, 1, '', '', '', '', '0000-00-00');
INSERT INTO `student` (`id`, `name`, `father_name`, `mother_name`, `dob`, `address`, `scholar_no`, `roll_no`, `class_id`, `section_id`, `mobile_no`, `faculty`, `batch`, `pdf_path`, `pdf_update_date`) VALUES
(1074, 'JIYA PANDYA', 'MR YASHWANT PANDYA', 'MRS NEELAM TRIVEDI', '2009-09-01', '22/1884, SEC - 8, HIRAN MAGRI, UDAIPUR', 'MDSPS-2572', 0, 3, 1, '', '', '', '', '0000-00-00'),
(1075, 'CHIRAG SHARMA', 'MR  RAMESH CHANDRA SHARMA', 'MRS  KANTA SHARMA', '2009-09-07', '2-K-65, GAYATRI NAGAR, HIRAN MAGRI, SECT  NO  5, UDAIPUR', 'RTE-007', 0, 3, 1, '', '', '', '', '0000-00-00'),
(1076, 'PRANAV AMETA', 'MR  KAUSHAL AMETA', 'MRS  RENUKA AMETA', '2009-09-20', '624, SECT  9, NEAR A WATER TANK, SAVEENA KHEDA, UDAIPUR', 'MDSPS-1939', 0, 3, 1, '', '', '', '', '0000-00-00'),
(1077, 'RUDRAKSH SHARMA', 'MR. GANPAT LAL SHARMA', 'MRS. HANSA SHARMA', '2008-12-23', 'VILL- EKLINGPURA, JHAMAR KOTDA ROAD, PO- KALADWAS, THE- GIRWA, DIST- UDAIPUR', 'MDSPS-1452', 0, 3, 1, '', '', '', '', '0000-00-00'),
(1078, 'LAKSHYARAJ  SINGH  RAJAWAT', 'MR SHIV SINGH RAJAWAT', 'MRS  ANAND KANWAR', '2009-08-13', 'HOUSE NO  4-KHA-1, HIRAN MAGRI, SECT  NO  4, UDAIPUR', 'RTE-009', 0, 3, 1, '', '', '', '', '0000-00-00'),
(1079, 'SHREYAS SAIKHEDKAR', 'MR  PRAVEEN SAIKHEDKAR', 'MRS  DEEPTI SAIKHEDKAR', '2009-05-04', '25, BALAJI NAGAR, HIRAN MAGRI, SECT  NO  4, UDAIPUR MANWA KHEDA ROAD', 'MDSPS-2171', 0, 3, 1, '', '', '', '', '0000-00-00'),
(1080, 'ARYAN KALASUA', 'MR. KESHAV LAL KALASUA', 'MRS. GEETA KALASUA', '2008-12-10', '7, SAMTA NAGAR, HIRAN MAGRI, SECTOR 3, UDAIPUR', 'MDSPS-2621', 0, 3, 1, '', '', '', '', '0000-00-00'),
(1081, 'RHYTHM BHAVSAR', 'MR. SHARAD BHAVSAR', 'MRS. REKHA BHAVSAR', '2009-04-10', 'PLOT NO. B-204, SIDDHI GANPAT PARK, SUBCITY CENTRE, SEC. NO. 8, UDAIPUR', 'MDSPS-2498', 0, 3, 2, '', '', '', '', '0000-00-00'),
(1082, 'KAVYA JAIN', 'MR. MANOJ JAIN', 'MRS. RITU JAIN', '2009-02-04', '1378, ADARSH NAGAR, HIRAN MAGRI, SECT. NO. 4, UDAIPUR', 'MDSPS-2069', 0, 3, 2, '', '', '', '', '0000-00-00'),
(1083, 'JATIN SEJWANI', 'MR. AJAY SEJWANI', 'MRS. SEEMA SEJWANI', '2010-02-11', '1-P-44, GAYATRI NAGAR,  HIRAN MAGRI, SECT. NO. 5, UDAIPUR', 'MDSPS-1951', 0, 3, 2, '', '', '', '', '0000-00-00'),
(1084, 'KHANAK BHAWSAR', 'MR. DHARMENDRA BHAWSAR', 'MRS. DEEPMALA BHAWSAR', '2009-02-22', '23, HIRAN MAGRI, SECT. NO. 4, CHANAKYAPURI, UDAIPUR', 'MDSPS-2520', 0, 3, 2, '', '', '', '', '0000-00-00'),
(1085, 'BHAVYA JAIN ', 'MR. YOGESH KHATWAR', 'MRS. NEELAM JAIN ', '2008-11-04', '134- GAYATI NAGAR, BANK COLONY SEC-5 H.M. UDAIPUR', 'MDSPS-1365', 0, 3, 2, '', '', '', '', '0000-00-00'),
(1086, 'KARTIK NAGDA', 'MR. RADHA KISHAN NAGDA', 'MRS. SITA NAGDA', '2009-01-09', 'PLOT. NO 6 GOKUL VILLAGE SEC-7 HIRAN MAGRI , UDAIPUR', 'MDSPS-2327', 0, 3, 2, '', '', '', '', '0000-00-00'),
(1087, 'DAKSH KOTHARI', 'MR. NIRMAL KOTHARI ', 'MRS. KIRTI KOTHARI', '2009-11-28', 'MAHAVEER NAGAR , BEHIND PADAM THAL, SEC-3 , UDAIPUR', 'MDSPS-2532', 0, 3, 2, '', '', '', '', '0000-00-00'),
(1088, 'MAYANK JAIN ', 'MR. PRAKASH JAIN ', 'MRS. PARVATI JAIN ', '2009-05-30', '3-D-5 , PRABHAT NAGAR, SEC-5 HIRAN MAGRI , UDAIPUR', 'MDSPS-1299', 0, 3, 2, '', '', '', '', '0000-00-00'),
(1089, 'DIVISHA SINGH ATTRAY', 'MR. VIKASH SINGH ATTRAY', 'MRS. SANTOSH ATTRAY', '2009-01-31', '51, TRI MURTI COMPLEX COLONY MANWA KHEDA ROAD, H.M SEC-4 UDAIPUR', 'MDSPS-1544', 0, 3, 2, '', '', '', '', '0000-00-00'),
(1090, 'MANASVI BHATI ', 'MR. PAVINDRA BHATI', 'MRS. DIMPLE BHATI', '2010-06-27', '50, SANJAY GANDHI NAGAR, HIRAN MAGRI EC-8 UDAIPUR', 'MDSPS-1548', 0, 3, 2, '', '', '', '', '0000-00-00'),
(1091, 'KAVYANSHI MEHTA', 'MR. NEERAJ MEHTA', 'MRS. SHEETAL MEHTA', '2008-11-16', '24 NIRMAL VIHAR , HM SEC-3 UDAIPUR', 'MDSPS-1724', 0, 3, 2, '', '', '', '', '0000-00-00'),
(1092, 'JATIN UJIRPURIA', 'MR. TEJPAL UJIRPURIA', 'MRS. ASHA ', '2009-08-06', 'H.NO 69 NAKODA NAGAR SEC-3 HIRAN MAGRI , UDAIPUR ', 'MDSPS-2319', 0, 3, 2, '', '', '', '', '0000-00-00'),
(1093, 'JASMINE SINGH ', 'MR. JITENDRA KUMAR SINGH ', 'MRS. MADHU SINGH ', '2010-01-03', 'MEENAKSHI APP. PLAT NO 102 NEAR MINERIA GUEST HOUSE PANERIO KI MADRI SEC-4 ', 'MDSPS-2533', 0, 3, 2, '', '', '', '', '0000-00-00'),
(1094, 'YUVRAJ PUROHIT', 'MR. SANJAY PUROHIT', 'MRS. MEENAKSHI PUROHIT', '2009-03-17', '4-K-14, HIRAN MAGRI, SECT. NO. 4, UDAIPUR', 'MDSPS-1670', 0, 3, 2, '', '', '', '', '0000-00-00'),
(1095, 'ISHITA BODANA', 'MR. KAMLESH BODANA', 'MRS. KUMUD BODANA', '2009-06-20', '24, NEW SHANTI NAGAR, HIRAN MAGRI, SECTOR NO. 3,  UDAIPUR', 'MDSPS-2166', 0, 3, 2, '', '', '', '', '0000-00-00'),
(1096, 'HIMANSHI PAREEK', 'MR. VINOD KUMAR PAREEK ', 'MRS. PUJA PAREEK', '2009-01-12', 'PLOT NO. 124, OPP. SILVER SQUARECOMPLEX, SHREE JI VIHAR, HIRAN MAGRI, SECTOR NO. 4, UDAIPUR', 'MDSPS-1877', 0, 3, 2, '', '', '', '', '0000-00-00'),
(1097, 'KRISHNA MALAV', 'MR. NARESH KUMAR MALAV', 'MRS. ANURADHA MALAV', '2009-02-06', 'H.NO.6 SHIVALYA , SHREERAM NAGAR , ZAMARLOTDA MAIN ROAD  HIRAN MAGRI , SEC-6 UDAIPUR', 'MDSPS-2169', 0, 3, 2, '', '', '', '', '0000-00-00'),
(1098, 'HARDIK  DANGI ', 'MR. LOKESH KUMAR DANGI ', 'MRS. SHILPA DANGI', '2009-01-11', '66, NIRMAL VIHAR SEC-3 H.M UDAIPUR', 'MDSPS-1559', 0, 3, 2, '', '', '', '', '0000-00-00'),
(1099, 'DIKSHANT VAGRECHA', 'MR. SUNIL VAGRECHA ', 'MRS. TARA VAGRECHA', '2009-01-31', '15,16,  A  TILAK NAGAR , SEC-3 HIRAN MAGRI , UDAIPUR ', 'MDSPS-1773', 0, 3, 2, '', '', '', '', '0000-00-00'),
(1100, 'KRISHNA CHOUDHARY', 'MR. PRADEEP CHOUDHARY', 'MRS. SUMITTRA CHOUDHARY', '2009-04-28', '366-C SEC- 9 GAGRATI ILL- SAVINA, UDAIPUR', 'MDSPS-1605', 0, 3, 2, '', '', '', '', '0000-00-00'),
(1101, 'BHAVIK SHARMA ', 'MR.PANKAJ SHARMA', 'MRS. REENA ACHARYA', '2009-09-26', '2-SHIV NAGAR SOUTH SUNDERWAS UDAIPUR ', 'MDSPS-2089', 0, 3, 2, '', '', '', '', '0000-00-00'),
(1102, 'KANISHKA  RATHORE', 'MR. RAGHVENDRA PRATAP SINGH RATHORE', 'MRS. ANITA RATHORE', '2009-02-07', '21, A-ONE COMPLEX NR. DWARIKA APP. MANWA KHEDA JHAMAR KOTDA ROAD UDAIPUR', 'MDSPS-1706', 0, 3, 2, '', '', '', '', '0000-00-00'),
(1103, 'TANMAY SHARMA ', 'MR. KISHORE SHARMA', 'MRS. POORNIMA SHARMA', '2009-05-09', '148, TULSI NIWAS , NAKODA NAGAR, DHAUJI KI BAWARI , UDAIPUR', 'MDSPS-1797', 0, 3, 2, '', '', '', '', '0000-00-00'),
(1104, 'FALAK MALI', 'MR. DILIP MALI ', 'MRS. PUSHPA MALI', '2009-08-04', 'ROAD NO-1 MEWAR INDUSTRIAL AREA, PUROHITO KI MADRI UDAIPUR', 'MDSPS-2066', 0, 3, 2, '', '', '', '', '0000-00-00'),
(1105, 'HIMANSHI VIJAYVERGIA', 'MR. MANISH  VIJAYVERGIA', 'MRS. KAVITA VIJAYVERGIA', '2008-08-29', '3-P-83, HIRAN MAGRI , SEC-5 PRABHAT NAGAR, UDAIPUR', 'MDSPS-1304', 0, 3, 2, '', '', '', '', '0000-00-00'),
(1106, 'KHUSH VIJAYVERGIA', 'MR. PRADEEP VIJAYVERGIYA', 'MRS. KIRAN VIJAYVERGIYA', '2009-06-22', '3-P-83, HIRAN MAGRI , SEC-5 PRABHAT NAGAR, UDAIPUR', 'MDSPS-1303', 0, 3, 2, '', '', '', '', '0000-00-00'),
(1107, 'NIDHI JOSHI', 'MR  SACHIN JOSHI', 'MRS  VIBHA JOSHI', '2009-07-03', '3-K-26, SECTOR NO  5, PRABHAT NAGAR, HIRAN MAGRI, UDAIPUR', 'MDSPS-2119', 0, 3, 2, '', '', '', '', '0000-00-00'),
(1108, 'BHAVIKA DANGI', 'MR  KISHAN LAL DANGI', 'MRS  BANI KUMARI DANGI', '2009-09-27', 'PLOT NO  5, NEAR POLATRY FORM, SECT  NO  3, PATEL BHAWAN, UDAIPUR', 'MDSPS-1349', 0, 3, 2, '', '', '', '', '0000-00-00'),
(1109, 'MADHAV SHARMA', 'MR  SHIV KUMAR SHARMA', 'MRS  NISHA SHARMA', '2009-02-11', '783, LAXMI NAGAR, PUROHITON KI MADRI, ROAD NO  3-4, UDAIPUR', 'MDSPS-1676', 0, 3, 2, '', '', '', '', '0000-00-00'),
(1110, 'YASH PRATAP SINGH RATHORE', 'MR  KOMAL SINGH RATHORE', 'MRS  PREETI KUNWAR RATHORE', '2009-01-22', 'H NO  3 NA-4, RATHORE NIWAS, PRATAP NAGAR, SEC  5 HIRAN MAGRI', 'MDSPS-1632', 0, 3, 2, '', '', '', '', '0000-00-00'),
(1111, 'BHAVYA YADAV', 'MR  BAHADUR SINGH YADAV', 'MRS  SUNITA YADAV', '2008-10-07', '13, TYPE-4, TELECOM COLONY, NEAR MANWA KHEDA, HIRAN MAGRI, UDAIPUR', 'MDSPS-1928', 0, 3, 2, '', '', '', '', '0000-00-00'),
(1112, 'MONIKA DANGI', 'MR  MOHAN LAL DANGI', 'MRS  BHAWARI DANGI', '2009-04-06', 'BUS STAND, LAKADWAS', 'MDSPS-1584', 0, 3, 2, '', '', '', '', '0000-00-00'),
(1113, 'JIYA GUPTA', 'MR  SUBHASH CHANDRA GUPTA', 'MRS  MANISHA GUPTA', '2009-09-01', '79, RISHI NAGAR, HIRAN MAGRI, SECT  NO  3, UDAIPUR', 'MDSPS-1305', 0, 3, 2, '', '', '', '', '0000-00-00'),
(1114, 'ISHIKA GARG', 'MR  NARESH GARG', 'MRS  CHETNA GARG', '2009-04-26', '48-A, SHANTI NAGAR, SECT  NO  3, HIRAN MAGRI, UDAIPUR', 'MDSPS-2307', 0, 3, 2, '', '', '', '', '0000-00-00'),
(1115, 'MRINAL NAMDEV', 'MR  DHARMENDRA NAMA', 'MRS  SEEMA NAMA', '2009-07-25', 'NEAR SAHKARI UPBHOKTA, RAKAMPURA ROAD, UDAIPUR', 'MDSPS-2260', 0, 3, 2, '', '', '', '', '0000-00-00'),
(1116, 'ANSHIKA KUMAWAT', 'MR  RAJESH KUMAWAT', 'MRS  BHARTI KUMAWAT', '2009-06-18', '3G 6 SEC  11', 'MDSPS-1963', 0, 3, 2, '', '', '', '', '0000-00-00'),
(1117, 'NAITIK WADHWANI', 'MR  RAVI WADHWANI', 'MRS  SALONI WADHWANI', '2009-02-18', '22, HANUMAN NAGAR, MANVA KHEDA, UDAIPUR', 'MDSPS-1700', 0, 3, 2, '', '', '', '', '0000-00-00'),
(1118, 'TUSHAR MANDAWARA', 'MR  MAHESHWAR MANDAWARA', 'Mrs  Hemlata Mandawara', '2009-08-26', '3-A,105, GUPTESHWAR NAGAR, HIRAN MAGRI, SECT. 7, UDAIPUR', 'RTE-003', 0, 3, 2, '', '', '', '', '0000-00-00'),
(1119, 'KIMAYA SOMANI', 'DR  SHAILENDRA SOMANI', 'DR  NIDHI MAHESHWARI', '2009-03-05', '25,TILAK NAGAR, SECT  NO  3, HIRAN MAGRI, UDAIPUR', 'MDSPS-1536', 0, 3, 2, '', '', '', '', '0000-00-00'),
(1120, 'ARCHI GEHI', 'MR  MANISH GEHI', 'MRS  BHARTI GEHI', '2008-09-27', 'T-3, HIRAN MAGRI, SECT  NO  5, NEAR UDAI PARK, UDAIPUR', 'MDSPS-1359', 0, 3, 2, '', '', '', '', '0000-00-00'),
(1121, 'SAIYAM JAIN', 'MR  SHAILENDRA JAIN', 'MRS  PURNIMA JAIN', '2009-04-21', '30- EKLING COLONY, SEC 3 UDAIPUR BEHIND RELANCE FRESH, UDAIPUR', 'MDSPS-1903', 0, 3, 2, '', '', '', '', '0000-00-00'),
(1122, 'MEENAKSHI PATEL', 'MR  PUSHKAR PATEL', 'MRS  JASHODA PATEL', '2009-03-10', 'TRIMURTI COMPLEX, SECT  NO  4, UDAIPUR', 'MDSPS-1366', 0, 3, 2, '', '', '', '', '0000-00-00'),
(1123, 'JHEEL JAIN', 'MR  MIKESH JAIN', 'MRS  MAMTA JAIN', '2008-12-30', '30, SARVARITU VILAS, NEAR JAIN MANDIR, UDAIPUR', 'MDSPS-2125', 0, 3, 2, '', '', '', '', '0000-00-00'),
(1124, 'CHIRAG SINGH JADOUN', 'MR  JAGDISH SINGH JADOUN', 'LATE MRS  SONU KUMARI JADOUN', '2008-08-06', '56, SUKHADIYA NAGAR, HIRAN MAGRI, SEC  NO  3, UDAIPUR', 'MDSPS-1855', 0, 3, 2, '', '', '', '', '0000-00-00'),
(1125, 'NIRAL MAHESHWARI', 'MR  VIIJAY MAHESHWARI', 'MRS. KIRAN MAHESHWARI', '2008-12-26', '301, OSTWAL PLAZA SUNDERWAS', 'RTE-006', 0, 3, 2, '', '', '', '', '0000-00-00'),
(1126, 'AMAN GOLCHHA', 'MR. ROHIT GOLCHHA', 'MRS. SHANTI GOLCHHA', '2009-05-11', 'B-501, ARCHIE PEACE PARK, NEW VIDYA NAGAR, SECTOR 4, UDAIPUR', 'MDSPS-2603', 0, 3, 2, '', '', '', '', '0000-00-00'),
(1127, 'ADVIT MANDAWAT', 'MR. HEMANT MANDAWAT', 'MRS. SANGEETA MANDAWAT', '2010-04-15', 'TYPE-III/23, BSNL COLONY, MANVA KHADA, SECT. NO. 6, HIRAN MAGRI, UDAIPUR', 'MDSPS-2645', 0, 3, 2, '', '', '', '', '0000-00-00'),
(1128, 'TARAKSHI SINGH', 'LATE MR. RAJEEV KUMAR', 'MRS. ARTI', '2007-10-08', 'QR. NO. 13, P&T COLONY, HIRAN MAGRI, SECT. NO. 4,  UDAIPUR', 'MDSPS-2494', 0, 4, 1, '', '', '', '', '0000-00-00'),
(1129, 'LAGAN KACHHAWAH', 'MR. BHANWAR LAL KACHHAWAH', 'MRS. ANJU KACHHAWAH', '2007-11-23', 'OPWD COLONY, MANVA KHERA ROAD, SECT.  NO. 4, HIRAN MAGRI, UDAIPUR', 'MDSPS-2508', 0, 4, 1, '', '', '', '', '0000-00-00'),
(1130, 'PRINCE KABRA', 'MR. DINESH KABRA', 'MRS. JYOTI KABRA', '2007-07-21', '91, HIRAN MAGRI, SECTOR NO. 6, BEHIND POLICE STATION, UDAIPUR', 'MDSPS-2132', 0, 4, 1, '', '', '', '', '0000-00-00'),
(1131, 'MANMOHAN SINGH', 'MR. RAJU SINGH', 'MRS. DEVI BAI', '2007-07-25', 'WARDEN QUARTER, NEHRU HOSTEL, SECT. NO. 3, HIRAN MAGRI, UDAIPUR', 'MDSPS-1493', 0, 4, 1, '', '', '', '', '0000-00-00'),
(1132, 'VEDANT MENARIA', 'MR. PRAKASH MENARIA', 'MRS. REKHA MENARIA', '2008-07-01', '174, PANERIYO KI MADRI, UDAIPUR', 'MDSPS-2521', 0, 4, 1, '', '', '', '', '0000-00-00'),
(1133, 'RAGINI KUMAWAT', 'MR.CHANDRA PRAKASH KUMAWAT', 'MRS.NIRMA KUMAWAT', '2008-09-03', '721, SEC-3 SURYA NAGAR , HIRAN MAGRI ', 'MDSPS-1230', 0, 4, 1, '', '', '', '', '0000-00-00'),
(1134, 'SRASHTI PAL ', 'MR. SHIVOM PAL ', 'MRS. ANJU PAL', '2009-03-25', 'H.NO 1153, OPP. COMMUNITY CENTER SEC-4 HIRAN MAGRI , UDAIPUR', 'MDSPS-2415', 0, 4, 1, '', '', '', '', '0000-00-00'),
(1135, 'TANISHKA SINGH CHUDAWAT', 'MR. BHUPENDRA SINGH CHUNDAWAT ', 'MRS. KAUSHLYA   ', '2007-01-04', '70, VIDHYA NAGAR, HIRAN MAGRI SEC-4, UDAIPUR', 'MDSPS-1267', 0, 4, 1, '', '', '', '', '0000-00-00'),
(1136, 'ROBIN SINGH RANAWAT', 'MR.RAJENDRA SINGH RANAWAT', 'MRS. REKHA KANWAR', '2008-07-19', '266- VIVEK NAGAR SEC-3 UDAIPUR', 'MDSPS-1264', 0, 4, 1, '', '', '', '', '0000-00-00'),
(1137, 'KARTIKEYA PANDYA', 'MR. MANOJ PANDYA', 'MRS. KAVITA PANDYA', '2007-10-29', '3-M-26, PRABHAT NAGAR, SECT. NO, 5, HIRAN MAGRI, UDAIPUR', 'MDSPS-1766', 0, 4, 1, '', '', '', '', '0000-00-00'),
(1138, 'MRIDULA MAHAWRA', 'MR. DHARMENDRA MAHAWAR', 'MRS. PUSHPA MAHAWAR', '2008-04-16', '136, ROOP NAGAR , H.M. SEC-3 UDAIPUR ', 'MDSPS-1757', 0, 4, 1, '', '', '', '', '0000-00-00'),
(1139, 'DHRUV POKHARNA', 'MR. ROHAN POKHARANA ', 'MRS. ANJANA POKHARANA', '2008-10-30', '47-B SAMTA NAGR SEC-3 HIRAN MAGRI , UDAIPUR', 'MDSPS-1151', 0, 4, 1, '', '', '', '', '0000-00-00'),
(1140, 'RITIKA DANGI ', 'MR.HEMRAJ DANGI ', 'MRS. BENI DANGI', '2007-11-08', 'VILL. MANVA KHERA , THE- GIRVA, UDAIPUR', 'MDSPS-1206', 0, 4, 1, '', '', '', '', '0000-00-00'),
(1141, 'SUHANI PATEL ', 'MR. KISHNLAL PATEL ', 'MRS. BASANTI PATEL ', '2007-08-28', '42/25 AKASHWANI KE SAMANE , UDAISAGAR ROAD, UDAIPUR', 'MDSPS-1227', 0, 4, 1, '', '', '', '', '0000-00-00'),
(1142, 'SACHIN AUDICHAYA', 'MR. RAJKUMAR AUDICHAYA', 'MRS. MEENAKSHI AUDICHAYA', '2008-03-07', '4-GA-47, HIRAN MAGRI, SECT. NO. 4, UDAIPUR', 'MDSPS-2238', 0, 4, 1, '', '', '', '', '0000-00-00'),
(1143, 'MANASVI MURDIYA', 'MR  KAMLESH MURDIYA', 'MRS. NEELAM MURDIYA', '2008-10-24', '20, SHANTI NAGAR, HIRAN MAGRI, SECT  NO  3, , UDAIPUR', 'MDSPS-1477', 0, 4, 1, '', '', '', '', '0000-00-00'),
(1144, 'RUDRAKSH BAPNA', 'MR  BALWANT BAPNA', 'MRS  SONAL BAPNA', '2008-04-20', '51, AMAL KA KANTA, SURAJPOL, UDAIPUR', 'MDSPS-1833', 0, 4, 1, '', '', '', '', '0000-00-00'),
(1145, 'MAHIM CHOUDHARY', 'MR  ASHOK KUMAR CHOUDHARY', 'MRS  GAYATRI CHOUDHARY', '2008-02-04', 'H NO  31, OSWAL NAGAR, THOKAR CHORYA, NEAR RAJ  PATRIKA, UDAIPUR', 'MDSPS-1262', 0, 4, 1, '', '', '', '', '0000-00-00'),
(1146, 'YASH NAHAR', 'MR  MAHAVEER NAHAR', 'MRS  SHWETA NAHAR', '2008-03-01', 'LAKADWAS (UDR) NAHARO KA MOHALLA', 'MDSPS-1775', 0, 4, 1, '', '', '', '', '0000-00-00'),
(1147, 'SHIVANI PALIWAL', 'MR  DINESH PALIWAL', 'MRS  CHANDRAKALA PALIWAL', '2008-10-10', '20,21, ADARSH NAGAR, BEHIND INDRA NURSING COLLEGE, SECT  NO  4, UDAIPUR', 'MDSPS-1959', 0, 4, 1, '', '', '', '', '0000-00-00'),
(1148, 'JAYESH PRAJAPAT', 'MR  PRAKASH PRAJAPAT', 'MRS  TARA PRAJAPAT', '2008-11-06', '26/862, AZAD NAGAR, HIRAN MAGRI, SECT  NO  3 BEHIND NEHRU HOSTEL, UDAIPUR', 'MDSPS-1807', 0, 4, 1, '', '', '', '', '0000-00-00'),
(1149, 'CHIRAYU LOHAR', 'MR  RAJU LOHAR', 'MRS  LALITA LOHAR', '2007-05-04', 'H NO  29, CHITRAKUT NAGAR, NEAR DATTATRAYE ASHRAM,  UDAIPUR', 'MDSPS-2213', 0, 4, 1, '', '', '', '', '0000-00-00'),
(1150, 'MAHI VAISHNAV', 'MR  JULESH VAISHNAV', 'MRS  JAMUNA VAISHNAV', '2008-05-13', '51, VARDHMAN PUBLIC SCHOOL NAGAR, NORTH SUNDERWAS, UDAIPUR', 'MDSPS-1708', 0, 4, 1, '', '', '', '', '0000-00-00'),
(1151, 'YASHIKA CHOUDHARY', 'MR  BABULAL CHOUDHARY', 'MRS  ASHA CHOUDHARY', '2009-03-19', 'H  NO  28, SHREE NATH NAGAR BEDWAS PRATAP NAGAR', 'MDSPS-1356', 0, 4, 1, '', '', '', '', '0000-00-00'),
(1152, 'LAKSHYA SETHIA', 'MR  RAJIV SETHIA', 'MRS  REKHA SETHIA', '2008-05-04', '3-TH-26, PRABHAT NAGAR, HIRAN MAGRI, SEC  NO  5, UDAIPUR', 'MDSPS-1556', 0, 4, 1, '', '', '', '', '0000-00-00'),
(1153, 'PAKSHIK VANAWAT', 'MR  PARAS KUMAR VANAWAT', 'MRS  SHARMILA VANAWAT', '2007-11-05', '3-PHA-47,SATELITE HOSPITAL SEC  5 SECT  NO  3, HIRAN MAGRI, UDAIPUR', 'MDSPS-2112', 0, 4, 1, '', '', '', '', '0000-00-00'),
(1154, 'SANYAM MAHESHWARI', 'MR  MANOJ KUMAR BHARADIA', 'MRS  SAPNA BHARADIA', '2008-02-14', '24, SAMTA NAGAR, BEHIND MDS SCHOOL, SECT  NO  3, UDAIPUR', 'MDSPS-2134', 0, 4, 1, '', '', '', '', '0000-00-00'),
(1155, 'SAKSHI DANGI', 'MR  KESHAV DANGI', 'MRS  YASHODA DANGI', '2008-08-18', '1219, OPP  NEW TRACK OFFSET, HIRAN MAGRI, SECT  NO  3, UDAIPUR', 'MDSPS-1193', 0, 4, 1, '', '', '', '', '0000-00-00'),
(1156, 'DARSHIL RATHOUR', 'MR  ROSHAN SINGH', 'MRS  SHEETAL DEVI', '2009-02-01', 'NEW JAISHREE COLONY, UDAIPUR', 'MDSPS-2216', 0, 4, 1, '', '', '', '', '0000-00-00'),
(1157, 'KHUSHI MEGHWAL', 'MR  GANESH LAL MEGHWAL', 'MRS  CHHAGNI BAI', '2007-07-30', 'NAKODA NAGAR SECOND DHOLI MAGRI PRATAP NAGAR', 'MDSPS-1250', 0, 4, 1, '', '', '', '', '0000-00-00'),
(1158, 'NANDINI SHARMA', 'MR  SOMESH SHARMA', 'MRS  MANISHA SHARMA', '2008-08-10', '56, NEW URJA VIHAR, GUPTESHWAR MAHADEV ROAD, AMBA FALA, TITARDI, UDAIPUR', 'MDSPS-2136', 0, 4, 1, '', '', '', '', '0000-00-00'),
(1159, 'PRINCY WASWANI', 'LATE MR  GURUMUKH WASWANI', 'MRS  ANJU WASWANI', '2008-02-24', 'ROOP NAGAR SEC  3 NEAR MDS SCHOOL HN 180 B', 'MDSPS-1837', 0, 4, 1, '', '', '', '', '0000-00-00'),
(1160, 'CHARVI SONI', 'MR  DINESH SONI', 'MRS  EKTA SONI', '2008-06-28', '51, KASHIPURI, HIRAN MAGRI, SECT  NO  4, UDAIPUR', 'MDSPS-1192', 0, 4, 1, '', '', '', '', '0000-00-00'),
(1161, 'HIMANG KOTHARI', 'MR  KALPESH KOTHARI', 'MRS  VARSHA KOTHARI', '2008-09-24', '3, SAMTA NAGAR, HIRAN MAGRI, SECT  NO  3, UDAIPUR', 'MDSPS-1169', 0, 4, 1, '', '', '', '', '0000-00-00'),
(1162, 'RAKSHANSH JAIN', 'MR  PRAKASH JAIN', 'MRS  RAJSHREE JAIN', '2008-01-30', '150, DHOLI MAGRI BEDWAS, UDAIPUR', 'MDSPS-1590', 0, 4, 1, '', '', '', '', '0000-00-00'),
(1163, 'VANSH VERMA', 'MR  SHAKTI SINGH VERMA', 'MRS  VANDANA VERMA', '2008-07-02', '15, KUMAWAT COLONY, BEHIND RSEB OFFICE, SECT   12, SAVINA, UDAIPUR', 'MDSPS-1266', 0, 4, 1, '', '', '', '', '0000-00-00'),
(1164, 'ROHIT  DANGI', 'MR  SOHAN LAL DANGI', 'MRS  NIRMALA DANGI', '2008-02-27', '456, EKLING COLONY, HIRAN MAGRI, SECT  NO  3, BEHIND RELIANCE FRESH, UDAIPUR', 'MDSPS-1269', 0, 4, 1, '', '', '', '', '0000-00-00'),
(1165, 'ADITYA TAK', 'MR  VINAY KUMAR TAK', 'MRS  SUMAN TAK', '2008-04-08', '5, JANTA MARG, INSIDE SURAJPOLE, UDAIPUR', 'MDSPS-1892', 0, 4, 1, '', '', '', '', '0000-00-00'),
(1166, 'TAVISHI SONI', 'MR. SURESH SONI', 'MRS. MAMTA SONI', '2007-12-07', '74, BAPPA RAWAL NAGAR, NEAR J.B. HOSPITAL, HIRAN MAGRI, UDAIPUR', 'MDSPS-2410', 0, 4, 1, '', '', '', '', '0000-00-00'),
(1167, 'MAYANK LOHAR', 'MR  DINESH LOHAR', 'MRS  PRIYANKA', '2007-05-20', 'PUROHITON MADRI, ROAD NO  3-4, JHAMAR KOTRA ROAD, UDAIPUR', 'MDSPS-1252', 0, 4, 1, '', '', '', '', '0000-00-00'),
(1168, 'NIKSHIT KANODIA', 'MR. PIYUSH KANODIA', 'MRS. SNEHA KANODIA', '2008-02-29', '40, SHUBHUSH NAGAR, ROAD NO. 2, OPP. B.N. COLLEGE, UDAIPUR', 'MDSPS-2208', 0, 4, 2, '', '', '', '', '0000-00-00'),
(1169, 'SAMYAK NANDAWAT', 'MR. BHARAT NANDAWAT', 'MRS. ANJANA JAIN', '2008-01-11', '65, SHANTI NAGAR, HIRAN MAGRI, SECT. NO. 3, UDAIPUR', 'MDSPS-2207', 0, 4, 2, '', '', '', '', '0000-00-00'),
(1170, 'YASHVI KHANDELWAL ', 'DR. ANIL KUMAR BHIWAL', 'MRS. DR. POONAM KHANDELWAL', '2008-08-11', 'B-2/S-4 DOCTOR''S OUATER GEETANJALI MEDICAL COLLEGE UDAIPUR', 'MDSPS-1470', 0, 4, 2, '', '', '', '', '0000-00-00'),
(1171, 'KHUSHI AGRAWAL', 'MR. KAMAL AGRAWAL', 'MRS. DEEPIKA AGRAWAL ', '2008-01-19', '834, NEW SWAMI NAGAR GARIYAWAS UDAIPUR ', 'MDSPS-1521', 0, 4, 2, '', '', '', '', '0000-00-00'),
(1172, 'HARSH NAGAR', 'MR. VIRAL NAGAR', 'MRS. MONIKA NAGAR', '2007-11-01', '16, VRINDAVAN VIHAR COLONY, SECT. NO. 3, HIRAN MAGRI, UDAIPUR', 'MDSPS-2250', 0, 4, 2, '', '', '', '', '0000-00-00'),
(1173, 'SPARSH BANERJEE', 'MR. KAUSHIK BANERJEE', 'MRS. MEGHNA BANERJEE', '2008-09-15', 'FLAT NO.704, ARAWALI HEIGHTS , ADARSH COLONY , PULA', 'MDSPS-2258', 0, 4, 2, '', '', '', '', '0000-00-00'),
(1174, 'RISHABH INTODIA', 'MR. BHARAT KUMAR INTODIA', 'MRS. KANTA INTODIA', '2008-01-03', 'K-203 RADHEY KRISHNA APARTMENT , NEW VIDHYA NAGAR , SEC-4, UDAIPUR', 'MDSPS-1242', 0, 4, 2, '', '', '', '', '0000-00-00'),
(1175, 'HIMANSHU SHARMA', 'MR.BHUPENDRA SHARMA', 'MRS.LAXMI SHARMA', '2008-05-10', 'VILL. EKLINGPURA SOMAWAT FORM, JHAMAR KOTRA ROAD, POST- KALADWAS , UDAIPUR', 'MDSPS-1164', 0, 4, 2, '', '', '', '', '0000-00-00'),
(1176, 'KRISHNA MITTAL', 'MR.RAKESH MITTAL ', 'MRS.SEEMA MITTAL', '2008-02-25', 'H.NO 9 NEW NIRNAL VIHAR, NEAR CENTRAL ACADEMY SCHOOL , SEC-3 BHIRAN MAGRI S, UDAIPUR', 'MDSPS-1437', 0, 4, 2, '', '', '', '', '0000-00-00'),
(1177, 'MAHI NYATI', 'MR. GANPAT LAL NYATI', 'MRS. NEELAM NYATI', '2008-10-25', '71, VIVEK NAGAR HIRAN MAGRI SEC-3 UDAIPUR', 'MDSPS-1468', 0, 4, 2, '', '', '', '', '0000-00-00'),
(1178, 'LIYANI JAIN ', 'MR. SUNIL JAIN ', 'MRS. SUNITA JAIN', '2008-06-11', '20 SAMTA NAGAR ,HIRAN MAGRI SEC-3 UDAIPUR', 'MDSPS-1186', 0, 4, 2, '', '', '', '', '0000-00-00'),
(1179, 'MEESHA VERMA ', 'MR. RAJEEV VERMA', 'MRS. TANU VERMA', '2007-11-05', '42 SAMTA NAGAR AHEAS MAHAVEER TEMPLE HIRAN MAGRI SEC-3 UDAIPUR', 'MDSPS-1166', 0, 4, 2, '', '', '', '', '0000-00-00'),
(1180, 'SOMIL CHECHANI', 'MR. SANJAY CHECHANI', 'MRS. VEENA CHECHANI', '2007-11-20', '127, M-ROAD, BHUPALPURA, UDAIPUR', 'MDSPS-2392', 0, 4, 2, '', '', '', '', '0000-00-00'),
(1181, 'DAKSH DODEJA', 'MR. DEEPAK DODEJA', 'MRS. ISHITA DODEJA', '2008-03-08', 'H.NO. 2-TA-21, SHANTI NAGAR, HIRAN MAGRI, SECT. NO. 5, UDAIPUR', 'MDSPS-1745', 0, 4, 2, '', '', '', '', '0000-00-00'),
(1182, 'PURVI JAIN', 'MR. PAYAL JAIN', 'MRS. PAYAL JAIN', '2009-01-16', '92, NAKODA COMPLEX, SECT. 4, HIRAN MAGRI, UDAIPUR', 'MDSPS-2270', 0, 4, 2, '', '', '', '', '0000-00-00'),
(1183, 'RAGHAV DADHICH', 'MR. AMIT DADHICH ', 'MRS. VIJAYLAXMI DADHICH', '2008-10-30', '44, ADARSH NAGAR, SECT. 4, HIRAN MAGRI, UDAIPUR', 'MDSPS-2320', 0, 4, 2, '', '', '', '', '0000-00-00'),
(1184, 'JANHAVI SAHU', 'MR. SANTOSH KUMAR TELI', 'MRS. YOJANA TELI', '2008-09-11', 'QTR. NO. III/, TELECOM COLONY, MANWA KHERA ROAD, SECT. 6, HIRAN MAGRI, UDAIPUR', 'MDSPS-1159', 0, 4, 2, '', '', '', '', '0000-00-00'),
(1185, 'ADITI ARORA', 'MR. DUSHYANT ARORA', 'MRS. KUSUM ARORA', '2009-01-07', '899, SECT. NO. 4, POOJA NAGAR, HIRAN MAGRI, UDAIPUR', 'MDSPS-1711', 0, 4, 2, '', '', '', '', '0000-00-00'),
(1186, 'KUSHAGRA SAINI', 'MR. KAILASH SAINI', 'MRS. POOJA SAINI', '2008-05-09', '150, MALI COLONY, MAIN ROAD, NEAR TEKRI, UDAIPUR', 'MDSPS-2206', 0, 4, 2, '', '', '', '', '0000-00-00'),
(1187, 'EVA BHAMBHANI ', 'MR. MIUKESH BHAMBHANI ', 'MRS. NUPUR  BHAMBHANI ', '2008-06-02', '49-50, MNWA KHEDA, A-ONE COMPLEX SEC-6 , UDAIPUR', 'MDSPS-1923', 0, 4, 2, '', '', '', '', '0000-00-00'),
(1188, 'MUSKAN CHOUBISA', 'MR. HARI PRASAD CHOUBISA', 'MRS. RAJESHWARI CHOUBISA', '2008-06-30', '15, ANAND VIHAR, HIRAN MAGRI, UDAIPUR', 'MDSPS-1254', 0, 4, 2, '', '', '', '', '0000-00-00'),
(1189, 'GARGI PALIWAL', 'MR  LALIT PALIWAL', 'MRS  KUMUD PALIWAL', '2008-11-07', '6, SAMRAT NAGAR TITARDI UDR ', 'MDSPS-1265', 0, 4, 2, '', '', '', '', '0000-00-00'),
(1190, 'RAKSHIT SHARMA', 'LATE MR  MUKESH KUMAR SHARMA', 'MRS  SHWETA SHARMA', '2008-03-23', 'PLOT NO  01, NEAR PITAMBARIA KUA, KACHHAWTO KI GALI, PANERIYON KI MADRI, UDAIPUR', 'MDSPS-1596', 0, 4, 2, '', '', '', '', '0000-00-00'),
(1191, 'HITARTH MENARIA', 'MR HARISH MENARIA', 'MRS HEMLATA MENARIA', '2008-10-22', 'MENARIYA RESTRORENT OPP  ROAD NO 2 POUROHITO KI MADARI, UDAIPUR', 'MDSPS-1202', 0, 4, 2, '', '', '', '', '0000-00-00'),
(1192, 'DWIJ SABNANI', 'MR DEEPESH SABNANI', 'LT. HIYA SABNANI', '2008-04-05', '16 A, KASHIPURI, MANWA KHEDA, UDAIPUR', 'MDSPS-2545', 0, 4, 2, '', '', '', '', '0000-00-00'),
(1193, 'NITYA GUPTA', 'MR  MAHESH GUPTA', 'MRS JYOTI GUPTA', '2008-08-09', '79, RISHI NAGAR, HIRAN MAGRI, SECT  NO  3, UDAIPUR', 'MDSPS-1211', 0, 4, 2, '', '', '', '', '0000-00-00'),
(1194, 'SAKSHAM VAISHNAV', 'MR  YOGESH VAISHNAV', 'MRS  KRATIKA VAISHNAV', '2008-04-03', '51, NORTH SUNDERWAS, UDAIPUR OPP  VARDHAMAN PUBLIC SCHOOL', 'MDSPS-1709', 0, 4, 2, '', '', '', '', '0000-00-00'),
(1195, 'LAKSHITA KANWAR', 'MR  AZAD SINGH SEWARSA', 'MRS  MANISHA KUNWAR', '2008-06-28', '53, MAYUR COMPLEX, HIRAN MAGRI, SECTO NO 4, UDAIPUR', 'MDSPS-2292', 0, 4, 2, '', '', '', '', '0000-00-00'),
(1196, 'RAHUL PATEL', 'MR HEERA LAL PATEL', 'MRS BHAWARI DEVI PATEL', '2007-03-09', '58, SEC - 3, UDAIPUR', 'MDSPS-2562', 0, 4, 2, '', '', '', '', '0000-00-00'),
(1197, 'DRISHTI SACHDEV', 'MR  ASHOK SACHDEV', 'MRS  KIRAN SACHDEV', '2007-11-23', '6, KASHIPURI, BSNL COLONY NO  3, HIRAN MAGRI SEC  5, UDAIPUR', 'MDSPS-1555', 0, 4, 2, '', '', '', '', '0000-00-00'),
(1198, 'KHUSH GORANA', 'MR  RAJESH LOHAR', 'MRS  KANCHAN LOHAR', '2008-01-10', '8 B, ANAND VIHAR 1, TEKRI MADRI LINK ROAD, UDAIPUR', 'MDSPS-1520', 0, 4, 2, '', '', '', '', '0000-00-00'),
(1199, 'CHIRAG NAMDEV', 'MR RAJ KUMAR CHHIPA', 'MRS SEEMA NAMDEV', '2008-01-15', '20, SHARDA NAGAR, BOHA GANESH ROAD, UDAIPUR', 'MDSPS-2574', 0, 4, 2, '', '', '', '', '0000-00-00'),
(1200, 'TANISHA CHAUDHARY', 'MR  ANIT RANA', 'MRS  CHITRA RANA', '2006-12-17', 'C-78, UDAI VIHAR COLONY, UDAIPUR', 'MDSPS-2124', 0, 4, 2, '', '', '', '', '0000-00-00'),
(1201, 'RUDRAKSH  SHARMA', 'MR. SANDEEP SHARMA', 'MRS. NEHA SHARMA', '2007-08-19', '6-D-7, RHB COLONY, SECT. NO. 9, UDAIPUR', 'MDSPS-1369', 0, 4, 2, '', '', '', '', '0000-00-00'),
(1202, 'ADITYA  SHARMA', 'MR  BHUPENDRA KUMAR SHARMA', 'MRS  BHAWANA SHARM', '2008-06-28', '28, SHASTRI NAGAR, SECT  NO  3, HIRAN MAGRI, UDAIPUR', 'MDSPS-1214', 0, 4, 2, '', '', '', '', '0000-00-00'),
(1203, 'DISHA  JAIN', 'MR ASHOK JAIN', 'MRS MANJU JAIN', '2008-01-15', '23-C, ADINATH BHAVAN UDAI VIHAR COLONY, MADARI, UDAIPUR', 'MDSPS-1203', 0, 4, 2, '', '', '', '', '0000-00-00'),
(1204, 'PINAL JAIN', 'MR  SANJAY JAIN', 'MRS  SEEMA JAIN', '2008-11-22', '346, NEAR KUMKUM VATIKA SEC  3, UDAIPUR', 'MDSPS-1809', 0, 4, 2, '', '', '', '', '0000-00-00'),
(1205, 'DISHAN  TALESARA', 'MR  MANISH TALESARA', 'MRS  DIPTI TALESARA', '2008-06-27', '14, SIDDARTH COMPLEX, SECT  NO  5, HIRAN MAGRI, UDAIPUR', 'MDSPS-1717', 0, 4, 2, '', '', '', '', '0000-00-00'),
(1206, 'VIKALP AMETA', 'MR VILAS AMETA', 'MRS MEENAKSHI AMETA', '2009-06-04', 'VILLAGE POST GADOLI, TE. MAVLI, UDAIPUR', 'MDSPS-2594', 0, 4, 2, '', '', '', '', '0000-00-00'),
(1207, 'MAISIE GOUR', 'MR  MAHESH GOUR', 'MRS  SANGEETA GOUR', '2007-12-01', '18-C NEW MALT COLONY NEAR VINAYAK VATIKA', 'MDSPS-1245', 0, 4, 2, '', '', '', '', '0000-00-00'),
(1208, 'VAISHANAVI SRIVASTAVA', 'MR.RAVI PRAKASH SRIVASTAVA', 'MRS. SHALINI SRIVASTAVA', '2008-12-21', '17, NEW MANGLAM , 100 FT. ROAD, SHOBHAGPURA, UDAIPUR', 'MDSPS-2602', 0, 4, 2, '', '', '', '', '0000-00-00'),
(1209, 'NARAYAN SINGH CHOUHAN', 'MR  CHATTER SINGH', 'MRS  DAV KUNWAR', '2007-12-08', 'LAXMI NAGAR, ROAD NO. 4, PUROHITHO KI MADRI, UDAIPUR', 'MDSPS-1199', 0, 4, 2, '', '', '', '', '0000-00-00'),
(1210, 'PRATEEK MALI', 'MR. LAXMI CHAND MALI', 'MRS. CHITRAREKHA MALI', '2006-07-03', '108, SILVER PALACE APARTMENT, OPP. ANUSHRI VATIKA, AASHIRWAD NAGAR, UDAIPUR', 'MDSPS-2488', 0, 5, 1, '', '', '', '', '0000-00-00'),
(1211, 'CHITRA CHOUDHARY', 'MR. LOKENDRA SINGH', 'MRS. SUNITA DEVI', '2008-01-15', 'NO. 11, BLOCK ''O''  POLICE LINE, RETI STAND, UDAIPUR', 'MDSPS-2511', 0, 5, 1, '', '', '', '', '0000-00-00'),
(1212, 'ARDHIKA CHATURVEDI', 'MR. CHHAVIKAR CHATURVEDI ', 'MRS. RUBY CHATURVEDI', '2007-11-28', '11, NIRMAL VIHAR, SEC-3 HIRAN MAGRI , UDAIPUR', 'MDSPS-2276', 0, 5, 1, '', '', '', '', '0000-00-00'),
(1213, 'NAITIK RAJ YADUVANSHI', 'MR. SURENDRA SINGH   ', 'MRS. KAVITA CHAWRA', '2007-10-16', 'L59, HIRAN MAGRI , SEC-9 UDAIPUR', 'MDSPS-1973', 0, 5, 1, '', '', '', '', '0000-00-00'),
(1214, 'DIVYANSHI MENARIA', 'MR. PRAKASH MENARIA', 'MRS. KRISHNA MENARIA', '2008-02-09', 'OLD BANK GALI , VILL- KANPUR , TH- GIRWA , DIST UDAIPUR', 'MDSPS-1727', 0, 5, 1, '', '', '', '', '0000-00-00'),
(1215, 'PARINEETA GAUTAM ', 'MR. MANOJ KUMAR GAUTAM ', 'MRS. VIMLESH GAUTAM ', '2006-09-22', '1/56 HBC BLOCK -C SEC-9  UDAIPUR', 'MDSPS-1048', 0, 5, 1, '', '', '', '', '0000-00-00'),
(1216, 'TANISHQ  LODHA', 'MR. SUNIL KUMAR LODHA', 'MRS. VANITA LODHA JAIN', '2007-04-05', '14 SAMRAT NAGAR, BOHRA GANESH JI ROAD UDAIPUR', 'MDSPS-1033', 0, 5, 1, '', '', '', '', '0000-00-00'),
(1217, 'LAKSHYRAJ SINGH RANAWAT ', 'MR.RAJENDRA SINGH RANAWAT', 'MRS. REKHA KANWAR', '2006-02-04', '266- VIVEK NAGAR SEC-3 UDAIPUR', 'MDSPS-1142', 0, 5, 1, '', '', '', '', '0000-00-00'),
(1218, 'RISHI MENARIA ', 'MR.NIRMAL MENARIA', 'MRS. YASHODA MENARIA', '2006-09-24', 'SHIV NAGAR, SOUTH SUNDERWAS , UDAIPUR', 'MDSPS-1754', 0, 5, 1, '', '', '', '', '0000-00-00'),
(1219, 'SHASHANK NANDANA', 'MR.GAURAV NANDWANA', 'MRS. SHALINI NANDWANA', '2007-04-14', '86 B BLOCK PRATAP NAGAR UDAIPUR ', 'MDSPS-1746', 0, 5, 1, '', '', '', '', '0000-00-00'),
(1220, 'DIPTANSH SHRIMALI', 'MR. OM PRAKASH SHRIMALI', 'MRS. SHEETAL SHRIMALI', '2007-08-03', '12TH B, NEW VIDHYA NAGAR, HIRAN MAGRI, SECT. NO. 4, UDAIPUR', 'MDSPS-1057', 0, 5, 1, '', '', '', '', '0000-00-00'),
(1221, 'SURYANSH JOSHI', 'MR. INDRA PRAKASH JOSHI', 'MRS. RAVITA JOSHI', '2008-10-05', 'MEWAR INDUSTRIAL AREA, INFRONT OF ROAD NO. 2, MADRI, UDAIPUR', 'MDSPS-1510', 0, 5, 1, '', '', '', '', '0000-00-00'),
(1222, 'NAITIK SOLANKI', 'MR. MAHESH SOLANKI', 'MRS. JAISHREE SOLANKI', '2007-09-17', 'QTR. NO. 15/IV, BSNL COLONY, MANWA KHERA, ROAD, HIRAN MAGRI, SECT. 6, UDAIPUR', 'MDSPS-2194', 0, 5, 1, '', '', '', '', '0000-00-00'),
(1223, 'UMESH KHARADI', 'MR. RAMESH CHANDRA KHERADI', 'MRS. LALITA KHARADI', '2008-03-13', '', 'MDSPS-2326', 0, 5, 1, '', '', '', '', '0000-00-00'),
(1224, 'DEV SAHU', 'MR. SURESH SAHU', 'MRS. LALITA SAHU', '2007-02-21', '46, BHABALI COLONY, BOHARA GANESH, UDAIPUR', 'MDSPS-1774', 0, 5, 1, '', '', '', '', '0000-00-00'),
(1225, 'AVIKA SHARMA', 'MR. SUKHDEV SHARMA', 'MRS. RITU SHARMA', '2007-06-01', 'CHANAKYAPURI, 307, SECT. 4, HIRAN MAGRI, UDAIPUR', 'MDSPS-2387', 0, 5, 1, '', '', '', '', '0000-00-00'),
(1226, 'KANISHKA SHAKTAWAT', 'MR. SURYABHAN SINGH SHAKTAWAT', 'MRS. KRISHNA KUNWAR', '2008-04-12', '1-DH-37, HIRAN MAGRI, SECT. 5, UDAIPUR', 'MDSPS-1713', 0, 5, 1, '', '', '', '', '0000-00-00'),
(1227, 'KULISH AUDICHYA', 'MR. UMESH AUDICHYA', 'MRS. KRISHNA AUDICHYA', '2007-03-26', '1 KH 48 SEC-4 HIRAN MAGRI , UDAIPUR', 'MDSPS-1337', 0, 5, 1, '', '', '', '', '0000-00-00'),
(1228, 'BHAVESH  VAISHNAV ', 'MR. PRAKASH VAISHNAV', 'MRS. RUKMANI VAISHNAV', '2006-08-06', 'LAXMI NAGAR PUROHITO KI MADRI , NROAD NO-4 UDAIPUR', 'MDSPS-1646', 0, 5, 1, '', '', '', '', '0000-00-00'),
(1229, 'DIVIJA M VAISHNAV ', 'MR. MAHESH VAISHNAV ', 'MRS. HEMLATA VAISHNAV ', '2007-07-07', 'EKLINGPURA , NEAR POWAR HOUSE , UDAIPUR', 'MDSPS-1096', 0, 5, 1, '', '', '', '', '0000-00-00'),
(1230, 'VISHAKHA AMETA', 'MR. RAJENDRA PRASAD  ', 'MRS. INDRA AMETA ', '2007-01-27', 'AKME PERADISE PLAT NO 103, MANWA KHERA ROAD , HIRAN MAGRI SEC-4 UDAIPUR ', 'MDSPS-1575', 0, 5, 1, '', '', '', '', '0000-00-00'),
(1231, 'SANIDHYA CHOUDHARY ', 'MR. PANNA LAL CHOUDHARY ', 'MRS. PRAMILA CHOUDHARY', '2007-01-22', '730, PUROHITO KI KMADRI ROAD NO.2 NAR HANUMAN TEMPLE UDAIPUR ', 'MDSPS-1573', 0, 5, 1, '', '', '', '', '0000-00-00'),
(1232, 'ANAY SHARMA', 'MR. OM PRAKASH SHARMA ', 'MRS. SOMYA SHARMA', '2008-02-04', 'H.NO 403/404 HIRANMAGRI SEC-3 VIVK NAGAR', 'MDSPS-1155', 0, 5, 1, '', '', '', '', '0000-00-00'),
(1233, 'DHRUV SAINI ', 'MR. RAJMAL SAINI', 'MRS. URMILA ', '2008-05-08', '890, MAIN ROAD PUROHITON KI MADRI ,UDAIPUR', 'MDSPS-1899', 0, 5, 1, '', '', '', '', '0000-00-00'),
(1234, 'LAVISHA SWAMI', 'MR. SUNIL SWAMI', 'MRS. MADHU SWAMI', '2007-04-18', '540, ARIHANT COLONY, PUROHITO KI MADRI, UDAIPUR', 'MDSPS-1531', 0, 5, 1, '', '', '', '', '0000-00-00'),
(1235, 'ANKIT PATEL', 'MR. SURESH KUMAR PATEL', 'MRS. LALITA PATEL', '2006-04-29', 'H.NO. 133, UDAIVIHAR COLONY, NEAR AKASHWANI COLONY, UDAIPUR', 'MDSPS-1109', 0, 5, 1, '', '', '', '', '0000-00-00'),
(1236, 'CHINMAYEE JAIN', 'MR. DR. LALIT PRAKASH JAIN', 'MRS. LATA KOTHARI JAIN', '2006-12-28', '6, BALAJI NAGAR, MANWAKHEDA , HIRAN MAGRI, SEC-4 UDAIPUR', 'MDSPS-2177', 0, 5, 1, '', '', '', '', '0000-00-00'),
(1237, 'HARSHRAJ SINGH DEORA', 'MR. KALYAN SINGH DEORA', 'MRS. PUSHPA KUNWAR DEORA', '2007-09-07', 'PATHON KI MADRI , SEVASHRMA CHORAHA UDAIPUR', 'MDSPS-1772', 0, 5, 1, '', '', '', '', '0000-00-00'),
(1238, 'SAKSHAM MEGHWAL ', 'MR. MADAN MEGHWAL', 'MRS. KALA MEGHWAL', '2007-04-19', 'NEW LAXMI NAGAR , PUROHITON KI MADRI , ROAD NO. 4 UDAIPUR', 'MDSPS-1060', 0, 5, 1, '', '', '', '', '0000-00-00'),
(1239, 'VIVEK DANGI ', 'MR. PREM SHANKAR DANGI', 'MRS. YASHODA DANGI ', '2007-05-18', '102, BANK GATI KANPUR, UDAIPUR, & HANSA PALACE ROAD, SEC-4 UDAIPUR', 'MDSPS-1219', 0, 5, 1, '', '', '', '', '0000-00-00'),
(1240, 'PRIYANSHU PATEL', 'MR. KISHAN LAL DANGI ', 'MRS. SANTOSH ', '2005-11-26', '327, KALADWAS, VASAMAGRI , UDAIPUR', 'MDSPS-1817', 0, 5, 1, '', '', '', '', '0000-00-00'),
(1241, 'SAKSHAM SINGH RAJPOOT', 'MR  SUNIL SINGH RAJPOOT', 'MRS  SUSHILA', '2007-05-25', 'MANWA KHERA, SEC - 5, UDAIPUR BSNL COLONY TYPE -II H  NO  10', 'MDSPS-1592', 0, 5, 1, '', '', '', '', '0000-00-00'),
(1242, 'JINISHA SAINI', 'MR  LEELA DHAR', 'MRS  SAROJ SAINI', '2007-03-15', '7, VIDHYA NAGAR, SECT  NO  4, HIRAN MAGRI, UDAIPUR', 'MDSPS-1114', 0, 5, 1, '', '', '', '', '0000-00-00'),
(1243, 'VISHVARAJ SINGH DEVRA', 'MR  NARENDRA SINGH DEVRA', 'MRS  PUSHPA DEVRA', '2006-09-02', '109, VIVEK NAGAR, HIRAN MAGRI, SECT  NO  3, UDAIPUR', 'MDSPS-1076', 0, 5, 1, '', '', '', '', '0000-00-00'),
(1244, 'ABHIJEET CHATTERJEE', 'LATE SHREE KUMAR CHATTERJEE', 'MRS  KAVITA CHATTERJEE', '2006-03-14', '42, 4 GH 15 UIT COLONY', 'MDSPS-1039', 0, 5, 1, '', '', '', '', '0000-00-00'),
(1245, 'DHRUV JENA', 'MR  DILIP JENA', 'MRS  BASANTI JENA', '2007-08-25', '323, UIT COLONY, AKASHWANI KE SAMNE, UDAIPUR', 'MDSPS-1094', 0, 5, 1, '', '', '', '', '0000-00-00'),
(1246, 'HARDIK LOHAR', 'MR  BHAWAR LAL LOHAR', 'MRS  SAVITA LOHAR', '2007-03-01', '62, AZAD VIHAR, NEAR UMAD VILA HOTEL, TITRADI, UDAIPUR', 'MDSPS-1814', 0, 5, 1, '', '', '', '', '0000-00-00'),
(1247, 'AAYUSH JAIN', 'MR  VIJAY JAIN', 'MRS  SANGEETA JAIN', '2007-02-14', '23-C, ADINATH BHAVAN, RIICO COLONY, MADARI, UDAIPUR', 'MDSPS-1136', 0, 5, 1, '', '', '', '', '0000-00-00'),
(1248, 'DAKSHRAJ SINGH CHAWDA', 'MR  BHOJ RAJ SINGH CHAWDA', 'MRS  ANITA KUNWAR CHAWDA', '2007-05-12', '124, VIVEK NAGAR, SEC - 3, UDAIPUR', 'MDSPS-1532', 0, 5, 1, '', '', '', '', '0000-00-00'),
(1249, 'KRATI SONI', 'MR  DINESH SONI', 'MRS  EKTA SONI', '2006-10-13', '51, KASHIPURI, HIRAN MAGRI, SECT  NO  5, UDAIPUR', 'MDSPS-1059', 0, 5, 1, '', '', '', '', '0000-00-00'),
(1250, 'GOURAV SALVI', 'MR  LOKESH SALVI', 'MRS  DEEPIKA SALVI', '2006-06-16', '660, SHIV NAGAR, SOUTH SUNDERWAS, UDAIPUR', 'MDSPS-1464', 0, 5, 1, '', '', '', '', '0000-00-00'),
(1251, 'MEGHA TANWAR', 'MR  RATAN SINGH TANWAR', 'MRS  POONAM TANWAR', '2007-03-31', 'C-2, ADARSH COLONY, TITARDI, UDAIPUR', 'MDSPS-1887', 0, 5, 1, '', '', '', '', '0000-00-00'),
(1252, 'SOMYA DUGGER', 'MR ALOK DUGGER', 'MRS SONAL JAIN', '2007-04-14', '59, ROOP NAGAR, SEC. 3. NEAR ASCENT SCHOOL, UDAIPUR', 'MDSPS-2597', 0, 5, 1, '', '', '', '', '0000-00-00'),
(1253, 'SHIVRAJ SINGH RAO', 'MR GAJENDRA SINGH RAO', 'MRS  ANAND KANWAR', '2006-10-30', '183-184, NEAR KAKA HEALTH CLUB, HIRAN MAGRI, SECT  NO  3, UDAIPUR', 'MDSPS-1404', 0, 5, 1, '', '', '', '', '0000-00-00'),
(1254, 'NEHAL MEHTA', 'MR. GIRISH MEHTA', 'MRS. SHARMILA MEHTA', '2007-03-10', '33, NIRMAL VIHAR, NEAR MDS SR. SEC. SCHOOL, SECT. 3, UDAIPUR', 'MDSPS-1002', 0, 5, 2, '', '', '', '', '0000-00-00'),
(1255, 'VAISHALI MISHRA', 'LATE MR. AGNESH MISHRA', 'LATE MRS. SHAFALI MISHRA', '2007-01-28', '201, ARCHIES SALATIER, OPP. CA BHAWAN, HIRAN MAGRI, SECT. 14, UDAIPUR', 'MDSPS-2265', 0, 5, 2, '', '', '', '', '0000-00-00'),
(1256, 'ADITYA SANKHLA', 'MR. MANISH JAIN ', 'MRS. SHILPI JAIN', '2007-01-01', '17, MAHAVEER COLONY HIRAN MAGRI SEC-4 UDAIPUR', 'MDSPS-1695', 0, 5, 2, '', '', '', '', '0000-00-00'),
(1257, 'ANIKET KUMAR MAURYA', 'MR. S.C. MAURYA', 'MRS.REETA MAURYA', '2007-02-17', '146 B RAILWAY COLONY , RANA PRATAP NAGAR , UDAIPUR ', 'MDSPS-1112', 0, 5, 2, '', '', '', '', '0000-00-00'),
(1258, 'KEJAL POKHARNA ', 'MR. UMESH POKHARNA', 'MRS. PAYAL POKHARNA', '2007-05-19', '70,RISHABH HOUSING SOCIRTY , TAGOUR NAGAR, H.M. SEC-4, UDAIPUR ', 'MDSPS-1966', 0, 5, 2, '', '', '', '', '0000-00-00'),
(1259, 'HARSHAL SHARMA', 'MR. VIJAY ANAND SHARMA', 'MRS.REKHA SHARMA', '2007-02-26', '80, ARIHANT VIAHR KANPUR MADRI ROAD , UDAIPUR', 'MDSPS-2233', 0, 5, 2, '', '', '', '', '0000-00-00'),
(1260, 'AKSHITA JAIN ', 'MR. PRAKASH JAIN ', 'MRS. PARVATI JAIN ', '2007-05-15', '3-D-5 , PRABHAT NAGAR, SEC-5 HIRAN MAGRI , UDAIPUR', 'MDSPS-1298', 0, 5, 2, '', '', '', '', '0000-00-00'),
(1261, 'SHUBH SARVA', 'MR.MANOJ TAILOR', 'MRS.RAJNI TOLAMBIA', '2007-08-16', '19-SOUTH SUNDERVAS NEAR SHYAM VATIKA- UDAIPUR', 'MDSPS-1019', 0, 5, 2, '', '', '', '', '0000-00-00'),
(1262, 'NAMAN MAHESHWARI', 'MR. ABHISHEK MAHESHWARI', 'MRS. GARIMA MAHESHWARI', '2007-03-11', '6, JALVIHAR COLONY , SEC-4 UDAIPUR', 'MDSPS-1104', 0, 5, 2, '', '', '', '', '0000-00-00'),
(1263, 'TANISHA CHOUBISA', 'MR. MANOJ CHOUBISA', 'MRS. ANJANA CHOUBISA', '2007-08-19', '20 NAKODA COMPLEX H.M. SEC-4 UDAIPUR', 'MDSPS-1077', 0, 5, 2, '', '', '', '', '0000-00-00'),
(1264, 'MAHARSHI JOSHI', 'MR. HERAMB JOSHI', 'MRS. VINITA JOSHI ', '2007-08-15', 'C-203 SIDDHI GANPATI PARK SUBCITY CENTER SEC-8 HIRAN MAGRI , UDAIPUR', 'MDSPS-1786', 0, 5, 2, '', '', '', '', '0000-00-00'),
(1265, 'SOMYA MAHESHWARI ', 'MR. KAILASH LAWTI', 'MRS. SARITA LAWTI', '2007-01-22', '86,87 ROOP NAGAR , HIRAN MAGRI SEC-3 , UDAIPUR', 'MDSPS-1095', 0, 5, 2, '', '', '', '', '0000-00-00'),
(1266, 'KOSTU JAIN ', 'MR. NIRMAL JAIN ', 'MRS. MONIKA JAIN ', '2007-06-29', '23 NEW COLONY SAVINA , UDAIPUR ', 'MDSPS-1827', 0, 5, 2, '', '', '', '', '0000-00-00'),
(1267, 'PRIYA MEENA ', 'MR. OM PRAKASH MEENA ', 'MRS. KRISHNA ', '2007-08-16', '33/32 SOUTH SUNDERWAS, SHIV NAGAR, UDAIPUR', 'MDSPS-1185', 0, 5, 2, '', '', '', '', '0000-00-00'),
(1268, 'HARSHIT CHOUDHARY', 'MR. ASHOK CHOUDHARY', 'MRS. GAYTARI CHOUDHARY ', '2007-02-27', '3444, JAI JAI SHREENATH VATIKA KE PASS SAVINA KHEDA ROAD, UDAIPUR', 'MDSPS-1126', 0, 5, 2, '', '', '', '', '0000-00-00'),
(1269, 'PARIKSHIT SANDHYA', 'MR. KAPIL SANADHYA', 'MRS. KAVITA YADAV ', '2007-05-27', '70, NAKODA NAGAR 1ST DHULJI KI BADI AIRPORT ROAD UDAIPUR', 'MDSPS-2203', 0, 5, 2, '', '', '', '', '0000-00-00'),
(1270, 'ATHARV HEMANT DEOPRKAR ', 'MR. HEMANT DEOPURKAR', 'MRS. NITAL HEMANT DEOPURKAR', '2007-09-15', 'K-104 RADHE KRISHNA APPORT. SEC-4 UDAIPUR', 'MDSPS-1495', 0, 5, 2, '', '', '', '', '0000-00-00'),
(1271, 'GRISHA VERMA ', 'MR. RAJEEV VERMA', 'MRS. TANU VERMA', '2006-12-23', '42 SAMTA NAGAR AHEAS MAHAVEER TEMPLE HIRAN MAGRI SEC-3 UDAIPUR', 'MDSPS-1003', 0, 5, 2, '', '', '', '', '0000-00-00'),
(1272, 'RONAK AMETA', 'MR. HEMANT KUMAR AMETA', 'MRS. VANDANA AMETA', '2007-01-12', '200, MALI COLONY, STREET NO. 1, UDAIPUR', 'MDSPS-1152', 0, 5, 2, '', '', '', '', '0000-00-00'),
(1273, 'HENEY BOLYA', 'MR. ASHOK BOLYA', 'MRS. JYOTSNA JAIN', '16/10/2006', '12, AMBE NAGAR, HIRAN MAGRI, MANAKHEDAROAD, SECT. 4, UDAIPUR', 'MDSPS-1106', 0, 5, 2, '', '', '', '', '0000-00-00'),
(1274, 'HIMANSHU SINGH RATHORE', 'MR. MAGAN SINGH RATHORE', 'MRS. NEETU RATHORE', '13/10/2006', '18, ARIHANT COLONY, ROAD NO. 3, MEWAR INDUSTRIAL AREA, MADRI, UDAIPUR', 'MDSPS-2242', 0, 5, 2, '', '', '', '', '0000-00-00'),
(1275, 'GAUTAM DAVE', 'MR. TARUN DAVE', 'MRS. SHEETAL DAVE', '2007-06-07', '1-K-17 SHANTI NAGAR, HIRAN MAGRI, SECT. 5, UDAIPUR', 'MDSPS-1791', 0, 5, 2, '', '', '', '', '0000-00-00'),
(1276, 'LAKSHYA WARJURKAR', 'DR. SUNIL WARJURKAR', 'MRS. NEETA WARJURKAR', '2007-08-06', 'B1-402, VAISHALI APARTMENT, HIRAN MAGRI, SECT. 4, UDAIPUR', 'MDSPS-1936', 0, 5, 2, '', '', '', '', '0000-00-00'),
(1277, 'MUHAMMAD NAEEM ', 'MR. MUHAMMAD AYYUB', 'MRS. HASEENA BANU', '2007-03-25', '104, SUKHADIA COLONY, NEAR GAS GODOWN, HIRAN MAGRI, SECT. 3, UDAIPUR', 'MDSPS-1051', 0, 5, 2, '', '', '', '', '0000-00-00'),
(1278, 'SOMYA BAJAJ', 'MR. K.C. BAJAJ', 'MRS.  DAKSHA BAJAJ', '20/1/2007', '15, RISHI NAGAR, MOKSH MARG, BEFORE GAS GODWAN, HIRAN MAGRI, SECT. 3, UDAIPUR', 'MDSPS-1030', 0, 5, 2, '', '', '', '', '0000-00-00'),
(1279, 'PIYUSH DANGI', 'MR. TULSIRAM DANGI', 'MRS. TULSI BAI DANGI', '2007-07-03', 'VILLAGE BADA NOKHA, NEAR KUMBHA NAGAR, SECT. 4, UDAIPUR', 'MDSPS-1043', 0, 5, 2, '', '', '', '', '0000-00-00'),
(1280, 'ISHIKA PRAJAPAT', 'MR. PRABHU LAL PRAJAPAT', 'MRS. PRIYA PRAJAPAT', '2006-09-13', 'VILL. UMARDA , BSNL TOWER UDAIPUR', 'MDSPS-2273', 0, 5, 2, '', '', '', '', '0000-00-00'),
(1281, 'ABHA SINGH BAGHELA', 'MR. VIKRAM SINGH ', 'MRS. PHOOL KUNWAR', '2007-09-30', '723, SURYA NAGAR EC-3 HIRAN MAGRI UDAIPUR ', 'MDSPS-1680', 0, 5, 2, '', '', '', '', '0000-00-00'),
(1282, 'DHAWAL KOTHARI', 'MR. HIMMAT SINGH KOTHARI', 'MRS. MEENA KOTHARI', '2007-09-21', '24, GAYATRI NAGAR SEC-5 HIRAN MAGRI , UDAIPUR', 'MDSPS-1582', 0, 5, 2, '', '', '', '', '0000-00-00'),
(1283, 'KARTIK PUROHIT ', 'MR. DIN BANDHU PUROHIT ', 'MRS. HANSA PUROHIT', '2006-10-12', '703, BALAJI ENCLAVE, SAVINA, UDAIPUR', 'MDSPS-1606', 0, 5, 2, '', '', '', '', '0000-00-00'),
(1284, 'BHAVYA PANDYA', 'MR. GAJENDRA PANDYA', 'MRS. YOGITA PANDYA', '2007-04-09', '27/183 NEAR SHIKSHA NIKETAN SCHOOL PANERIO KI MADRI SEC-5 UDAIPUR', 'MDSPS-1291', 0, 5, 2, '', '', '', '', '0000-00-00'),
(1285, 'PRAGYA SHARMA ', 'MR. GAJENDRA SHARMA ', 'MRS. LATA SHARMA', '2007-06-22', 'A-2 GAYATRI NAGAR, HIRAN MAGRI, SEC-5 UDAPUR', 'MDSPS-1292', 0, 5, 2, '', '', '', '', '0000-00-00'),
(1286, 'MAANSI GAUR', 'MR. VIKASH GAUR', 'MRS. PRIYANKA GAUR', '2007-01-07', 'H. NO 3-F-72 PRABHAT NAGAR , SEC-5 HIRAN MAGRI , UDAIPUR', 'MDSPS-2095', 0, 5, 2, '', '', '', '', '0000-00-00'),
(1287, 'HIMANK JAIN ', 'MR. PRAKASH CHAMPAWAT', 'MRS. MANJU SOMIA', '2008-02-20', '17, SHUBHAM COMPLEX, NEAR SAVITRI VATIKA, SECT. 4, HIRAN MAGRI, UDAIPUR', 'MDSPS-2268', 0, 5, 2, '', '', '', '', '0000-00-00'),
(1288, 'KARTIK RANAWAT', 'MR. VIJAYPAL SINGH RANAWAT', 'MRS. OM KANWAR', '2007-12-08', '10, ASHOK VIHAR, SECT. 3, UDAIPUR', 'MDSPS-1209', 0, 5, 2, '', '', '', '', '0000-00-00'),
(1289, 'KRITEE RAJ BAANSI', 'MR. MANISH RAJ BAANSI ', 'MRS. SEEMA JAIN ', '2007-03-26', '12-C NEW VIDHYA, SEC-4 NEARKRISHNANGAN APPARTMENT', 'MDSPS-1586', 0, 5, 2, '', '', '', '', '0000-00-00'),
(1290, 'DAKSH GORANA', 'MR  JAGDISH GORANA', 'MRS  LAXMI GORANA', '2007-08-04', '33/896, GLASS FACTORY, KHEMPURA ROAD, UDAIPUR', 'MDSPS-1110', 0, 5, 2, '', '', '', '', '0000-00-00'),
(1291, 'MRIDUL JOSHI', 'MR. HEMANT KUMAR SHARMA', 'MRS. SUSHMA JOSHI', '2006-11-13', '206, SHAHI HITAWALA COMPLEX, NEAR GAURI CHOOK, SECTOR 11, HIRAN MAGRI, UDAIPUR', 'MDSPS-2409', 0, 5, 2, '', '', '', '', '0000-00-00'),
(1292, 'TAMANNA PAHUJA', 'MR  HARISH PAHUJA', 'MRS  PALAK PAHUJA', '2006-08-03', '3-JHA-14, PRABHAT NAGAR, HIRAN MAGRI, SECT  NO  5, UDAIPUR', 'MDSPS-1231', 0, 5, 2, '', '', '', '', '0000-00-00'),
(1293, 'NEHAL CHOUBISA', 'MR  DINESH CHANDRA CHOUBISA', 'MRS  KRISHNA CHOUBISA', '2007-04-07', '433, SECT  NO 4, HIRAN MAGRI, SECT  NO  4, UDAIPUR', 'MDSPS-1367', 0, 5, 2, '', '', '', '', '0000-00-00'),
(1294, 'PRIYANSH CHOUBISA', 'MR  MUKESH CHOUBISA', 'MRS  REKHA CHOUBISA', '2007-09-14', '433, SEVA NAGAR, SEC - 4, UDAIPUR', 'MDSPS-1222', 0, 5, 2, '', '', '', '', '0000-00-00'),
(1295, 'SAKSHI VAISHNAV', 'MR  MUKESH VAISHNAV', 'MRS  REKHA VAISHNAV', '2006-11-28', 'NEAR BUS STAND, LAKADWAS, UDAIPUR', 'MDSPS-1534', 0, 5, 2, '', '', '', '', '0000-00-00'),
(1296, 'SIDDHANT SINGH CHOUHAN', 'MR  AMAR SINGH CHOUHAN', 'MRS, REKHA KANWAR', '2009-03-12', 'E- BLOCK C-13 POLICE LINE UDAIPUR', 'MDSPS-1450', 0, 5, 2, '', '', '', '', '0000-00-00'),
(1297, 'RITIKSHA DANGI', 'MR SURESH DANGI', 'MRS HEERA DANGI', '2006-03-10', '1219, NEW SHIV NAGAR, OPP  NEW TRACK OFFSET, SEC - 3, UDAIPUR', 'MDSPS-1194', 0, 5, 2, '', '', '', '', '0000-00-00'),
(1298, 'PRADEEP SINGH SEWARSA', 'MR  AZAD SINGH SEWARSA', 'MRS  MANISHA KANWAR', '2006-04-13', '53, MAYUR COMPLEX, HIRAN MAGRI, SECT  4, UDAIPUR', 'MDSPS-2293', 0, 5, 2, '', '', '', '', '0000-00-00'),
(1299, 'PRIYANSH BAGRECHA', 'MR  SUNIL BAGRECHA', 'MRS  RHITU BAGRECHA', '2006-11-18', 'H  NO  896 POOJA NAGAR, SEC - 4, NEAR POST OFFICE, UDAIPUR', 'MDSPS-1604', 0, 5, 2, '', '', '', '', '0000-00-00'),
(1300, 'DIGVIJAY SINGH RAJPUROHIT', 'MR  KISHAN SINGH RAJPUROHIT', 'MRS  KAMLA RAJPUROHIT', '2006-09-19', '134/B, HIRAN MAGRI, SECT  NO  3, NEAR VIVEK PARK, UDAIPUR', 'MDSPS-1246', 0, 5, 2, '', '', '', '', '0000-00-00'),
(1301, 'HARSHVARDHAN BAPNA', 'MR  RAVI KUMAR BAPNA', 'MRS  SONIKA BAPNA', '2007-07-15', '46, ROOP NAGAR, HIRAN MAGRI, SECT  NO  3, UDAIPUR', 'MDSPS-1090', 0, 5, 2, '', '', '', '', '0000-00-00'),
(1302, 'VIVEK MEENA', 'MR SHAMBHU DAYAL MEENA', 'MRS RESHAM DEVI', '2007-08-08', '36/A RAILWAY COLONY, RANA PRATAP NAGAR, UDAIPUR', 'MDSPS-2579', 0, 5, 2, '', '', '', '', '0000-00-00'),
(1303, 'BHAKTIL BHAVSAR', 'MR SANJAY KUMAR BHAVSAR', 'MRS MEENA RANI BHAVSAR', '2008-06-02', '1 D, 20, SEC - 4, UDAIPUR', 'MDSPS-2580', 0, 5, 2, '', '', '', '', '0000-00-00'),
(1304, 'ESHAAN JAIN ', 'MR. AVINASH JAIN ', 'MRS. SUPRIYA JAIN ', '2006-10-09', '35-A, AADARSH HOUSING  SOCIETY, SECTOR 4, HIRAN MAGRI, UDAIPUR', 'MDSPS-1671', 0, 6, 1, '', '', '', '', '0000-00-00'),
(1305, 'KHUSHI BHERWANI', 'MR. JITENDRA BHERWANI', 'MRS. POOJA BHERWANI', '2006-09-05', '166, SANJAY GANDDHI NAGAR, SECT. 8, HIRAN MAGRI, UDAIPUR', 'MDSPS-1960', 0, 6, 1, '', '', '', '', '0000-00-00'),
(1306, 'NEERAJ TRIVEDI', 'MR. ASHOK JI TRIVEDI', 'MRS. PRAMILA TRIVEDI', '2006-08-14', 'L-282, SECT. 9, SAVINA, UDAIPUR', 'MDSPS-2529', 0, 6, 1, '', '', '', '', '0000-00-00'),
(1307, 'BHUPENDRA SHARMA', 'MR. UDAI LAL SHARMA', 'MRS. MANJU SHARMA', '2005-05-26', 'VILLAGE KANPUR , THE- GIRWA ,DIST UDAIPUR', 'MDSPS-1728', 0, 6, 1, '', '', '', '', '0000-00-00'),
(1308, 'NANDINI SEN ', 'MR. HARISH KUMAR SEN ', 'MRS. MEENA SEN ', '2006-05-14', 'PLOT NO 101, SUBHASH NAGAR ROAD NO 4, UDAIPUR', 'MDSPS-1577', 0, 6, 1, '', '', '', '', '0000-00-00'),
(1309, 'CHANDRABHAN SINGH SOLANKI', 'MR.GANPAT SINGH SOLANKI', 'MRS.MEENAKSHI KANWAR', '2006-07-27', '86-C DORE NAGAR UDAIPUR', 'MDSPS-2324', 0, 6, 1, '', '', '', '', '0000-00-00'),
(1310, 'PRATYUSH SUKHWAL ', 'MR. PRAKASH CHANDRA SUKHWAL', 'MRS. KOMAL SUKHWAL ', '2005-02-27', 'SUBHASH NAGAR NEAR AIRFEL FOWAR BEHIIND PATROL PUMP. SEVASHARM  UDAIPUR', 'MDSPS-0917', 0, 6, 1, '', '', '', '', '0000-00-00'),
(1311, 'KANISHKA MOTWANI', 'MR. SURESH MOTWANI', 'MRS. SANGITA MOTWANI', '2006-03-09', '35 JAWAHAR NAGAR, UDAIPUR', 'MDSPS-1634', 0, 6, 1, '', '', '', '', '0000-00-00'),
(1312, 'KEENAL JAROLI ', 'MR. RAMESH JAROLI', 'MRS. ANJU JAROLI', '2006-01-13', '4B , KASHIPURI , SEC-5 HIRAN MAGRI UDAIPUR', 'MDSPS-2251', 0, 6, 1, '', '', '', '', '0000-00-00'),
(1313, 'KAVYA SINGH SISODIYA ', 'MR. MAHENDRA SINGH SISODIYA', 'MRS. PUSHPENDRA KANWAR', '2005-11-18', '4/348, HPC SEC-14 HIRAN MAGRI , UDAIPUR', 'MDSPS-1385', 0, 6, 1, '', '', '', '', '0000-00-00'),
(1314, 'HUKUMRAJ SINGH RAJAWAT', 'MR. SHIV SINGH RAJAWAT', 'MRS. ANAND KANWAR', '2006-07-26', 'H.NO 4 KHA- 1 HIRAN MAGRI SEC-4 HOUSING BOARD COLONY  UDAIPUR ', 'MDSPS-0982', 0, 6, 1, '', '', '', '', '0000-00-00'),
(1315, 'ROHAN VYAS', 'MR. SANTOSH VYAS', 'MRS. SUNITA VYAS', '2006-01-22', '129, ARIHANT VIHAR, PUROHITO KI MADRI, UDAIPUR', 'MDSPS-1472', 0, 6, 1, '', '', '', '', '0000-00-00'),
(1316, 'MANISHA KHARADI', 'MR. RAMESH CHANDRA KHARADI', 'MRS. LALITA KHARADI', '2006-02-13', 'POLICE THANE KE SAAMNE , PANERIYON KI MADRI , UDAIPUR', 'MDSPS-2325', 0, 6, 1, '', '', '', '', '0000-00-00'),
(1317, 'HIRAL BHARGAV', 'MR. YOGESH NAND BHARGAVA', 'MRS. MANISHA RAWAL', '2006-04-07', '25, VINAYAK NAGAR, NEAR PANARION KI MADRI, UDAIPUR', 'MDSPS-1300', 0, 6, 1, '', '', '', '', '0000-00-00'),
(1318, 'NIKUNJ CHOUDHARY', 'MR. PRAMOD KUMAR CHOUDHARY', 'MRS. TARA CHOUDHARY', '2007-03-09', '6 R . R.K. PURAM BHIAND GIRJA VIYAS PATROL PUMP SEC-9, TITARDI UDAIPUR', 'MDSPS-1736', 0, 6, 1, '', '', '', '', '0000-00-00'),
(1319, 'MEET POKHARNA ', 'MR. VINOD JI POKHARNA', 'MRS. REKHA POKHARNA', '2006-06-21', '1224-1225, HIRAN MAGRI SEC-4  ADARSH NAGAR, UDAIPUR', 'MDSPS-0846', 0, 6, 1, '', '', '', '', '0000-00-00'),
(1320, 'HARSH MENARIA', 'MR. PRAKASH MENARIA', 'MRS. VINIT MENARIA', '2006-04-07', 'HARSH PLACE, 21 A MAHAVER COLONY HIRAN MAGRI SEC-4 UDAIPUR', 'MDSPS-1297', 0, 6, 1, '', '', '', '', '0000-00-00'),
(1321, 'JANHAVI RAJ GAUTAM', 'MR. RAJESH GAUTAM', 'MRS. SAROJ GAUTAM', '2006-01-15', '2, SAMTA NAGAR, NIRMAL VIAHR HIRAN MAGRI SEC-3 UDAIPUR', 'MDSPS-0787', 0, 6, 1, '', '', '', '', '0000-00-00'),
(1322, 'KANISHKA RAJ CHOUHAN ', 'MR. MAHENDRA SINGH CHOUHAN ', 'MRS. REKHA CHOUHAN', '2006-09-15', '123, ARRIHANT VIHAR, PUROHITO KI MADRI , UDAIIPUR', 'MDSPS-1113', 0, 6, 1, '', '', '', '', '0000-00-00'),
(1323, 'BHOOMI DERASHRI ', 'MR. OM PRAKASH DERASHRI ', 'MRS. KOSHALYA JOSHI ', '2006-02-24', '301, GANESH NAGAR, PAYDA, UNIVERCITY OAD, UDAIPUR', 'MDSPS-2278', 0, 6, 1, '', '', '', '', '0000-00-00'),
(1324, 'PUSHPENDER SINGH SOLANKI', 'MR. GAJENDRA SINGH SOLANKI', 'MRS. SHOBHA KUNWAR', '2005-05-27', '15-SHANTI NAGAR , HIRAN MAGRI , SEC-3, UDAIPUR', 'MDSPS-2086', 0, 6, 1, '', '', '', '', '0000-00-00'),
(1325, 'HIMESH AUDICHYA', 'MR. RAJKUMAR AUDICHYA', 'MRS. MEENAKSHI AURCHYA', '2006-10-14', '4-GA-47, HIRAN MAGRI, SECT. NO. 4, UDAIPUR', 'MDSPS-2237', 0, 6, 1, '', '', '', '', '0000-00-00'),
(1326, 'RHYTHAM SHARMA', 'MR  INDRA LAL SHARMA', 'MRS  MEENAKSHAI SHARMA', '2005-02-28', '139, SHREE JI VIHAR, NEW VIDHYA NAGAR COLONY, HIRAN MAGRI, SECT  NO  4, UDAIPUR', 'MDSPS-0801', 0, 6, 1, '', '', '', '', '0000-00-00'),
(1327, 'RUDRA MAHESHWARI', 'MR  KAMLESH AGAL', 'MRS  KALPANA MAHESHWARI', '2005-09-09', '496, SEC  4 MAIN ROAD OPP  WATER TANK', 'MDSPS-0887', 0, 6, 1, '', '', '', '', '0000-00-00'),
(1328, 'SANVI CHAMPAWAT', 'MR. MANOJ CHAMPAWAT', 'MRS. NEELAM CHAMPAWAT', '2007-02-18', 'H.NO. 3, DH 20 HIRAN MAGRI , SEC-5 UDAIPUR', 'MDSPS-2540', 0, 6, 1, '', '', '', '', '0000-00-00'),
(1329, 'HARSHAL AGRAWAL', 'MR  MUKESH AGRAWAL', 'MRS  RANJANA AGRAWAL', '2006-06-01', '28, MANWAKHERA, GAYATRI NURSING COLLEGE, UDAIPUR HARSH NIKUNG HANUMAN COLONY', 'MDSPS-1992', 0, 6, 1, '', '', '', '', '0000-00-00'),
(1330, 'SARTHAK SHARMA', 'MR  HARI PRAKASH SHARMA', 'MRS  RAJNI SHARMA', '2005-05-03', 'A-107, DWARIKA APARTMENT, A-ONE COMPLEX, MANWAKHERA ROAD, UDAIPUR', 'MDSPS-2111', 0, 6, 1, '', '', '', '', '0000-00-00'),
(1331, 'CHANCHAL CHOUDHARY', 'MR  ANIL CHOUDHARY', 'MRS  SEEMA CHOUDHARY', '2005-06-03', 'SOUTH SUNDERWAS, NEAR SHYAM VATIKA, UDAIPUR', 'MDSPS-1117', 0, 6, 1, '', '', '', '', '0000-00-00'),
(1332, 'SUJAL LOHAR', 'MR  RAJU LOHAR', 'MRS  LALITA LOHAR', '2004-07-06', 'H NO  29, CHITRAKUT NAGAR, NEAR DATTATRAYE ASHRAM, UDAIPUR', 'MDSPS-2212', 0, 6, 1, '', '', '', '', '0000-00-00');
INSERT INTO `student` (`id`, `name`, `father_name`, `mother_name`, `dob`, `address`, `scholar_no`, `roll_no`, `class_id`, `section_id`, `mobile_no`, `faculty`, `batch`, `pdf_path`, `pdf_update_date`) VALUES
(1333, 'DEEPIKA DANGI', 'MR  MOHAN LAL DANGI', 'MRS  BHAWARI DANGI', '2006-02-04', 'BAS STAND, LAKADWAS, UDAIPUR', 'MDSPS-1585', 0, 6, 1, '', '', '', '', '0000-00-00'),
(1334, 'JAYANT GARG', 'MR  NARESH GARG', 'MRS  CHETNA GARG', '2006-02-25', '48-A, SHANTI NAGAR, SECT  3, HIRAN MAGRI, UDAIPUR', 'MDSPS-2308', 0, 6, 1, '', '', '', '', '0000-00-00'),
(1335, 'MEDHA DEWAL', 'MR  SIDHARTH DEWAL', 'MRS  SANJU KUNWAR', '2006-06-03', 'CHOTI NOKHA, INSIDE KUMHARO KA BHATTA, UDAIPUR', 'MDSPS-1526', 0, 6, 1, '', '', '', '', '0000-00-00'),
(1336, 'DIKSHITA CHOUHAN', 'MR  KARAN SINGH CHOUHAN', 'MRS  SANTOSH CHOUHAN', '2006-11-30', 'E-26 CLASS NEAR SHIV MANDIR PRATAP NAGAR', 'MDSPS-1896', 0, 6, 1, '', '', '', '', '0000-00-00'),
(1337, 'ADITYARAJ SINGH RANAWAT', 'MR  SANGRAM SINGH RANAWAT', 'MRS  VINOD KUNWAR RATHORE', '2005-12-14', '41, SAMTA NAGAR SEC  3', 'MDSPS-1055', 0, 6, 1, '', '', '', '', '0000-00-00'),
(1338, 'NAMAN DAGRIYA', 'MR  SANMATI DAGRIYA', 'MRS  CHETNA DEVI DAGRIYA', '2006-05-13', 'H NO  3-F-62, PRABHAT NAGAR, HIRAN MAGRI, SECT  NO  5, UDAIPUR', 'MDSPS-0991', 0, 6, 1, '', '', '', '', '0000-00-00'),
(1339, 'HARDIK BANSAL', 'MR  NARESH KUMAR  BANSAL', 'MRS  HEMA AGRAWAL', '2006-05-04', 'FLAT NO  -B-407 DWARIKA APARTMENT MANWA KHERA ROAD', 'MDSPS-1402', 0, 6, 1, '', '', '', '', '0000-00-00'),
(1340, 'CHINMAY KALAL', 'MR  NARAYAN LAL KALAL', 'MRS  NEELAM DEVI', '2005-03-11', '250, SAMTA NAGAR, BEHIND MDS SCHOOL, HIRAN MAGRI, SECT  NO  3, UDAIPUR', 'MDSPS-2182', 0, 6, 1, '', '', '', '', '0000-00-00'),
(1341, 'HARDIKA JAIN', 'MR  ASHOK JAIN', 'MRS  MANJU JAIN', '2006-04-06', '23-C, VIDHYA BHAVAN, RIICO COLONY, UDAIPUR', 'MDSPS-0993', 0, 6, 1, '', '', '', '', '0000-00-00'),
(1342, 'TRAYANSH VIJAYAVARGIA', 'MR  SATYA PRAKASH VIJAYAVARGIA', 'MRS  KALA VIJAYAVARGIA', '2007-01-13', '10, AMBIKA NAGAR, NR  SAVITRY VATIKA, SECTOR NO  4, HIRAN MAGRI, UDAIPUR', 'MDSPS-1789', 0, 6, 1, '', '', '', '', '0000-00-00'),
(1343, 'YUG SEMLAWAT', 'MR  VIKAS SEMLAWAT', 'MRS  ANKITA SEMLAWAT', '2006-11-21', 'H NO  58, KRISNA VIHAR, NEW VIDHYA NAGAR, SECT  NO  4, UDAIPUR', 'MDSPS-2226', 0, 6, 1, '', '', '', '', '0000-00-00'),
(1344, 'ARTH JAIN', 'MR  JAIPRAKASH', 'MRS  KUSUM JAIN', '2006-08-14', '3-GA-5, SECTOR NO  5, HIRAN MAGRI, UDAIPUR', 'MDSPS-0948', 0, 6, 1, '', '', '', '', '0000-00-00'),
(1345, 'SHEKHAR PATEL', 'MR  RAM LAL PATEL', 'MRS  SHANTA PATEL', '2006-01-05', 'MANWAKHERA, SECT  NO  4, UDAIPUR', 'MDSPS-0893', 0, 6, 1, '', '', '', '', '0000-00-00'),
(1346, 'MAYANK PATEL', 'MR  PUSHKAR PATEL', 'MRS. JASODA PATEL', '2006-06-30', 'MANVA KHERA, SECT  NO  4, UDAIPUR', 'MDSPS-0953', 0, 6, 1, '', '', '', '', '0000-00-00'),
(1347, 'URVI DANGI', 'MR  DHARMENDRA DANGI', 'MRS  PUSHPA DANGI', '2006-03-05', 'MANVA KHERA, SECT  NO  4, UDAIPUR', 'MDSPS-0856', 0, 6, 1, '', '', '', '', '0000-00-00'),
(1348, 'KALPESH KAROTIYA', 'MR. SHANTI LAL KAROTIYA', 'MRS  SUMITRA KAROTIYA', '2005-12-16', '50, SAMTA NAGAR, OPP  MDS SCHOOL, HIRAN MAGRI, SECT  NO  3, UDAIPUR', 'MDSPS-2157', 0, 6, 1, '', '', '', '', '0000-00-00'),
(1349, 'PUNEET PRAJAPAT', 'MR  DINESH PRAJAPAT', 'MRS  KHUSHLATA PRAJAPAT', '2006-01-20', 'H NO  198, KUMHARO KA MOUHALLA, NEAR BUS STAND, LAKADWAS, TEHSIL GIRWA, DISTT  UDAIPUR', 'MDSPS-2149', 0, 6, 1, '', '', '', '', '0000-00-00'),
(1350, 'UPASANA DANGI', 'MR PRAMOD DANGI', 'MRS  YASHODA DANGI', '2006-08-16', 'EKLINGPURA, POST KALADWAS, UDAIPUR', 'MDSPS-0995', 0, 6, 1, '', '', '', '', '0000-00-00'),
(1351, 'VAIBHAVPAL SINGH SOLANKI', 'MR  CHANDRA PAL SINGH SOLANKI', 'MRS  KHUSVEER KUNWAR', '2005-09-24', '246, VIVEK NAGAR SEC  3 URA CHOURAHA HIRAN MAGRI', 'MDSPS-0873', 0, 6, 1, '', '', '', '', '0000-00-00'),
(1352, 'LAKSHITA RAO', 'MR  CHANCHAL SINGH RAO', 'MRS  RADHA KUNWAR RAO', '2006-06-22', '48, SANJAY GANDHI NAGAR SEC  8', 'MDSPS-1751', 0, 6, 1, '', '', '', '', '0000-00-00'),
(1353, 'RUHI JAIN ', 'MR. HARISH JAIN', 'MRS. RANJANA H JAIN ', '2006-02-18', '577, HIRAN MAGRI SEC-4, TAGORE NAGAR, UDAIPUR ', 'MDSPS-2608', 0, 6, 1, '', '', '', '', '0000-00-00'),
(1354, 'SHIRSH AGARWAL', 'MR. RAJENDRA KUMAR AGARWAL', 'MRS. DEEPA AGARWAL', '2006-03-12', 'FLAT NO. 804, ARCHIES PEACE PARK, NEW VIDHYA NAGAR. SECT. 4, HIRAN MAGRI, UDAIPUR', 'MDSPS-2612', 0, 6, 1, '', '', '', '', '0000-00-00'),
(1355, 'HARDIK KASERA', 'MR  RAJESH KASERA', 'MRS  ANJU KASERA', '2007-10-13', 'PLOT NO. 71, OSTWAL NAGAR, SUNDERWAS, NEAR RANAPRATP NAGAR STATION, UDAIPUR', 'MDSPS-2188', 0, 6, 1, '', '', '', '', '0000-00-00'),
(1356, 'YASHVI MANDAWAT', 'MR. HEMANT MANDAWAT', 'MRS. SANGEETA MANDAWAT', '2006-11-23', 'TYPE-III/23, BSNL COLONY, MANVA KHADA, SECT. NO. 6, HIRAN MAGRI, UDAIPUR', 'MDSPS-2644', 0, 6, 1, '', '', '', '', '0000-00-00'),
(1357, 'PARTH MALU', 'MR. LALIT MALU', 'MRS. DIVYA MALU', '2006-05-10', '3, SHANTI NAGAR, SECT. 3, NEAR MDS, UDAIPUR', 'MDSPS-0955', 0, 6, 2, '', '', '', '', '0000-00-00'),
(1358, 'ADITI MALU', 'MR. KANHAIYA LAL MALU', 'MRS. SARITA MALU', '2006-07-18', '1, NEW MAHAVEER NAGAR, BLOCK "A", HIRAN MAGRI, SECT. NO. 4, UDAIPUR', 'MDSPS-0959', 0, 6, 2, '', '', '', '', '0000-00-00'),
(1359, 'SREEJA SUNKARA', 'DR. S.SRINIVAS RAO', 'MRS. S. KALYANI', '2007-03-10', 'H.NO. 131, SHRI JI VIHAR, NEW VIDHYA NAGAR, SECT. 4, HIRAN MAGRI, UDAIPUR', 'MDSPS-1425', 0, 6, 2, '', '', '', '', '0000-00-00'),
(1360, 'RISHIRAJ SINGH SANSERA', 'MR. RAGHVENDRA SINGH SANSERA', 'MRS. ARUNA SINGH', '2006-05-12', '22, NEW DORE NAGAR, BEHIND SEVASHRAM, UDAIPUR', 'MDSPS-0834', 0, 6, 2, '', '', '', '', '0000-00-00'),
(1361, 'RIDDHIMAA SINGH PANWAR', 'MR. NARENDRA SINGH PANWAR', 'MRS. NAVITA SINGH PANWAR', '2006-07-06', '56, NEW JAISHREE VIHAR COLONY GUPTESHWAR ROAD AMBAFALA, UDAIPUR', 'MDSPS-1037', 0, 6, 2, '', '', '', '', '0000-00-00'),
(1362, 'MAHI BHATT', 'MR. VINOD BHATT', 'MRS. SUDHARSHNA SHARMA ', '2006-08-25', '280/1, ASHOK VIHAR, NEAR JAIN TEMPLE, HIRAN MAGRI, SEC-4 , UDAIPUR', 'MDSPS-0852', 0, 6, 2, '', '', '', '', '0000-00-00'),
(1363, 'DIYA DOSHI', 'MR.VARDHMAN DOSHI', 'MRS. CHANCHAL DOSHI', '2005-11-12', '285, VIVEK NAGAR HIARN MAGRI SEC-3 UDAIPUR ', 'MDSPS-0877', 0, 6, 2, '', '', '', '', '0000-00-00'),
(1364, 'GOURAV SEN ', 'MR. RAJENDRA KUMAR SEN ', 'MRS. SEEMA VERMA', '2006-11-27', 'PLOT NO 101, SUBHASH NAGAR ROAD NO 4, UDAIPUR', 'PRO', 0, 6, 2, '', '', '', '', '0000-00-00'),
(1365, 'YASH PATEL ', 'MR. LAXMI LAL PATEL ', 'MRS. BHAGVANTI PATEL ', '2006-01-26', 'VILL. MANWA KHEDA , NEAR GOVT. SCHOOL, UDAIPUR', 'MDSPS-0850', 0, 6, 2, '', '', '', '', '0000-00-00'),
(1366, 'VIRAT SAHLOT', 'MR. VISHAL SAHLOT', 'MRS. SNEHA SAHLOT', '2005-11-18', '66, VIDHYA NAGAR, HIRAN MAI  SEC-4, UDAIPUR', 'MDSPS-0908', 0, 6, 2, '', '', '', '', '0000-00-00'),
(1367, 'VAIBHAVI CHOUDHARY ', 'MR. RAKESH KUMAR CHOUDHARY', 'MRS. PRIYANKA CHOUDHARY', '2006-07-25', 'B-207, DWARKA APPARTMENT MANWA KHEDA, NEAR EKLINGPURA CHORAHA UDAIPUR ', 'MDSPS-1890', 0, 6, 2, '', '', '', '', '0000-00-00'),
(1368, 'PRANAY PALIWAL ', 'MR. DILIP PALIWAL', 'MRS. DURGA PALIWAL', '2006-06-07', '266, VIVEK NAGAR ,HIRAN MAGRI , SEC-3 UDAIPUR', 'MDSPS-0836', 0, 6, 2, '', '', '', '', '0000-00-00'),
(1369, 'AGNAY RANA', 'MR. RAKESH SINGH RAN A', 'MRS. SEEMA RANI', '2006-06-04', 'H.No. S.F.6, GAYATRI NAGAR, HIRAN MAGRI, SECTOR NO. 5, UDAIPUR', 'MDSPS-2257', 0, 6, 2, '', '', '', '', '0000-00-00'),
(1370, 'HONIL DUNGERWAL ', 'MR. ARVIND DUNGERWAL', 'MRS. SAKSHI DUNGERWAL ', '2006-02-10', '29, SAMTA NAGAR, GAS GODOWN ROAD , H.M SEC-3 UDAIPUR ', 'MDSPS-0898', 0, 6, 2, '', '', '', '', '0000-00-00'),
(1371, 'SATVIK GHAI', 'MR.LOVE KUMAR GHAI', 'MRS. SHILOVA GHAI', '2006-06-18', '17 NEW JAI SHARI COLONY BOHARA GANESH JI UDAIPUR', 'MDSPS-1578', 0, 6, 2, '', '', '', '', '0000-00-00'),
(1372, 'AVANTIKA CHOUDHARY', 'MR. PRADEEP CHOUDHARY', 'MRS. SONU CHOUDHARY', '2006-02-18', '29, SHUBHAM COMPLEX, OPP. SAVITRI VATIKA, SECT. 4, HIRAN MAGRI, UDAIPUR', 'MDSPS-2184', 0, 6, 2, '', '', '', '', '0000-00-00'),
(1373, 'BHASKAR WADHWANI', 'MR. SURESH WADHWANI', 'MRS. HIRANSHI WADHWANI', '2006-03-26', 'H.NO. 57, A-BLOCK C-CLASS, PRATAP NAGAR, UDAIPUR', 'MDSPS-0859', 0, 6, 2, '', '', '', '', '0000-00-00'),
(1374, 'MAHAK KALRA', 'MR. VIJAY KALRA', 'MRS. PRIYA KALRA', '2006-09-22', '2-JA-12, GAYATRI NAGAR, HIRAN MAGRI, SECT. 5, UDAIPUR', 'MDSPS-2229', 0, 6, 2, '', '', '', '', '0000-00-00'),
(1375, 'VINEET JAIN', 'MR. LAXMILAL JAIN', 'MRS. KAVITA JAIN', '2005-07-03', 'VILLAGE LAKADWAS, TEHSIL GIRVA, CHARBHUJA MANDIR KE PASS, UDAIPUR', 'MDSPS-1599', 0, 6, 2, '', '', '', '', '0000-00-00'),
(1376, 'SANJAY DANGI', 'MR. CHUNILAL DANGI', 'MRS. SHOBHA DANGI', '2005-07-25', 'ROAD NO.  2, SUBHASH NAGAR, NEAR MOTHER PUBLIC SCHOOL, UDAIPUR', 'MDSPS-0866', 0, 6, 2, '', '', '', '', '0000-00-00'),
(1377, 'CHITRANSH KUMAWAT', 'MR. RAJENDRA KUMAWAT', 'MRS. PRAMILA KUMAWAT', '2007-06-11', '99/B, RAILWAY COLONY, RANA PRATAP NAGAR, UDAIPUR', 'MDSPS-2298', 0, 6, 2, '', '', '', '', '0000-00-00'),
(1378, 'JAY SINGH JADON', 'MR. DINESH SINGH JADON', 'MRS. KUSUM JADON', '2005-11-08', '10-A, ADARSH HOUSING SOCIETY, SECT. 4, HIRAN MAGRI, UDAIPUR', 'MDSPS-1025', 0, 6, 2, '', '', '', '', '0000-00-00'),
(1379, 'UNNATI  SOMANI ', 'MR. RAKESH SOMANI', 'MRS. SUMITRA SOMANI', '2006-04-02', '34, PARSHWANATH NAGAR , H.M. SEC-3 UDAIPUR ', 'MDSPS-1967', 0, 6, 2, '', '', '', '', '0000-00-00'),
(1380, 'HITESH DANGI ', 'MR.HEMRAJ DANGI ', 'MRS. BENI DANGI', '2005-08-05', 'VILL. MANVA KHERA , THE- GIRVA, UDAIPUR', 'MDSPS-0851', 0, 6, 2, '', '', '', '', '0000-00-00'),
(1381, 'ASHISH BHAGORA', 'MR. PAVITRA KUMAR BHAGORA', 'MRS. HARSHA BAGORA', '2006-09-01', '19, NEW TAGOR NAGAR SEC-4 UDAIPUR RAJ', 'MDSPS-2158', 0, 6, 2, '', '', '', '', '0000-00-00'),
(1382, 'DEV GOYAL', 'MR. ANIL GOYAL', 'MRS. SUNITA GOYAL', '2006-05-16', '51, DORENAGAR, SEVASHRAM, UDAIPUR', 'MDSPS-1779', 0, 6, 2, '', '', '', '', '0000-00-00'),
(1383, 'RAJAT CHHAJED', 'MR. SUNIL CHHAJED', 'MRS. ASHA CHHAJED', '2005-10-10', '47-A, SAMTA NAGAR, HIRAN MAGRI, SECT. 3, UDAIPUR', 'MDSPS-1200', 0, 6, 2, '', '', '', '', '0000-00-00'),
(1384, 'GARVIT KOTHARI', 'MR. RAKESH KOTHARI', 'MRS. SUNITA KOTHARI', '2006-01-30', '25, TILKA NAGAR, SECTOR 8, HIRAN MAGRI, UDAIPUR', 'MDSPS-0880', 0, 6, 2, '', '', '', '', '0000-00-00'),
(1385, 'NEERAJ KUMAR', 'MR. LALITENNDRA JAGA', 'MRS. HITENDRA KUMARI ', '2006-08-04', 'H.NO. 33, BOHARA GANESH COLONY , DHOOLKOT CHOURAHA , UDAIPUR', 'MDSPS-2405', 0, 6, 2, '', '', '', '', '0000-00-00'),
(1386, 'PRIYANSHI JOSHI', 'MR. VIPIN BIHARI JOSHI', 'MRS. PAYAL JOSHI', '2006-06-06', '125, SECT. NO. 3, TILAK NAGAR, UDAIPUR', 'MDSPS-2386', 0, 6, 2, '', '', '', '', '0000-00-00'),
(1387, 'PRATIK SINGHVI', 'MR  PRAVEEN N SINGHVI', 'MRS  ANITA SINGHVI', '2006-05-12', '5, SAMTA NAGAR, SEC  3 HIRAN MAGRI, UDAIPUR', 'MDSPS-1629', 0, 6, 2, '', '', '', '', '0000-00-00'),
(1388, 'CHARCHIT CHORDIA', 'MR  SANJAY CHORDIA', 'MRS  VANITA CHORDIA', '2005-12-11', '15, VIRANDAWAN VIHAR, HIRAN MAGRI, SECT  NO  3, UDAIPUR', 'MDSPS-0977', 0, 6, 2, '', '', '', '', '0000-00-00'),
(1389, 'RUDRAKSH KHANDELWAL', 'MR  SANJAY KHANDELWAL', 'MRS  SEEMA GUPTA', '2006-05-11', '48, GANDHI NAGAR, GANDHI COMPLEX, KALKA MATA ROAD, UDAIPUR', 'MDSPS-2026', 0, 6, 2, '', '', '', '', '0000-00-00'),
(1390, 'CHETAN VAISHNAV', 'MR  GIRRAJ PRASAD VAISHNAV', 'MRS  ANITA VAISHNAV', '2005-08-02', '30-A, SUKHADIYA NAGAR, HIRAN MAGRI, SECT  NO  3, UDAIPUR', 'MDSPS-0861', 0, 6, 2, '', '', '', '', '0000-00-00'),
(1391, 'ADITYA VATS', 'MR  PARMOD KUMAR SHARMA', 'MRS  JYOTSNA SHARMA', '2006-01-09', '1463, GAYATRI NAGAR, HIRAN MAGRI, SECT  NO  5, UDAIPUR', 'MDSPS-0832', 0, 6, 2, '', '', '', '', '0000-00-00'),
(1392, 'PULKIT KUMAWAT', 'MR  LOKESH KUMAWAT', 'MRS  SHASHI KANTA KUMAWAT', '2008-02-06', '2, KALAJI GORA JI, UDAIPUR', 'MDSPS-2290', 0, 6, 2, '', '', '', '', '0000-00-00'),
(1393, 'DOLLY SINGH CHOUHAN', 'MR RAM SINGH CHOUHAN', 'MRS KRISHNA KUNWAR CHOUHAN', '2006-11-05', '4/5, SIDDHARTH COMPLEX, SEC - 5, UDAIPUR', 'MDSPS-2551', 0, 6, 2, '', '', '', '', '0000-00-00'),
(1394, 'PEHAL PANERI', 'MR NIHAL PANERI', 'MRS MONIKA PANERI', '2006-04-11', 'D-48, SEC 14, UDAIPUR', 'MDSPS-2554', 0, 6, 2, '', '', '', '', '0000-00-00'),
(1395, 'PRAKHAR SHARMA', 'MR PUSHKAR SHARMA', 'MRS PRAMILA SHARMA', '2006-07-31', '530, SAVINA, SEC - 9, UDAIPUR', 'MDSPS-2558', 0, 6, 2, '', '', '', '', '0000-00-00'),
(1396, 'HITEN MANDAWARA', 'MR  SARVESHWAR MANDAWARA', 'MRS  BHARTI MANDAWARA', '2006-07-26', '3A, 105, GUPTESWAR NAGAR SEC  7', 'MDSPS-0905', 0, 6, 2, '', '', '', '', '0000-00-00'),
(1397, 'DIYA SHARMA', 'MR  DEVENDRA SHARMA', 'MRS  INDUBALA SHARMA', '2006-12-10', '27, SHANTI NAGAR, OPP  MDS PUBLIC SCHOOL, HIRAN MAGRI, SECTOR NO  3, UDAIPUR', 'MDSPS-1819', 0, 6, 2, '', '', '', '', '0000-00-00'),
(1398, 'JINAL RATHORE', 'MR  ROSHAN SINGH', 'MRS  SHEETAL DEVI', '2006-12-24', 'NEW JAISHREE COLONY, UDAIPUR', 'MDSPS-2217', 0, 6, 2, '', '', '', '', '0000-00-00'),
(1399, 'ANGEL WADHWANI', 'MR  SHANKAR WADHWANI', 'MRS  JUHI WADHWANI', '2007-10-26', 'HOUSE NO  2-GA-26, HIRAN MAGRI, SECT  NO  5, SHANTI NAGAR, UDAIPUR', 'MDSPS-2120', 0, 6, 2, '', '', '', '', '0000-00-00'),
(1400, 'GOURAV MEGHWAL', 'MR  BHERU LAL MEGHWAL', 'MRS  LAJWANTI MEGHWAL', '2006-07-13', '98-B, ROOP NAGAR, HIRAN MAGRI, SECT  NO  3, UDAIPUR', 'MDSPS-0966', 0, 6, 2, '', '', '', '', '0000-00-00'),
(1401, 'NEELAKSH DASHORA', 'MR  SUBHASH DASHORA', 'MRS  VANDANA DASHORA', '2006-12-23', '3A-158, GUPTESHWAR NAGAR, HIRAN MAGRI, SECT  NO  7, UDAIPUR', 'MDSPS-1794', 0, 6, 2, '', '', '', '', '0000-00-00'),
(1402, 'KRITIKA KALAL', 'MR  LEELA SHANKER KALAL', 'MRS  LALITA KALAL', '2006-02-09', '63, ROSHAN NAGAR, SAVEENA, SECT  NO  12, UDAIPUR', 'MDSPS-1343', 0, 6, 2, '', '', '', '', '0000-00-00'),
(1403, 'KEJAL VERMA', 'MR  YATHARTH VERMA', 'MRS  SHWETA VERMA', '2006-08-20', 'D- 105, HIRAN MAGRI SEC  14 UDR ', 'MDSPS-0994', 0, 6, 2, '', '', '', '', '0000-00-00'),
(1404, 'VAIDIKA JAIN', 'MR  ANIL KUMAR JAIN', 'LATE MRS  NIRMALA JAIN', '2006-12-15', '75, VRINDAVAN VIHAR, SECT. 3, UDAIPUR', 'MDSPS-1236', 0, 6, 2, '', '', '', '', '0000-00-00'),
(1405, 'SWATI MENARIA', 'MR PREM KUMAR MENARIA', 'MRS NISHA MENARIA', '2006-06-18', '66, ADARSH HOUSING SOCIETY, VIDHYA NAGAR, HIRAN MAGRI, SECT. NO. 4, UDAIPUR', 'MDSPS-2570', 0, 6, 2, '', '', '', '', '0000-00-00'),
(1406, 'KOMAL RATHORE', 'MR. CHANDAN SINGH RATHORE', 'MRS. DURGA KUNWAR ', '2005-06-09', 'II/7 CENTRAL EXCISE COLONY , SEC-11 H.M UDAIPUR', 'MDSPS-0894', 0, 6, 2, '', '', '', '', '0000-00-00'),
(1407, 'SAHIL SHARMA', 'MR  GIRDHARI LAL SHARMA', 'MRS  YASHODA SHARMA', '2006-11-01', 'H NO  13, MAHAVEER NAGAR, SECT  NO  4, HIRAN MAGRI,  ROAD NO  3, UDAIPUR', 'MDSPS-1825', 0, 6, 2, '', '', '', '', '0000-00-00'),
(1408, 'TANVI JAIN', 'MR  SANJAY JAIN', 'MRS  SEEMA JAIN', '2006-11-19', '346, NEAR KUMKUM VATIKA SEC  3, UDAIPUR', 'MDSPS-1810', 0, 6, 2, '', '', '', '', '0000-00-00'),
(1409, 'GAURANGI SAXENA', 'MR  SANJEEV SAXENA', 'MRS  ANUBHA SAXENA', '2006-01-22', 'A-14, KAPIL BIHAR BEDWAS, PRATAP NAGAR, UDAIPUR', 'MDSPS-2219', 0, 6, 2, '', '', '', '', '0000-00-00'),
(1410, 'ARCHITA DHARAMSHALANI', 'MR  NARESH DHARAMSHALANI', 'MRS  VINITA DHARAMSHALANI', '2005-05-09', '1-GHA-20 SECT  NO  4, HIRAN MAGRI, UDAIPUR HOUSING BOARD COLONY NEAR JAIN MANDIR', 'MDSPS-1027', 0, 7, 1, '', '', '', '', '0000-00-00'),
(1411, 'CHETAN PATEL', 'MR  JAGDISH PATEL', 'MRS  MANJU PATEL', '2004-12-21', 'MANWA KHEDA, NER SNJEEVANI COLLAGE, UDAIPUR ,103', 'MDSPS-0849', 0, 7, 1, '', '', '', '', '0000-00-00'),
(1412, 'CHHAYA SHARMA', 'MR. PRAMOD SHARMA', 'MRS. JYOTSANA SHARMA', '2004-07-16', 'B-710, DWARIKA APARTMENT, A-1, COMPLEX, MANWAKHEDA, UDAIPUR', 'MDSPS-2490', 0, 7, 1, '', '', '', '', '0000-00-00'),
(1413, 'DARSHNA SEN', 'MR  PUSHKAR SEN', 'MRS  DURGA SEN', '2005-02-11', 'DREEM HOUSE 539, ROSHAN NAGAR, SECT  NO  12, SAVINA, UDAIPUR', 'MDSPS-2279', 0, 7, 1, '', '', '', '', '0000-00-00'),
(1414, 'DIGVESH PATEL', 'MR. DHULARAM PATEL', 'MRS. MOTI DEVI PATEL', '2002-05-11', '50, SHANTI NAGAR, BEHIND MDS SCHOOL, HIRAN MAGRI, SECT. 3, UDAIPUR', 'MDSPS-0791', 0, 7, 1, '', '', '', '', '0000-00-00'),
(1415, 'G. PRIYANKA', 'MR. G. SURESH KUMAR', 'MRS. G. GAYATRI', '2003-07-06', '186, SECTOR 6, HIRAN MAGRI, UDAIPUR', 'MDSPS-2493', 0, 7, 1, '', '', '', '', '0000-00-00'),
(1416, 'GAJVEER SINGH MERTIA', 'MR. TEJ SINGH MARTIA', 'MRS. SUNITA', '2004-11-18', '47 , VARNDHAWAN VIHAR, HIRAN MAGRI SEC-3 UDAIPUR', 'MDSPS-0740', 0, 7, 1, '', '', '', '', '0000-00-00'),
(1417, 'GAURAV MALVIYA', 'MR  YASHWANT LOHAR', 'MRS  SHAILA LOHAR', '2005-08-20', '259, VIVEK NAGAR, SECT  NO  3, HIRAN MAGRI, UDAIPUR', 'MDSPS-1046', 0, 7, 1, '', '', '', '', '0000-00-00'),
(1418, 'HARSH CHARAN', 'MR  JAIDAV SINGH CHARAN', 'MRS  SUNITA KANWAR', '2005-02-21', '248, SURYA NAGAR, PUROHITO KI MADRI, AKASHWANI COLONY, UDAIPUR', 'MDSPS-0963', 0, 7, 1, '', '', '', '', '0000-00-00'),
(1419, 'HARSH KOTHARI', 'MR  SANJAY KOTHARI', 'MRS  SUNITA KOTHARI', '2005-08-04', 'D-8, RAGHUKUL COMPLEX, SUBHASH NAGAR, UDAIPUR', 'MDSPS-0827', 0, 7, 1, '', '', '', '', '0000-00-00'),
(1420, 'HARSHITA SAHU', 'MR  SHYAMLAL SAHU', 'MRS  ANITA SAHU', '2005-05-16', '407,BEKNY PULYA NEAR HANUMAN MANDIR UNI  ROAD UDAIPUR', 'MDSPS-0830', 0, 7, 1, '', '', '', '', '0000-00-00'),
(1421, 'HEEMAN TONEGYA', 'MR.RAHUL TONEGYA', 'MRS. SEEMA SOLANKI ', '2005-04-17', '4/493 RHB COLONY GOVERDHAN VILAS SEC-14 UDAIPUR', 'MDSPS-2071', 0, 7, 1, '', '', '', '', '0000-00-00'),
(1422, 'HIMANSHU JOSHI', 'MR  HITENDRA JOSHI', 'MRS  SAVITA JOSHI', '2005-06-11', '56 C, SEC - 9, SAVINA, UDAIPUR', 'MDSPS-2053', 0, 7, 1, '', '', '', '', '0000-00-00'),
(1423, 'JAYA MENARIA', 'MR  NANDKISHORE MENARIA', 'MRS  VIDHYA MENARIA', '2006-10-02', 'H NO  126, PANERIYON KI MADRI, OPP  POLICE STATION, SECT  NO  6, HIRAN MAGRI, UDAIPUR', 'MDSPS-1173', 0, 7, 1, '', '', '', '', '0000-00-00'),
(1424, 'JITESH PATEL', 'MR  DURGA SHANKER PATEL', 'MRS  MANOHARI DEVI', '2003-08-11', 'GANESH GATI, LAKADWAS TEHSIL GIRVA, UDAIPUR', 'MDSPS-2152', 0, 7, 1, '', '', '', '', '0000-00-00'),
(1425, 'KAPIL HANDERIYA', 'MR SHYAM LAL MOCHI', 'MRS SUSHILA MOCHI', '2006-07-23', '92.93 DBLOCH, SAVINA, SEC - 9, UDAIPUR', 'MDSPS-2546', 0, 7, 1, '', '', '', '', '0000-00-00'),
(1426, 'KARTIKEY SHARMA', 'MR  GAJESH SHARMA', 'MRS  INDUBALA SHARMA', '2005-11-30', '27/259, PANERION KI MADRI, NEAR SR  SEC  SCHOOL, UDAIPUR', 'MDSPS-1608', 0, 7, 1, '', '', '', '', '0000-00-00'),
(1427, 'KAVISH PATEL', 'MR  VINOD KUMAR PATEL', 'MRS  GANGA DEVI', '2004-03-29', '209, HIRAN MAGRI, SECT  NO  3, UDAIPUR', 'MDSPS-0803', 0, 7, 1, '', '', '', '', '0000-00-00'),
(1428, 'KINJAL DANGI', 'MR  LAXMI LAL DANGI', 'MRS  MADHU DANGI', '2004-09-07', 'NO  129, NEAR KUMBHA NAGAR, BADA NOKHA, HIRAN MAGRI, SECT  NO  4, UDAIPUR', 'MDSPS-1325', 0, 7, 1, '', '', '', '', '0000-00-00'),
(1429, 'KRISH MAHESHWARI', 'MR  SANJAY MAHESHWARI', 'MRS  MONIKA MAHESHWARI', '2005-03-18', '34, SHIVA NAGAR, NEAR BRJ BUMI PARIVAHAN COLONY, TEKRI MADRI LINK ROAD, UDAIPUR', 'MDSPS-2309', 0, 7, 1, '', '', '', '', '0000-00-00'),
(1430, 'KUNAL JAIN ', 'MR. NARENDRA KUMAR JAIN', 'MRS. MEENAKSHI JAIN ', '2005-05-12', 'P.N.16 KESAN VIHAR OPP. PEACOCK HILL NEAR BY AKME SCHOOL ARENA TITARDI , UDAIPUR', '', 0, 7, 1, '', '', '', '', '0000-00-00'),
(1431, 'LAKSHAYA CHAUHAN', 'MR. ROHIT CHAUHAN', 'MRS. BHAVNA CHAUHAN', '2004-12-19', 'A-2, VALLABH EMPIRE, NAVRATAN, BHUWANA, UDAIPUR', 'MDSPS-2198', 0, 7, 1, '', '', '', '', '0000-00-00'),
(1432, 'LAKSHITA  MENARIA', 'MR  DHARMENDRA MENARIA', 'MRS  SARASWATI', '2006-12-30', 'H NO  126, PANERIYON KI MADRI, OPP  POLICE STATION, SECT  NO  6, HIRAN MAGRI, UDAIPUR', 'MDSPS-1171', 0, 7, 1, '', '', '', '', '0000-00-00'),
(1433, 'LUCKY PATEL', 'MR  DURGA SHANKER PATEL', 'MRS  MANOHARI DEVI', '2005-07-01', 'VIP LAKADWAS TH  GIRWA UDR ', 'MDSPS-2151', 0, 7, 1, '', '', '', '', '0000-00-00'),
(1434, 'MANAN  MEHTA', 'MR.SUNIL MEHTA', 'MRS. RAJNI MEHTA ', '2005-09-02', '12,NEW SHIV NAGAR , HIRAN MAGRI SEC-3, UDAIPUR', 'MDSPS-0772', 0, 7, 1, '', '', '', '', '0000-00-00'),
(1435, 'MANAS SHRIMALI', 'MR  MUKESH SHRIMALI', 'MRS  BHARTI SHRIMALI', '2005-05-17', '119, NEAR MAHAVEER ACADEMY SCHOOL, GARIYAWAS, UDAIPUR', 'MDSPS-1395', 0, 7, 1, '', '', '', '', '0000-00-00'),
(1436, 'MANYA KHURDIYA', 'MR. PARASMAL KHURDIYA', 'MRS. MEENAKSHI KHURDIYA', '2005-10-01', '5, ARVIND NAGAR, NEAR JAIN TEMPLE, SUNDERWAS, UDAIPUR', 'MDSPS-2489', 0, 7, 1, '', '', '', '', '0000-00-00'),
(1437, 'MILI BAJAJ', 'MR. PRAVEEN BAJAJ', 'MRS. SUNITA BAJAJ', '2005-02-23', '215, JYOTI COLONY, KHEMPURA, UDAIPUR', 'MDSPS-0811', 0, 7, 1, '', '', '', '', '0000-00-00'),
(1438, 'MOHIT KUMAR VIRWAL', 'MR. BHARAT', 'MRS.YOGITA', '2005-06-15', '72- VIDHYUT NAGAR NEAR WATER TANK, PUROHITO KI MADRI , ROAD NO-1 , UDAIPUR', 'MDSPS-1189', 0, 7, 1, '', '', '', '', '0000-00-00'),
(1439, 'MOHIT MALI', 'MR. NIRMAL MALI', 'MRS. REKHA MALI', '2005-01-27', '386, RAWJI KA HAGTA, UDAIPUR', 'MDSPS-1747', 0, 7, 1, '', '', '', '', '0000-00-00'),
(1440, 'MOHIT SHARMA', 'MR  JAI PRAKASH SHARMA', 'MRS  ALKA SHARMA', '2005-08-07', '68, BAPU BAZAR, UDAIPUR PR  B  L  POLY CLINIC', 'MDSPS-1157', 0, 7, 1, '', '', '', '', '0000-00-00'),
(1441, 'NIKHIL MEHTA', 'MR. DINESH MEHTA', 'MRS. SUMAN MEHTA', '2005-12-28', '804, NEAR JAIN SNRTHAK GLASS FECTORY , SUNDERVAS UDAIPUR', 'MDSPS-1986', 0, 7, 1, '', '', '', '', '0000-00-00'),
(1442, 'NIRMAL PATEL ', 'MR.DEVI LAL DANGI', 'MRS. BHAMARI DEVI', '2005-06-21', '147, SHIV JI VIHAR , NEW VIDHYA NAGAR, SEC-4 HIRAN MAGRI , UDAIPUR', 'MDSPS-0781', 0, 7, 1, '', '', '', '', '0000-00-00'),
(1443, 'PRASHANT SINGH SOSODIYA ', 'MR. MANHAR SINGH SISODIYA', 'MRS. KIRAN SINGH SISODIYA', '2004-09-15', 'HIRAN MARI , SEC-3 VIVEK NAGAR  HOUSE NO.317 , UDAIPUR', 'MDSPS-0802', 0, 7, 1, '', '', '', '', '0000-00-00'),
(1444, 'PRATEEK JAIN ', 'MR. INDER KUMAR JAIN', 'MRS. ASHA JAIN', '2005-09-05', '3 TA 25 PRABHAT NAGAR SEC-5 UDAIPUR', 'MDSPS-0928', 0, 7, 1, '', '', '', '', '0000-00-00'),
(1445, 'PREET POKHARNA ', 'MR. VINOD JI POKHARNA', 'MRS. REKHA POKHARNA', '2004-12-06', '1224-1225, HIRAN MAGRI SEC-4  ADARSH NAGAR, UDAIPUR', 'MDSPS-0769', 0, 7, 1, '', '', '', '', '0000-00-00'),
(1446, 'PRINCE DANGI', 'MR. MAGAN LAL DANGI', 'MRS. LALI DANGI', '2005-09-10', 'EKLINGPURA, POST KALADWAS, UDAIPUR', 'MDSPS-1383', 0, 7, 1, '', '', '', '', '0000-00-00'),
(1447, 'PRIYA KUMARI', 'MR. SHYAM SINGH', 'MRS. BACHANVATI', '2003-03-08', '19, SAMTA NAGAR, HIRAN MAGRI, SECT. 3, MDS SCHOOL, UDAIPUR', 'MDSPS-2001', 0, 7, 1, '', '', '', '', '0000-00-00'),
(1448, 'PURVA JAIN ', 'MR. HITESH JAIN', 'MRS. VIDHYA JAIN', '2004-04-04', '3 PARSHWANATH NAGAR , HIRAN MAGRI SEC-3 UDAIPUR', 'MDSPS-0792', 0, 7, 1, '', '', '', '', '0000-00-00'),
(1449, 'RAJVEER JAIN ', 'MR. RAMESH KUMAR JAIN ', 'MRS. MANISHA JAIN', '2004-12-08', '6-E-7 VIP COLONY, SEC-9 HIRAN MAGRI , UDAIPUR', 'MDSPS-1175', 0, 7, 1, '', '', '', '', '0000-00-00'),
(1450, 'RAO BHAVYAPRATAP SINGH ', 'MR  RAO AJEET SINGH', 'MRS  GAYATRI SINGH', '2005-10-10', '2-K-48, GAYATRI NAGAR, HIRAN MAGRI, SECT  NO  5, UDAIPUR', 'MDSPS-1653', 0, 7, 1, '', '', '', '', '0000-00-00'),
(1451, 'RHYTHM JAIN ', 'MR.PRAVEEN JAIN', 'MRS. NEETA JAIN ', '2005-06-19', '2 NEW VIDHYA NAGAR , HIRAN MAGRI ,SEC-4 UDAIPUR', 'MDSPS-1310', 0, 7, 1, '', '', '', '', '0000-00-00'),
(1452, 'RITIKA TRIPATHI', 'MR  VIKAS TRIPATHI', 'MRS  ANJANA TRIPATHI', '2004-12-09', '12, ANAND VIHAR, HIRAN MAGRI, SECT  NO  4, UDAIPUR', 'MDSPS-2141', 0, 7, 1, '', '', '', '', '0000-00-00'),
(1453, 'ROSHIKA DANGI', 'MR  MOHAN LAL DANGI', 'MRS  BHAWARI DANGI', '2004-12-29', 'BUS STAND LAKADWAS UDR ', 'MDSPS-1587', 0, 7, 1, '', '', '', '', '0000-00-00'),
(1454, 'SACHIN CHARAN', 'MR  GANPATDAN CHARAN', 'MRS  LAXMI CHARAN', '2004-04-15', '35, BALAJI NAGAR, HIRAN MAGRI, 4, MANVA KHEDA, UDAIPUR', 'MDSPS-1342', 0, 7, 1, '', '', '', '', '0000-00-00'),
(1455, 'SAMBHAV SUKHWANI', 'MR  RAKESH SUKHWANI', 'MRS  SAKSHI SUKHWANI', '2005-04-06', 'J 2BASANT VIHAR, NEAR UDAI PARK HIRAN MAGRI, SECT  NO  5, UDAIPUR', 'MDSPS-2105', 0, 7, 1, '', '', '', '', '0000-00-00'),
(1456, 'SHIV RANJAN CHOUBISA', 'MR. ARVIND KUMAR CHOUBISA', 'MRS. ANUPAMA CHOUBISA', '2004-12-20', '249, NEW VIDHYA NAGAR, SHRIJI VIHAR, SECT. NO. 4, UDAIPUR', 'MDSPS-2040', 0, 7, 1, '', '', '', '', '0000-00-00'),
(1457, 'SHUBHAM SHRIVASTAV', 'MR. SANJAY SRIVASTAVA', 'MRS. NEHA SRIVASTAVA', '2005-05-25', 'B-1, D BLOCK, UIT COLONY ROAD NO. 4, PUROHITO KI MADRI UDAIPUR', 'MDSPS-0739', 0, 7, 1, '', '', '', '', '0000-00-00'),
(1458, 'YASHI SHARMA ', 'MR. KAILASH SHARMA', 'MRS. GARIMA SHARMA', '2005-05-25', '2, SHASTI NAGR  HIRAN MAGRI , SEC-3 UDAIPUR', 'MDSPS-1018', 0, 7, 1, '', '', '', '', '0000-00-00'),
(1459, 'YESHA JOSHI', 'MR. SAKAR CHAND JOSHI', 'MRS. MANISHA JOSHI', '2005-11-07', '179, ROOP NAGAR, HIRAN MAGRI, SECT. NO. 3, UDAIPUR', 'MDSPS-1515', 0, 7, 1, '', '', '', '', '0000-00-00'),
(1460, 'AAYUSH LOHAR', 'MR. HARISH LOHAR', 'MRS. LAJWANTI LOHAR', '2004-11-24', '80, GLASS FACTORY KHEMPURA , ROAD SUNDERWAS', 'MDSPS-1771', 0, 7, 2, '', '', '', '', '0000-00-00'),
(1461, 'ADITI R CHOUHAN ', 'MR. RAKESH CHOUHAN ', 'MRS. CHITRA CHOUHAN', '2005-04-11', '22, KRISHNA IHAR , NEW VIDHYA NAGAR, H.M. SEC-4 , UDAIPUR', 'MDSPS-2121', 0, 7, 2, '', '', '', '', '0000-00-00'),
(1462, 'AJIT KUMAR PATEL', 'MR. LALU RAM PATEL', 'MRS. PUNJI BAI', '2004-01-02', '276, OP. MAHAVEER BHAWAN SEC-3 HIRAN MAGRI , UDAIPUR', 'MDSPS-2323', 0, 7, 2, '', '', '', '', '0000-00-00'),
(1463, 'ANSHIKA GOEL', 'MR  PANKAJ GOEL', 'MRS  RADHIKA GOEL', '2004-12-05', 'A-304, DWARIKA APARTMENT,  MANWAKHERA, UDAIPUR', 'MDSPS-1931', 0, 7, 2, '', '', '', '', '0000-00-00'),
(1464, 'ARCHI KHATTAR ', 'MR. VINOD KHATTAR', 'MRS. SANGEETA KHATTAR', '2005-01-24', 'T-1 NEAR UDAIPARK SEC-5 HIRAN MAGRI UDAIPUR', 'MDSPS-1038', 0, 7, 2, '', '', '', '', '0000-00-00'),
(1465, 'ARYAN VIJAY VARGIYA', 'MR. OM PRAKASH VIJAYVARGIYA', 'MRS. SAROJ', '2005-01-08', 'S-2 NAKODA ENCLAVE , NAKODA NAGAR , RAKAMPURA , DHAUJI KI BAVRI , PRATAP NAGAR UDAIPUR', 'MDSPS-1989', 0, 7, 2, '', '', '', '', '0000-00-00'),
(1466, 'BHAVNA MEENA', 'MR  HARKESH MEENA', 'MRS  PUSHPA MEENA', '2006-07-19', 'QUARTER NO  55/B, OPP  RANAPRATAP NAGAR RAILWAY STATION, UDAIPUR', 'MDSPS-2144', 0, 7, 2, '', '', '', '', '0000-00-00'),
(1467, 'BHAVYANSH BHATNAGAR', 'MR RAVINDRA K BHATNAGAR', 'MRS ARUNA BHATNAGAR', '2005-04-29', '69, KARDHAR COMPLEX, SEC - 14', 'MDSPS-2556', 0, 7, 2, '', '', '', '', '0000-00-00'),
(1468, 'BHOOMI BHATT', 'MR PANKAJ BHATT', 'MRS MAMTA DAVE', '2006-03-26', '3/221 SHIVAJI NAGAR, RHB, DUNGARPUR', 'MDSPS-2593', 0, 7, 2, '', '', '', '', '0000-00-00'),
(1469, 'CHANDRALEKHA SHEKHAWAT', 'MR  B S SHEKHAWAT', 'MRS  VEENU KUNWAR', '2004-09-20', 'SEC  3 NEW CENTER ACADEMY', 'MDSPS-1501', 0, 7, 2, '', '', '', '', '0000-00-00'),
(1470, 'CHARVI RAJ GAUTAM', 'MR. RAJESH GAUTAM', 'MRS. SAROJ GAUTAM', '2006-01-15', '2, SAMTA NAGAR, NIRMAL VIAHR HIRAN MAGRI SEC-3 UDAIPUR', 'MDSPS-0788', 0, 7, 2, '', '', '', '', '0000-00-00'),
(1471, 'DAKSHITA POKHARANA', 'MR. SAMEER POKHARNA', 'MRS. JAYA POKHARANA', '2006-03-28', '13/852, ARVIND NAGAR, GLASS FACTORY, UDAIPUR', 'MDSPS-1978', 0, 7, 2, '', '', '', '', '0000-00-00'),
(1472, 'DEVANSHI GOUR', 'MR. HEMENDRA GOUR', 'MRS.NISHA GOUR', '2006-03-02', '44- SAMTA NAGAR , SEC-3 MHIRAN MAGRI , UDAIPUR', 'MDSPS - 1952', 0, 7, 2, '', '', '', '', '0000-00-00'),
(1473, 'DHAIRYA POKHARNA', 'MR  MAHENDRA POKHRNA', 'MRS  MEENA POKHARNA', '2005-03-05', '30, NAVJEEVAN SOCIETY, MAHAVEER NAGAR, SECT  NO  4, UDAIPUR', 'MDSPS-0820', 0, 7, 2, '', '', '', '', '0000-00-00'),
(1474, 'GARGI KATHAIT', 'MR. BHUPENDRA SINGH KATHAIT', 'MRS. JAYANTI KATHAIT ', '2005-12-06', '1278 ADARSH NAGAR , HIRAN MAGRI , SEC-4 , UDAIPUR', 'MDSPS-1162', 0, 7, 2, '', '', '', '', '0000-00-00'),
(1475, 'HARDIK MUNDANIYA', 'MR HARISH MUNDANIYA', 'MRS MADHU MUNDANIYA', '2005-12-20', '103, surajpole, Udaipur', 'MDSPS-2557', 0, 7, 2, '', '', '', '', '0000-00-00'),
(1476, 'HARSHIT MUNDANIYA', 'MR. MANOJ KUMAR MOCHI', 'MRS. HEMLATA MOCHI', '2006-04-07', 'H.NO. 512, KAST KALA MARG, KHERADIWARA, UDAIPUR', 'MDSPS-2272', 0, 7, 2, '', '', '', '', '0000-00-00'),
(1477, 'HARSHITA SHARMA', 'MR. KISHOR SHARMA', 'MRS. POORNIMA SHARMA', '2004-12-01', '148, TULSI NIWAS , NAKODA NAGAR, DHAUJI KI BAWARI , UDAIPUR', 'MDSPS-1798', 0, 7, 2, '', '', '', '', '0000-00-00'),
(1478, 'JEETAN PATEL', 'MR. KHEM RAJ PATEL', 'MRS. KURI DEVI PATEL ', '2004-01-21', '50 SHANTI NAGAR, BEHIND MDS. SCHOOL, HIRAN MAGRI SEC-3 UDAIPUR', 'MDSPS-0770', 0, 7, 2, '', '', '', '', '0000-00-00'),
(1479, 'KANUPRIYA VERMA', 'MR. MUNEESH KR. VERMA', 'MRS. MADHU VERMA', '2005-02-18', '60, SHANTI NAGAR, SECT. 3, HIRAN MAGRI, UDAIPUR', 'MDSPS-1130', 0, 7, 2, '', '', '', '', '0000-00-00'),
(1480, 'KARTIKAY SINGH CHAUHAN', 'MR  AJEET SINGH CHAUHAN', 'MRS  UMA RANAWAT', '2006-07-06', '159, ROOP NAGAR SEC  3 HIRAN MAGRI UDR ', 'MDSPS-1673', 0, 7, 2, '', '', '', '', '0000-00-00'),
(1481, 'KASHISH AGRAWAL ', 'MR. VIVEK AGRAWAL', 'MRS.JYOTI AGRAWAL ', '2004-12-26', 'H.NO 110, NAKODA NAGAR, DHUU JI KI BAWADI , PO- DEBARI DIST- UDAIPUR', 'MDSPS-1718', 0, 7, 2, '', '', '', '', '0000-00-00'),
(1482, 'KASHISH TALESARA', 'MR  MANISH TALESARA', 'MRS  DIPTI TALESARA', '2005-06-08', '14, SIDDARTH COMPLEX, SEC- 5 , UDAIPUR', 'MDSPS-1716', 0, 7, 2, '', '', '', '', '0000-00-00'),
(1483, 'KHUSHI MISHRA', 'LATE MR. AVINASH MISHRA', 'LATE MRS. SHAFALI MISHRA', '2004-11-18', '201, ARCHIES SALATIER, OPP. CA BHAWAN, HIRAN MAGRI, SECT. 14, UDAIPUR', 'MDSPS-2266', 0, 7, 2, '', '', '', '', '0000-00-00'),
(1484, 'KRIPALI AMETA', 'MR SATYANARAYAN', 'MRS PRAMILA  ', '2006-01-13', '33, ASHAPURA COLONY, PRATAP NAGAR, UDAIPUR', 'MDSPS-2569', 0, 7, 2, '', '', '', '', '0000-00-00'),
(1485, 'KRITIKA MAURYA', 'MR. S.C. MAURYA', 'MRS.REETA MAURYA', '2005-04-08', '146 B RAILWAY COLONY , RANA PRATAP NAGAR , UDAIPUR ', 'MDSPS-1111', 0, 7, 2, '', '', '', '', '0000-00-00'),
(1486, 'KUSHAGRA PIPLIWAL', 'MR. LALIL PIPLIWAL', 'MRS. ANJU PIPLIWAL', '2005-02-19', '54,A, DORE NAGAR, UDARIPU', 'MDSPS-2072', 0, 7, 2, '', '', '', '', '0000-00-00'),
(1487, 'LAKSHIKA AASURIYA ', 'MR. ROSHAN AASURIYA', 'MRS. SAROJ AASURIYA', '2005-07-27', '14, ANAND VIHAR, HIRAN MAGRI SEC-4, UDAIPUR', 'MDSPS-0766', 0, 7, 2, '', '', '', '', '0000-00-00'),
(1488, 'MANAN GUPTA', 'MR. KAILASH CHANDRA GUPTA', 'MRS. SUDHA GUPTA', '2005-05-18', '22/5A, MOKSH MARG, ASHOK NAGAR, NR. JODHPUR DAIRY, UDAIPUR', 'MDSPS-2507', 0, 7, 2, '', '', '', '', '0000-00-00'),
(1489, 'MANASVI MENARIA', 'MR  HARISH MENARIA', 'MRS  HEMLATA MENARIA', '2005-09-04', 'MENARIA RESTAURANT, OPP  ROAD NO  2, PUROHITAN KI MADRI, UDAIPUR', 'MDSPS-1022', 0, 7, 2, '', '', '', '', '0000-00-00'),
(1490, 'MANAV GUPTA', 'MR. KAILASH CHANDRA GUPTA', 'MRS. SUDHA GUPTA', '2005-05-18', '22/5A, MOKSH MARG, ASHOK NAGAR, NR. JODHPUR DAIRY, UDAIPUR', 'MDSPS-2506', 0, 7, 2, '', '', '', '', '0000-00-00'),
(1491, 'MANAV MALHOTRA', 'MR. NIRAJ MALHOTRA', 'MRS. SARLA MALHOTRA', '2005-04-20', 'A-304, SIDHHI GANPATI PARK, SECT. 8, SUBCITY CENTER, UDAIPUR', 'MDSPS-2504', 0, 7, 2, '', '', '', '', '0000-00-00'),
(1492, 'MANSVEE SHARMA ', 'MR. DIMBESH SHARMA', 'MRS. SHALINI SHARMA', '2005-12-21', 'D-24 UDAIPARK ,SEC-5 HIRAN MAGRI , UDAIPUR', 'MDSPS-1154', 0, 7, 2, '', '', '', '', '0000-00-00'),
(1493, 'MITARTH AMETA', 'MR. HEMANT AMETA', 'MRS. ANANTA BHATT', '2004-10-10', 'GYAN VILL ARVIND NAGAR NEAR JAIN STHANAK , GLASS FACTORY UDAIPUR', 'MDSPS-0865', 0, 7, 2, '', '', '', '', '0000-00-00'),
(1494, 'MOHAK CHAWLA', 'MR. AMIT CHAWLA', 'MRS. VINEETA CHAWLA', '2005-01-01', '66B/B BLOCK, NEAR PRATAP NAGAR, NR. ST. PAT4RICK SCHOOL, UDAIPUR', 'MDSPS-0762', 0, 7, 2, '', '', '', '', '0000-00-00'),
(1495, 'MOHIT JAIN', 'MR  SUSHIL KUMAR CHITTORA', 'MRS  KUSUM CHITTORA', '2004-12-06', '28, JINENDRA VILLA, NEAR SAVINA VATIKA, SAVINA, UDAIPUR', 'MDSPS-1938', 0, 7, 2, '', '', '', '', '0000-00-00'),
(1496, 'MUDIT MAHESHWARI', 'MR  DILIP MAHESHWARI', 'MRS  PRABHA SOMANI', '2005-01-28', '9, BAHUBALI COLONY, BOHRA GANESH JI ROAD , UDAIPUR', 'MDSPS-0812', 0, 7, 2, '', '', '', '', '0000-00-00'),
(1497, 'MUSKAN SHARMA', 'MR  SHIV KUMAR SHARMA', 'MRS  NISHA SHARMA', '2005-03-23', 'LAXMI NAGAR, PUROHITON KI MADRI, ROAD NO  3-4, UDAIPUR', 'MDSPS-1240', 0, 7, 2, '', '', '', '', '0000-00-00'),
(1498, 'NIKITA DANGI', 'MR  DALCHAND DANGI', 'MRS  CHANDA DANGI', '2004-09-06', 'VILLAGE POST KALADWAS, THE  GIRVA, DISTT  UDAIPUR', 'MDSPS-1182', 0, 7, 2, '', '', '', '', '0000-00-00'),
(1499, 'NIMISHA SOLANKI', 'MR. VISARAM SOLANKI', 'MRS. RAMILA SOLANKI', '2005-12-28', '18-A, NEW POLOGROUND, SAHELI NAGAR, BEHIND HANUMAN TEMPLE, UDAIPUR', 'MDSPS-2641', 0, 7, 2, '', '', '', '', '0000-00-00'),
(1500, 'PIYUSH SUTHAR', 'MR PRAGA RAM SUTHAR', 'MRS MURI DEVI', '2005-12-25', '69-70, RISHI NAGAR, SEC - 3, UDAIPUR', 'MDSPS-2596', 0, 7, 2, '', '', '', '', '0000-00-00'),
(1501, 'PRADHUMAN SINGH RAO ', 'MR. GOPAL SINGH RAO', 'MRS. YOGITA RAO', '2004-12-07', '3-PH-75 PRABHAT NAAGR, SEC-5 HIRAN MAGRI UDAIPUR', 'MDSPS-0734', 0, 7, 2, '', '', '', '', '0000-00-00'),
(1502, 'PRAJJWAL JHALORA', 'MR FATEH LAL JHALORA', 'DR PRIYANKA JHALORA', '2005-05-19', '03, DEWALI, FATEHPURA, UDAIPUR', 'MDSPS-2575', 0, 7, 2, '', '', '', '', '0000-00-00'),
(1503, 'PRATHAM PALIWAL ', 'MR. VINOD PALIWAL', 'MRS. NANDANA PALIWAL ', '2005-09-06', '39, SHANTI NAGAR , HIRAN MAGRI SEC-3 UDAIPUR', 'MDSPS-2126', 0, 7, 2, '', '', '', '', '0000-00-00'),
(1504, 'PRIYANSHU CHOUDHARY', 'MR  BABULAL CHOUDHARY', 'MRS  ASHA CHOUDHARY', '2005-07-13', '28, SRINATH NAGAR BEDWAS', 'MDSPS-1205', 0, 7, 2, '', '', '', '', '0000-00-00'),
(1505, 'PURAB SONI', 'MR  RAKESH SONI', 'MRS  MADHU SONI', '2004-09-16', 'ASHOK GALI, BEDLA, UDAIPUR', 'MDSPS-2322', 0, 7, 2, '', '', '', '', '0000-00-00'),
(1506, 'RAJAT BADARIA', 'MR  RAJ MAL REGAR', 'MRS  DEVIKA REGAR', '2004-05-04', '86, N B  NAGAR, BEDWAS, DAUJI KI BAUADI, UDAIPUR', 'MDSPS-2317', 0, 7, 2, '', '', '', '', '0000-00-00'),
(1507, 'SHOBHIT VERMA', 'MR. MUKESH CHAND VERMA', 'MRS. ANJANA VERMA', '2005-08-06', 'H.NO. 12, SECT. 3, HIRAN MAGRI, MANIBHADRA COLONY, UDAIPUR', 'MDSPS-0755', 0, 7, 2, '', '', '', '', '0000-00-00'),
(1508, 'SHRUTI CHOUHAN ', 'MR. HARISH CHOUHAN ', 'MRS. KIRAN CHOUHAN ', '2005-08-29', '64, SHANTI NAGAR , SEC-3 UDAIPUR', 'MDSPS-0771', 0, 7, 2, '', '', '', '', '0000-00-00'),
(1509, 'SIDDHANT BAPNA ', 'MR. NAVEEN BAPNA', 'MRS. NEELAM BAPNA', '2005-10-14', '18, SAMTA NAGAR, GAS GODOWN ROAD , H.M SEC-3 UDAIPUR ', 'MDSPS-0741', 0, 7, 2, '', '', '', '', '0000-00-00'),
(1510, 'SIMON VAISHNAV ', 'MR. NAVIN KUMAR VAISHNAV', 'MRS. REKHA VAISHNAV ', '2005-05-04', 'H.NO 43 SHANTI NAGAR , SEC-3 HIRAN MAGRI UDAIPUR', 'MDSPS-0745', 0, 7, 2, '', '', '', '', '0000-00-00'),
(1511, 'SUDHANSHU SHARMA ', 'MR. DAYA SHANKAR SHARMA', 'MRS. BHAGWANTI SHARMA', '2004-06-08', 'VILLAGE & POST KALADWAS , THE- GIRWA, DIST. UDAIPUR', 'MDSPS-1662', 0, 7, 2, '', '', '', '', '0000-00-00'),
(1512, 'TANAY MATHUR', 'MR. DEVENDRA MATHUR', 'MRS. SUMAN MATHUR', '2005-03-02', '82-A, ROAD NO. 3, OPP. B.N. COLLEGE, SUBHASH NAGAR, UDAIPUR', 'MDSPS-1702', 0, 7, 2, '', '', '', '', '0000-00-00'),
(1513, 'TARINI SHARMA', 'MR  SOMESH SHARMA', 'MRS  MANISHA SHARMA', '2005-04-25', '56, NEW URJA VIHAR, GUPTESHWAR MAHADEV ROAD, AMBA FALA, TITARDI, UDAIPUR', 'MDSPS-2137', 0, 7, 2, '', '', '', '', '0000-00-00'),
(1514, 'TARUN DANGI', 'MR. MITHU LAL DANGI', 'MRS. TULSI DANGI', '2004-01-15', 'MANWAKHERA, SECT. 4, UDAIPUR', 'MDSPS-0936', 0, 7, 2, '', '', '', '', '0000-00-00'),
(1515, 'VANSH GUPTA', 'MR. PRAMOD GUPTA', 'MRS. MEENU GUPTA', '2005-12-03', '24, EAST, TRIMUTRI COLONY, SECT. 4, UDAIPUR', 'MDSPS-1190', 0, 7, 2, '', '', '', '', '0000-00-00'),
(1516, 'VEDANSH PALIWAL', 'MR  LALIT PALIWAL', 'MRS  KUMUD PALIWAL', '2005-05-10', '6, SURYA NAGAR, TITRADAI, UDAIPUR', 'MDSPS-1358', 0, 7, 2, '', '', '', '', '0000-00-00'),
(1517, 'YADURAJ SINGH RANAWAT', 'MR  RAJENDRA SINGH RANAWAT', 'MRS  KIRAN CHOUHAN', '2004-11-21', '33, SHANTI NAGAR, BEHND MDS SCHOOL, SEC - 3, UDAIPUR', 'MDSPS-1568', 0, 7, 2, '', '', '', '', '0000-00-00'),
(1518, 'ANJALI MAHESHWARI ', 'MR. LALIT MAHESHWARI', 'MRS. SARITA MAHESHWARI ', '2002-09-23', '65, NIRMAL VIAHR SEC-3 NEAR CENTRAL ACDEMY SCHOOL UDAIPUR', 'MDSPS-0581', 0, 8, 1, '', '', '', '', '0000-00-00'),
(1519, 'AYUSH  JAIN ', 'MR. VIKASH JAIN', 'MRS. SHALINI JAIN ', '2004-05-08', '1-GHA- 17 HIRAN MAGRI , SEC-4 , UDAIPUR', 'MDSPS-0696', 0, 8, 1, '', '', '', '', '0000-00-00'),
(1520, 'BHAVYA MANDOWARA', 'MR. AJAY MANDOWARA', 'MRS. KIRAN MANDOWARA', '2003-11-26', '1, RUPAJI KI BARI, SECT. 13, OPP. NAVJEEVAN SCHOOL, UDAIPUR', 'MDS-SS-3787', 0, 8, 1, '', '', '', '', '0000-00-00'),
(1521, 'CHANCHAL KUMARI', 'MR. LALITENDRA JAGA', 'MRS. HITENDRA KUMARI ', '2004-07-09', 'H.NO 33 BOHARA GANESH COLONY DHOOLKOT CHOURAHA UDAIPUR', 'MDSPS-2406', 0, 8, 1, '', '', '', '', '0000-00-00'),
(1522, 'DAKSH MALVIYA', 'MR. DHANRAJ MALVIYA', 'MRS. PINKY MALVIYA', '23/6/2005', '1-J-31, SECTOR NO. 14, HIRAN MAGRI, UDAIPUR', 'MDSPS-0814', 0, 8, 1, '', '', '', '', '0000-00-00'),
(1523, 'DHARAA VIJAYVERGIYA', 'MR. PRADEEP VIJAYVERGIYA', 'MRS. KIRAN VIJAYVERGIYA', '2005-01-10', '3-P-83, HIRAN MAGRI , SEC-5 PRABHAT NAGAR, UDAIPUR', 'MDSPS-1512', 0, 8, 1, '', '', '', '', '0000-00-00'),
(1524, 'DINESH SIMOLIYA', 'MR. RAM PRAKASH SIMOLIYA', 'MRS. RAJKUMARI SIMOLIYA', '2002-02-10', 'HANUMAN NELA PHALA BALICHA UDR', 'MDSPS-0918', 0, 8, 1, '', '', '', '', '0000-00-00'),
(1525, 'DISHAAN JAIN', 'MR. JINENDRA JAIN', 'MRS. HEMA JAIN', '2004-06-12', 'J-11/36, NEW KESHAV NAGAR, UNIVERSITY ROAD, UDAIPUR', 'MDS-SS-3839', 0, 8, 1, '', '', '', '', '0000-00-00'),
(1526, 'DIVYA RAO', 'MR  CHANCHAL SINGH RAO', 'MRS  RADHA KUNWAR RAO', '2004-06-10', '48, SANJAY GANDHI NAGAR H  M  SEC  8', 'MDSPS-1750', 0, 8, 1, '', '', '', '', '0000-00-00'),
(1527, 'DIVYANSH SALVI ', 'MR. OM PRAKASH SALVI ', 'MRS. NIRMALA SALVI ', '2004-04-18', 'PUOHITO KI MADRI , INDUTRAL AREA, OPP. ROAD NO.2 , UDAIPUR', 'MDSPS-1082', 0, 8, 1, '', '', '', '', '0000-00-00'),
(1528, 'DIVYANSHI DEVPURA', 'MR  KAMLESH KUMAR DEVPURA', 'MRS  NIRMALA DEVPURA', '2004-08-05', '95, HIRAN MAGRI, SECT  NO 3, UDAIPUR', 'MDSPS-2142', 0, 8, 1, '', '', '', '', '0000-00-00'),
(1529, 'DIYA VASITA', 'MR  VISHNU VASITA', 'MRS  GOMATI VASITA', '2004-06-21', '241, AAZAD NAGAR BEHIND NEHRU HOSTEL, BHOPA MAGRI, SECT  NO  3, HIRAN MAGRI, UDAIPUR', 'MDSPS-1068', 0, 8, 1, '', '', '', '', '0000-00-00'),
(1530, 'HAMENDRA SINGH RATHORE ', 'MR. CHAMAN SINGH RATHORE', 'MRS. MAYA RANAWAT ', '2004-03-05', '20- NEW SHIV NAGAR NOKHA- ROAD HIRAN MAGRI SEC-3 UDAIPUR', 'MDSPS-0682', 0, 8, 1, '', '', '', '', '0000-00-00'),
(1531, 'HAPPY SONI ', 'MR. DILIP SONI ', 'MRS. SHILPA SONI', '2004-08-14', '115, KANCHAN MANN, VIVEK NAGAR, SEC- HIRAN MAGRI UDAIPUR', 'MDSPS-0663', 0, 8, 1, '', '', '', '', '0000-00-00'),
(1532, 'HARSH   JAIN', 'MR. PARAS JAIN', 'MRS. LALITA DEVI', '20/10/2003', 'JAIN COLONY, LAKADWAS, UDAIPUR', 'MDSPS-1616', 0, 8, 1, '', '', '', '', '0000-00-00'),
(1533, 'HARSH RAJ SINGH CHOUHAN ', 'MR. SHAMBHU SINGH CHOUHAN ', 'MRS. USHA KUNWAR CHOUHAN ', '2004-05-08', '1-F-9 GAYATRI NAGAR, SEC-5 HIRAN MAGRI ', 'MDSPS-0551', 0, 8, 1, '', '', '', '', '0000-00-00'),
(1534, 'HARSHITA JOSHI', 'MR. RAJENDRA PRASAD JOSHI', 'MRS. VANDANA JOSHI', '20/10/2003', '2/32/33, R.H.B. COLONY, PRATAP NAGAR, NEW PETROL PUMP, OPP. G.S. MOTORS, UDAIPUR', 'MDSPS-2240', 0, 8, 1, '', '', '', '', '0000-00-00'),
(1535, 'HIMANSHU DEPAN', 'MR  RATAN LAL DEPAN', 'MRS  KANTA DEPAN', '2003-09-23', '1/50,R  H B  MIRA NAGAR, 100 FIT ROAD, BHUWANA, UDAIPUR', 'MDSPS-0738', 0, 8, 1, '', '', '', '', '0000-00-00'),
(1536, 'ISHA YADAV', 'MR. VEERENDRA SINGH YADAV', 'MRS. NEENA YADAV', '2005-07-03', 'H.NO. 19, ROAD NO. 2, (EAST), GOVIND NAGAR, SECT3, UDAIPUR', 'MDSPS-2305', 0, 8, 1, '', '', '', '', '0000-00-00'),
(1537, 'KANCHAN AGARWAL', 'MR  OM PRAKASH AGARWAL', 'MRS  SANGITA AGARWAL', '2004-03-01', '7-A ASHOK VIHAR HIRAN MAGRI SEC  3', 'MDSPS-2167', 0, 8, 1, '', '', '', '', '0000-00-00'),
(1538, 'KHUSHI CHAPLOT', 'MR. HIMMAT CHAPLOT', 'MRS. MONITA CHAPLOT', '2004-07-05', '1-KA-43 GAYTRI NAGAR, HIRAN MAGRI , SEC-5 UDAIPUR', 'MDSPS-1977', 0, 8, 1, '', '', '', '', '0000-00-00'),
(1539, 'KOMAL  RATHORE', 'MR. MAGAN SINGH RATHORE', 'MRS. NEETU RATHORE', '23/5/2004', '18, ARIHANT COLONY, ROAD NO. 3, MEWAR INDUSTRIAL AREA, MADRI, UDAIPUR', 'MDSPS-2243', 0, 8, 1, '', '', '', '', '0000-00-00'),
(1540, 'KRIPARTH SHARMA', 'MR  RAJESH SHARMA', 'MRS  SHARDA SHARMA', '2004-12-09', '1-T-19, BEHIND GOVT  GIRLS SCHOOL, HIRAN MAGRI, SECT  NO 5, UDAIPUR', 'MDSPS-2131', 0, 8, 1, '', '', '', '', '0000-00-00'),
(1541, 'KRISH MAKVANA ', 'MR. ATUL MAKVANA', 'MRS. BHARTI A MAKVANA', '2004-05-23', '45,B OSTWAL NAGAR, SUNDERVAS , OPP RAJASTHAN PATRIKA , UDAIPUR ', 'MDSPS-2097', 0, 8, 1, '', '', '', '', '0000-00-00'),
(1542, 'KUNAL TAK', 'MR. RAJENDRA KUMAR TAK', 'MRS. PUSHPA TAK', '2001-09-23', 'CHORWADA THESIL GIRWA, UMARDA, UDAIPUR', 'MDSPS-1598', 0, 8, 1, '', '', '', '', '0000-00-00'),
(1543, 'KUSHAGRA WADHAWAN', 'MR. GUNJAN WADHAWAN', 'MRS. RITU WADHAWAN', '2004-04-24', 'H.NO. 1, GAYATRI VIHAR, N.B. NAGAR DAUJI KI BAWRI, BEDWAS, UDAIPUR', 'MDS-SS-3788', 0, 8, 1, '', '', '', '', '0000-00-00'),
(1544, 'LAKSHYARAJ SINGH RAO', 'MR  DEVENDRA SINGH RAO', 'MRS  SAVITA KUNWAR', '2002-08-01', '3-DHA-24, PRABHAT NAGAR, HIRAN MAGRI, SECT  NO  5, UDAIPUR', 'MDSPS-0567', 0, 8, 1, '', '', '', '', '0000-00-00'),
(1545, 'LAVISH DANGI ', 'MR. LOKESH KUMAR DANGI ', 'MRS. SHILPA DANGI', '2004-06-02', '66, NIRMAL VIHAR SEC-3 H.M UDAIPUR', 'MDSPS-0689', 0, 8, 1, '', '', '', '', '0000-00-00'),
(1546, 'MADHUP CHOUDHARY', 'MR  BHAGWATI JALANIA', 'MRS  SHOBANA JALANIA', '2003-01-20', '53-54, ROSHAN NAGAR, SEC - 12, SAVINA, UDAIPUR', 'MDSPS-2049', 0, 8, 1, '', '', '', '', '0000-00-00'),
(1547, 'MAHI JAIN CHITTORA', 'MR NEM KUMAR JAIN (CHITTORA)', 'MRS RACHANA JAIN', '2004-02-08', '14, OPP. AGARWAL DHARAMSHALA, NEAR UIT OFFICE, UDAIPUR, SEC - 11', 'MDS-SS-3866', 0, 8, 1, '', '', '', '', '0000-00-00'),
(1548, 'MANISH PATEL ', 'MR.DEVI LAL DANGI', 'MRS. BHANWARI DEVI', '2003-04-12', '147, SHIV JI VIHAR , NEW VIDHYA NAGAR, SEC-4 HIRAN MAGRI , UDAIPUR', 'MDSPS-0635', 0, 8, 1, '', '', '', '', '0000-00-00'),
(1549, 'MOHIT   SHARMA', 'MR. SHANTI LAL SHARMA', 'MRS. RATAN SHARMA', '2004-07-22', '90, UIT COLONY, PUROHITON KI MADRI, UDAIPUR', 'MDSPS-2302', 0, 8, 1, '', '', '', '', '0000-00-00'),
(1550, 'NANDITA SINGH JADOUN', 'MR  AJAYDEEP SINGH JADOUN', 'MRS  AARTI KUWAR', '2003-10-07', '111, A-RISHI NAGAR, HIRAN MAGRI, SECT  3, UDAIPUR', 'MDSPS-1769', 0, 8, 1, '', '', '', '', '0000-00-00'),
(1551, 'NEHAL JAIN ', 'MR. PRAKASH CHAMPAWAT', 'MRS. MANJU SOMIA', '2004-11-14', '17, SHUBHAM COMPLEX NEAR SAVITARI VATIKA SEC-4, NHIRAN MAGRI , UDAIPUR', 'MDSPS-2267', 0, 8, 1, '', '', '', '', '0000-00-00'),
(1552, 'NIKHIL DANGI', 'MR. KANHEIYA LAL DANGI', 'MRS. YASHODA DANGI', '2004-08-22', 'V/P. BHALOKAGUDA VIA ZINCSMELTER, THE. GIRVA, DISTT. UDAIPUR', 'MDSPS-1105', 0, 8, 1, '', '', '', '', '0000-00-00'),
(1553, 'NIKITA SOLANKI', 'MR  VIRENDRA SINGH SOLANKI', 'MRS  RAJKUMARI', '2004-11-02', '1333, ADARSH NAGAR, HIRAN MAGRI, SECT  NO  4, UDAIPUR', 'MDSPS-1371', 0, 8, 1, '', '', '', '', '0000-00-00'),
(1554, 'NIRBHAY PALIWAL ', 'MR.RAJESH PALIWAL', 'MRS. SAROJ PALIWAL', '2004-05-05', '14, BHOMYA JI COLONY , NORTH SUNDERWAS, UDAIPUR', 'MDSPS-2254', 0, 8, 1, '', '', '', '', '0000-00-00'),
(1555, 'PALKEEN JAIN', 'MR PIYUSH JAIN', 'MRS RAJKUMARI JAIN', '2004-05-01', '27, EKLING COLONY, SEC - 3, UDAIPUR', 'MDS-SS-3975', 0, 8, 1, '', '', '', '', '0000-00-00'),
(1556, 'PARAMVEER SINGH KHARWAR', 'MR  SHANKAR SINGH KHARWAR', 'MRS  GEETA KUNWAR', '2002-10-06', '348, SAMTA NAGAR, SECT  NO  3, HIRAN MAGRI, UDAIPUR', 'MDSPS-1435', 0, 8, 1, '', '', '', '', '0000-00-00'),
(1557, 'PRIYANSHU PARMAR ', 'MR. RAJESH KUMAR PARMAR', 'MRS. RANJITA PARMAR', '2004-12-07', '21 C KRISHNA VIHAR NEW VIDHYA NAGAR, HIRAN MAGRI SEC-4 UDAIPUR', 'MDSPS-0996', 0, 8, 1, '', '', '', '', '0000-00-00'),
(1558, 'PULKIT CHOUBISA', 'MR  LALIT CHOUBISA', 'MRS  HEMLATA CHOUBISA', '2004-07-24', 'H NO  207,208, SURYA NAGAR, OPP  AAKASHWANI, PUROHITO KI MADRI , UDAIPUR', 'MDSPS-0767', 0, 8, 1, '', '', '', '', '0000-00-00'),
(1559, 'PURANJAY MUNDRA', 'MR.RAKESH MUNDRA ', 'MRS. SANGEETA MUNDRA', '2003-06-09', '205, RIVER VIEW COMPLEX, SUBHASH BNAGAR , UDAIPUR', 'MDSPS-2299', 0, 8, 1, '', '', '', '', '0000-00-00'),
(1560, 'REET SACHDEV', 'MR  ASHOK SACHDEV', 'MRS  KIRAN SACHDEV', '2003-02-25', '6, KASHIPURI, BSNL COLONY NO  3, HIRAN MAGRI SEC  3', 'MDSPS-1554', 0, 8, 1, '', '', '', '', '0000-00-00'),
(1561, 'RISHVA R. NERLE', 'MR. RAVINDRA V. NERLE', 'MRS. VAISHALI R. NERLE', '2004-08-26', 'B-608, SHUBH LAXMI APARTMENT, NEW KESHAV NAGAR, UDAIPUR', 'MDS-SS-3812', 0, 8, 1, '', '', '', '', '0000-00-00'),
(1562, 'RIYA SINGH SACHAN', 'MR. DHIRENDRA SINGH SACHAN', 'MRS. MANJU SACHAN', '2003-12-30', '21, BASANT VIHAR, NORTH SUNDERWAS, UDAIPUR', 'MDSPS-0657', 0, 8, 1, '', '', '', '', '0000-00-00'),
(1563, 'SAMYASH PALIWAL ', 'MR. YASHWANT PALIWAL ', 'MRS. NIRMALA PALIWAL', '2004-04-16', '186 HIRAN MAGRI SEC-6 UDAIPUR', 'MDSPS-2269', 0, 8, 1, '', '', '', '', '0000-00-00'),
(1564, 'VAIBHAV SONI', 'MR  SURESH SONI', 'MRS  MEENAKSHI SONI', '2003-03-10', 'H  NO  251 HIRAN MAGRI SEC  4', 'MDSPS-1828', 0, 8, 1, '', '', '', '', '0000-00-00'),
(1565, 'VARSHA MURADYA', 'MR  MUNIRAM MEENA', 'MRS  ANITA MEENA', '2005-03-31', 'Q  NO  55-H RAILWAY COLONY RANA PRATAP NAGAR UDR ', 'MDSPS-1725', 0, 8, 1, '', '', '', '', '0000-00-00'),
(1566, 'VATSALA JOSHI ', 'MR. MANISH JOSHI ', 'MRS. MEENA JOSHI ', '2004-10-04', '35/2 SHIV COLONY KALKA MATA ROAD PAYADA, UDAIPR', 'MDS-SS-3841', 0, 8, 1, '', '', '', '', '0000-00-00'),
(1567, 'VIVEK DAMOR', 'MR. BABU LAL DAMOR', 'MRS. SAROJ DAMOR', '2004-08-22', 'PLOT NO. 662, DHOLI MAGRI, GALI NO. 2, PANARIYON KI MADRI, UDAIPUR', 'MDSPS-2385', 0, 8, 1, '', '', '', '', '0000-00-00'),
(1568, 'AKSHITA MEHTA', 'MR. SUDHIR MEHTA', 'MRS. KIRAN MEHTA', '2003-11-07', '56, GANPATI VIHAR, CHIRAG COMPLEX, BEHIND WATER TANK, UDAIPUR', 'MDSPS-0630', 0, 8, 2, '', '', '', '', '0000-00-00'),
(1569, 'ASHISH SUTHAR', 'MR. MANGESH SUTHAR', 'MRS. MEERA SUTHAR ', '2003-06-26', 'E-6 ARIHANT COLONY PUROHITAN KI MADRI ,UDAIPUR ', 'MDSPS-0704', 0, 8, 2, '', '', '', '', '0000-00-00'),
(1570, 'AURGHO BANERJEE', 'MR. KAUSHIK BANERJEE', 'MRS. MEGHNA BANERJEE', '2003-10-05', 'FLAT NO.704, ARAWALI HEIGHTS , ADARSH COLONY , PULA', 'MDSPS-2164', 0, 8, 2, '', '', '', '', '0000-00-00'),
(1571, 'BHAUMIK KHANDELA', 'MR.  PRABHU KHANDELA', 'MRS. INDIRA', '2004-07-02', '41, VARDHMAN NAGAR, NORTH SUNDERWAS, UDAIPUR', 'MDS-SS-3831', 0, 8, 2, '', '', '', '', '0000-00-00'),
(1572, 'BHUMI JAIN ', 'MR. KAMLESH JAIN ', 'MRS. KALPANA JAIN', '2004-05-08', '27B SHASTRI NAGAR, NEAR KAKA HEALTH , SEC-3 UDAIPUR', 'MDSPS-0702', 0, 8, 2, '', '', '', '', '0000-00-00'),
(1573, 'CHARUL CHORDIA', 'MR  SANJAY KUMAR CHORDIA', 'MRS  VANITA CHORDIA', '2004-09-30', '15, VIRANDAWAN VIHAR, HIRAN MAGRI, SECT  NO  3, UDAIPUR', 'MDSPS-0794', 0, 8, 2, '', '', '', '', '0000-00-00'),
(1574, 'CHETAN PURI GOSWAMI', 'MR KALU PURI GOSWAMI', 'MRS SITA DEVI', '2004-02-24', '370, GARIYO KA MOHALLA, KHEMPURA, UDAIPUR', 'MDS-SS-3972', 0, 8, 2, '', '', '', '', '0000-00-00'),
(1575, 'DEEPENDRA SINGH CHOUHAN', 'MR  JAIPAL SINGH CHAUHAN', 'MRS  RAJBALA CHAUHAN', '2005-07-09', 'E-BLOCK E-13 POLICE LINE TEKRI UDR ', 'MDSPS-1442', 0, 8, 2, '', '', '', '', '0000-00-00'),
(1576, 'DEVANSHI GUPTA', 'MR  MUKESH GUPTA', 'MRS  SAPNA GUPTA', '2004-08-04', '124, MAHAVIR NAGAR, SECT  NO  4, UDAIPUR', 'MDSPS-2230', 0, 8, 2, '', '', '', '', '0000-00-00'),
(1577, 'DIVYANSHI SHRIMALI', 'MR. OM PRAKASH SHRIMALI', 'MRS. SHEETAL SHRIMALI', '17/4/2004', '12TH B, NEW VIDHYA NAGAR, HIRAN MAGRI, SECT. NO. 4, UDAIPUR', 'MDSPS-0718', 0, 8, 2, '', '', '', '', '0000-00-00'),
(1578, 'GEETANSH KALRA', 'MR  SATISH KALRA', 'MRS  KARISHMA KALRA', '2004-08-29', 'A-9 SARVOTTAM COMPLEX SEC  4 MANWA KHEDA, UDAIPUR', 'MDSPS-0722', 0, 8, 2, '', '', '', '', '0000-00-00'),
(1579, 'HARDIK NYATEE', 'MR  VIJAY KUMAR NYATEE', 'DR  (MRS ) KIRAN MAHESHWARI', '2004-03-31', 'A-605 DWARIKA APP  A-1 COM  MANWA KHEDA', 'MDSPS-1012', 0, 8, 2, '', '', '', '', '0000-00-00'),
(1580, 'HIMANSHI PRAJAPAT', 'MR. PURAN LAL PRAJAPAT', 'MRS. HEMLATA PRAJAPAT', '2004-04-27', '28, ANAND COMPLEX VILL- EKLINGPURA PO- KALADWAS, UDAIPUR', 'MDSPS-0840', 0, 8, 2, '', '', '', '', '0000-00-00'),
(1581, 'HITESH KUMAR YADAV', 'MR. UMESH YADAV', 'MRS. POONAM DEVI', '2004-11-15', 'INCOME TAX COLONY, SECT. NO. 11, UDAIPUR', 'MDS-SS-4034', 0, 8, 2, '', '', '', '', '0000-00-00'),
(1582, 'JAHANVI VERMA', 'MR  SHAKTI SINGH VERMA', 'MRS  VANDANA VERMA', '2003-11-29', 'UIT COLONY GARONDA YOJANA UDR ', 'MDSPS-0700', 0, 8, 2, '', '', '', '', '0000-00-00'),
(1583, 'KARTIK SAHU', 'MR  RAJAN SAHU', 'MRS  SAROJ SAHU', '2004-11-01', '17, FRIENDS COLONY, NEW BHOPALPURA, KHARAKUA, UDAIPUR', 'MDSPS-2277', 0, 8, 2, '', '', '', '', '0000-00-00'),
(1584, 'KHANAK SINGH RAO', 'MR. VIKRAM S RAO', 'MRS. SARITA RAO', '2004-04-13', '12, DORE NAGAR, BEHIND, BAJAJ SEVASHRAM, UDAIPUR', 'MDSPS-2289', 0, 8, 2, '', '', '', '', '0000-00-00'),
(1585, 'LAKSHY RAJ SINGH SANSERA', 'MR.YAJUVENDRA SINGH ', 'MRS.HEMLATA SANSERA', '2004-09-04', '22-NEW DORENAGAR NEAR SEVASHARAM', 'MDSPS-0670', 0, 8, 2, '', '', '', '', '0000-00-00'),
(1586, 'LAKSHYA  SHARMA', 'MR. OM PRAKASH SHARMA', 'MRS. LAAD SHARMA', '2005-03-14', 'FLAT NO. 604, SWILVER PALACE APPARTMENT, ASHIRWAD NAGAR, ROOP SAGAR ROAD, OPP. ANUSHRI VATIKA, UDAIPUR', 'MDSPS-2200', 0, 8, 2, '', '', '', '', '0000-00-00'),
(1587, 'LAXMI MATTA', 'MR  ARUN MATTA', 'MRS  HARSHA MATTA', '2005-02-13', '1/92, 100 FT  ROAD MEERA NAGAR BHUWANA UDR ', 'MDSPS-1909', 0, 8, 2, '', '', '', '', '0000-00-00'),
(1588, 'MADHAV GARG', 'MR  VISHAL GARG', 'MRS  MONICA GARG', '2004-05-26', 'A-2/102, VAISHALI APARTMENTS, SEC  NO  4, HIRAN MAGRI, UDAIPUR', 'MDSPS-1329', 0, 8, 2, '', '', '', '', '0000-00-00'),
(1589, 'MAHIMA VYAS', 'MR. LEELADHAR VYAS', 'MRS. MUNNA DEVI VYAS', '2004-10-22', 'H.NO. 129, ARIHANT VIHAR, PUROHITON KI MADRI, UDAIPUR', 'MDSPS-1473', 0, 8, 2, '', '', '', '', '0000-00-00'),
(1590, 'MALAY SHARMA', 'MR. PRAKASH CHANDRA SHARAM', 'MRS. RAMILA SHARMA', '2004-05-28', '"AAMRAPALI", HOUSE NO. 102, H- BLOCK, DWARKAPURI, SECT. 14, UDAIPUR', 'MDSPS-2220', 0, 8, 2, '', '', '', '', '0000-00-00'),
(1591, 'MANASVI RAJAWAT', 'MR. SHIV SINGH RAJAWAT', 'MRS. ANAND KANWAR', '2004-07-22', 'H.NO 4 KHA- 1 HIRAN MAGRI SEC-4 HOUSING BOARD COLONY  UDAIPUR ', 'MDSPS-0690', 0, 8, 2, '', '', '', '', '0000-00-00'),
(1592, 'MANAV JAIN ', 'MR.DILIP JAIN ', 'MRS.HEMLATA JAIN ', '2004-01-11', '14A ADARASH HOUSING SOCITY SEC-4 UDAIPUR', 'MDSPS-0642', 0, 8, 2, '', '', '', '', '0000-00-00');
INSERT INTO `student` (`id`, `name`, `father_name`, `mother_name`, `dob`, `address`, `scholar_no`, `roll_no`, `class_id`, `section_id`, `mobile_no`, `faculty`, `batch`, `pdf_path`, `pdf_update_date`) VALUES
(1593, 'MANAV TAK', 'MR. RAJENDRA KUMAR TAK', 'MRS. PUSHPA TAK', '2003-06-07', 'CHORWADA THESIL GIRWA, UMARDA, UDAIPUR', 'MDSPS-1597', 0, 8, 2, '', '', '', '', '0000-00-00'),
(1594, 'MANSHA KALE', 'MR. DR. ANIL KALE', 'MRS. MAMTA KALE ', '2004-07-19', 'DWARIKA APPARTMENTT A-707, HIRAN MAGRI SEC-5 MANVA KHEDA, UDAIPUR', 'MDSPS-1714', 0, 8, 2, '', '', '', '', '0000-00-00'),
(1595, 'MONIL SETH', 'MR. DEEPAK SETH ', 'MRS. ANJANA SETH', '2004-04-30', '203, VENICE RESIDENTIAL APARTMENT , MEERA NAGAR BHUWANA UDAIPUR ', 'MDSPS-0885', 0, 8, 2, '', '', '', '', '0000-00-00'),
(1596, 'MOUTUSHI CHANDA', 'MR.RAJAN CHANDA', 'MRS. MUNMUN CHANDA', '2004-06-24', 'B-1 304 VAISHALI APARTMENT MANWA KHEDA ROAD, SEC-4, HIRAN MAGRI ,UDAIPUR', 'MDSPS-2225', 0, 8, 2, '', '', '', '', '0000-00-00'),
(1597, 'NANDANI MOOLCHANDANI', 'MR. HITESH MOOLCHANDANI', 'MRS. PURVA MOOLCHANDANI', '2005-03-02', '19-T BASANT VIHAR, SECT. NO. 5, HIRAN MAGRI, UDAIPUR', 'MDSPS-1558', 0, 8, 2, '', '', '', '', '0000-00-00'),
(1598, 'NANVEESH ADHYA MADANAPPA', 'MR. RAGHUVEER MADANAPPA', 'MRS. PADMINI RAGHUVEER', '2004-09-16', '601, HITAWALA CITY APARTMENTS, RK CIRCLE, BHUWANA', 'MDS-SS-4051', 0, 8, 2, '', '', '', '', '0000-00-00'),
(1599, 'NAYAN KATARIA', 'MR. MUKESH KATARIA', 'MRS CHANCHAL KATARIA', '2004-04-09', '10, PARSHWANATH NAGAR, SEC - 3, UDAIPUR', 'MDS-SS-3998', 0, 8, 2, '', '', '', '', '0000-00-00'),
(1600, 'NIHARIKA SINGH CHUNDAWAT', 'MR. NARAYAN SINGH ', 'MRS. MEENA KUNWAR JHALA', '2004-06-02', 'H.NO 34, ROAD NO.3 UDAIPUR', 'MDSPS-1326', 0, 8, 2, '', '', '', '', '0000-00-00'),
(1601, 'PARTH DIXIT', 'MR. GOVIND  DIXIT ', 'MRS. NISHA DIXIT', '2004-03-08', '338 CHANKYA PURI HIRAN MAGRI SEC-4 UDAIPUR ', 'MDSPS-1657', 0, 8, 2, '', '', '', '', '0000-00-00'),
(1602, 'PRADUMAN MANTRI', 'MR KISHORE KUMAR MANTRI', 'MRS REKHA MANTRI', '2005-01-22', '102, RAJKAMAL APPARTMENT, BEDLA BADHAON LINK ROAD, BEDLA', 'MDS-SS-3848', 0, 8, 2, '', '', '', '', '0000-00-00'),
(1603, 'PRAKASH DANGI ', 'MR. DINESH DANGI ', 'MRS. MEENA DANGI ', '2004-03-09', '64, SHANTI NAGAR ,NEAR MDS SCHOOL , SEC-3 UDAIPUR', 'MDSPS-1922', 0, 8, 2, '', '', '', '', '0000-00-00'),
(1604, 'PRAVEEN DANGI', 'MR. MANGILAL DANGI', 'MRS. YASHODA DANGI', '2004-05-30', 'BADA NOKHA, NEAR KUMBHA NAGAR, HIRAN MAGRI, SECT. 4, UDAIPUR', 'MDSPS-1041', 0, 8, 2, '', '', '', '', '0000-00-00'),
(1605, 'PRIYANSHI LODHA', 'MR  KAMLESH LODHA', 'MRS  MONIKA LODHA', '2004-02-11', 'SUBHASH NAGAR, ROAD NO  3, HOUSE NO  13, UDAIPUR', 'MDSPS-1374', 0, 8, 2, '', '', '', '', '0000-00-00'),
(1606, 'PURVAM CHATURVEDI', 'MR. PRAVIN CHATURVDI', 'MRS. VARSHA CHATURVEDI', '2004-06-26', '75, SHIV COLONY , SWAMINAGAR, TEKRI-MADRI LINK ROAD, UDAIPUR', 'MDSPS-1513', 0, 8, 2, '', '', '', '', '0000-00-00'),
(1607, 'PUSHPRAJ SINGH RATHORE', 'MR  UMRAV SINGH RATHORE', 'MRS  SUMITRA KUNWAR RANAWAT', '2004-05-22', 'PLOT NO  1ST, SHANTI NAGAR, GAS GODOWN ROAD, SECT  NO  3, HIRAN MAGRI, UDAIPUR', 'MDSPS-1056', 0, 8, 2, '', '', '', '', '0000-00-00'),
(1608, 'RAHUL REDIYA', 'MR  DURGA PRASAD RADIYA', 'MRS  MADHU REDIYA', '2004-05-31', '93, N  B  NAGAR AIRPORT NAGAR DHAV JI KI BAWARI', 'MDSPS-1650', 0, 8, 2, '', '', '', '', '0000-00-00'),
(1609, 'RUDRAPRATAP SINGH  PANWAR', 'MR. BHUPENDRA SINGH PANWAR', 'MRS. KAVITA ANWAR', '2004-12-08', '183-SEC-3 VIVEK NAGAR UDAIPUR RAJ', 'MDSPS-2201', 0, 8, 2, '', '', '', '', '0000-00-00'),
(1610, 'PRATURI RUKMINI', 'MR. RAVI PRATURI', 'MRS. PURNIMA PRATURI', '2004-05-06', 'D-601, ARCHI PEACE PARK, NEW VIDHYA NAGAR, SEC- 4 UDAIPUR ', 'MDSPS-2041', 0, 8, 2, '', '', '', '', '0000-00-00'),
(1611, 'SAHIL  SHARMA', 'MR. CHANDRA SHEKHAR SHARMA', 'MRS. GAYATRI SHARMA', '2004-09-25', '144, ROOP NAGAR, SECT. 3, HIRAN MAGRI, UDAIPUR', 'MDSPS-0631', 0, 8, 2, '', '', '', '', '0000-00-00'),
(1612, 'SAMARTH JAKHAR', 'MR RAM KISHORE CHOUDHARY', 'MRS ANJANA CHOUDHARY', '2005-09-29', '1, GAYATRI NAGAR, SEC - 5, UDAIPUR', 'MDS-SS-3852', 0, 8, 2, '', '', '', '', '0000-00-00'),
(1613, 'SEJAL VAGRECHA', 'MR. SUNIL VAGRECHA ', 'MRS. TARA VAGRECHA', '2004-07-19', '15,16,  A  TILAK NAGAR , SEC-3 HIRAN MAGRI , UDAIPUR ', 'MDSPS-0699', 0, 8, 2, '', '', '', '', '0000-00-00'),
(1614, 'TANAY CHHAJED', 'MR. DHEERAJ CHHAJED', 'MRS. CHANCHAL CHHAJED', '2004-08-21', '15-B,BLOCK, MEERA NAGAR, BEHIND SKY HEIGHT APARTMENT, BHUWANA, UDAIPUR', 'MDS-SS-3891', 0, 8, 2, '', '', '', '', '0000-00-00'),
(1615, 'TANMAY MITTAL', 'MR  BHUWNESH MITTAL', 'MRS  BHAWNA MITTAL', '2005-03-01', '32-B, ''O'' ROAD, NEW KESHAV NAGAR, RUPSAGAR ROAD, UDAIPUR', 'MDSPS-2287', 0, 8, 2, '', '', '', '', '0000-00-00'),
(1616, 'UDLAKSHAYA RAINA', 'MR.PRVEEN RAINA', 'MRS.MEETA RAINA', '2004-01-04', 'FLAT NO.604 SARJAN 100 FT ROAD SOBHAGPURA UDAIPUR', 'MDSPS-1029', 0, 8, 2, '', '', '', '', '0000-00-00'),
(1617, 'UTKARSH DWIVEDI', 'MR. AKHIL DWIVEDI', 'MRS. SHALINI DWIVEDI', '2004-10-18', 'BLOCK-A, 303, DWARIKA APT., MANWAKHERA, UDAIPUR', 'MDSPS-1941', 0, 8, 2, '', '', '', '', '0000-00-00'),
(1618, 'YASH CHECHANI', 'MR. SANJAY CHECHANI', 'MRS. VEENA CHECHANI', '2004-07-28', '127, M-ROAD, BHUPALPURA, UDAIPUR', 'MDSPS-2391', 0, 8, 2, '', '', '', '', '0000-00-00'),
(1619, 'YASH MALVIYA ', 'MR. GOPAL LAL LOHAR', 'MRS. MADHU MALVIYA', '2004-03-13', '757, SURYA NAGAR , SEC-3  UDAIPUR', 'MDSPS-1067', 0, 8, 2, '', '', '', '', '0000-00-00'),
(1620, 'YUVRAJ CHOUDHARY', 'MR  SHANKER CHOUDHARY', 'MRS  NEHA CHOUDHARY', '2005-01-09', 'HOUSE NO 5, HIRAN MAGRI, SECT NO 5,  KASHIPURI, UDAIPUR', 'MDSPS-1944', 0, 8, 2, '', '', '', '', '0000-00-00'),
(1621, 'ADITYA RAJ  SINGH RAJPUT', 'MANOJ RAJPUT', 'ASHA RAJPUT', '2003-04-04', '313, VIVEK NAGAR HIRAN MAGRI ,  SEC-3 UDAIPUR ', 'MDSSS3571', 0, 9, 1, '', '', '', '', '0000-00-00'),
(1622, 'ANUJ SHARMA ', 'SANJEEV SHARMA', 'ASHA GOUR', '2001-12-29', '10, HIRAN MAGI SEC-3 NEW TRACT OFFCETT UDAIPUR', 'MDSSS3618', 0, 9, 1, '', '', '', '', '0000-00-00'),
(1623, 'ANURAG  CHOUDHARY', 'MANILAL KALAL', 'LAXMI DEVI KALAL', '2003-02-17', '457, ROSHAN NAGAR, SECT. 12, SAVINA, UDAIPUR', 'MDSSS3594', 0, 9, 1, '', '', '', '', '0000-00-00'),
(1624, 'ANUWAK MATHUR', ' ARUN MATHUR', ' YOGITA MATHUR', '2003-04-23', '4-AV-21, RHB COLONY, GOVERDHAN VILLAS, UDAIPUR', 'MDSSS3544', 0, 9, 1, '', '', '', '', '0000-00-00'),
(1625, 'ARIN  SHARMA ', 'OM PRAKASH SHARMA', 'SOMYA SHARMA', '2004-04-22', 'H.NO 403/404 HIRANMAGRI SEC-3 VIVK NAGAR', 'MDSSS3605', 0, 9, 1, '', '', '', '', '0000-00-00'),
(1626, 'ARZOO TABASSUM', 'MANJOOR AHMED KHAN', 'YASMIN JAHAN', '2001-12-07', '78, SAMTA NAGAR, BEHIND SECT. 3 JAIN MANDIR, UDAIPUR', 'MDSSS3896', 0, 9, 1, '', '', '', '', '0000-00-00'),
(1627, 'BHAVIKA SOLANKI ', 'GAJENDRA SINGH SOLANKI', 'SHOBHA KUNWAR', '2002-03-05', '15-SHANTI NAGAR , HIRAN MAGRI , SEC-3, UDAIPUR', 'MDSSS3561', 0, 9, 1, '', '', '', '', '0000-00-00'),
(1628, 'CHESTA SHARMA', ' RAMESH SHARMA', ' ANITA SHARMA', '2003-12-04', '521, KALAJI GORAJI, GULAB BAGH RTOAD, UDAIPUR', 'MDSSS3307', 0, 9, 1, '', '', '', '', '0000-00-00'),
(1629, 'DAKSH SOLANKI', 'MAHESH SOLANKI', 'JAISHREE SOLANKI', '2003-04-29', 'QTR. NO. 15/IV, BSNL COLONY, MANWA KHERA, ROAD, HIRAN MAGRI, SECT. 6, UDAIPUR', 'MDSSS3532', 0, 9, 1, '', '', '', '', '0000-00-00'),
(1630, 'DARSHANA VAGRECHA', 'MANOHARLAL VAGRECHA', 'REKHA VAGRECHA', '2003-01-08', '16, SHANTI NAGAR, BACKSIDE OF MDS, SECT. 3, UDAIPUR', 'MDSSS3534', 0, 9, 1, '', '', '', '', '0000-00-00'),
(1631, 'DASHRATH SHEKHAWAT', ' SURENDRA SINGH SHEKHAWAT', 'DHEERAJ KANWAR', '2003-03-08', '766, 767 SURYA NAGAR SEC  3 UDR ', 'MDSSS3591', 0, 9, 1, '', '', '', '', '0000-00-00'),
(1632, 'DIKSHA SINGH ', 'BHANU PRATAP SINGH', 'MANJU LATA', '2003-12-13', '34-35,, SHUBHAM COMPLEX NEAR DWARKA APARTMENT , MANWA KHEDA, ', 'MDSSS3546', 0, 9, 1, '', '', '', '', '0000-00-00'),
(1633, 'DIVYANSHU BAYA', ' ASHOK KUMAR BAYA', 'NIRMLA BAYA', '2003-03-12', 'PLOT NO  233,  MDS TO FCI 100 FT  ROAD, RISHI NAGAR, SECT  NO  3, UDAIPUR', 'MDSSS3552', 0, 9, 1, '', '', '', '', '0000-00-00'),
(1634, 'GARVISH BHIMAWAT', 'DINESH BHIMAWAT', 'VIBHA BHIMAWAT', '2003-10-06', '187, TAGOR NAGAR, SEC-4, UDAIPUR', 'MDSSS3557', 0, 9, 1, '', '', '', '', '0000-00-00'),
(1635, 'HARISH CHHATWANI', ' SUNIL CHHATWANI', ' LATA CHHATWANI', '2003-10-20', 'C-3/32, PRATAP NAGAR, NEAR HAPPY SCHOOL, UDAIPUR', 'MDSSS3607', 0, 9, 1, '', '', '', '', '0000-00-00'),
(1636, 'HARSHAL SONI', ' RAKESH SONI', ' MADHU SONI', '2003-05-08', 'ASHOK GALI, BEDLA, UDAIPUR', 'MDSSS3422', 0, 9, 1, '', '', '', '', '0000-00-00'),
(1637, 'HARSHIL SEN', ' PUSHKAR SEN', 'DURGA SEN', '2002-10-02', 'DREEM HOUSE 534, ROSHAN NAGAR, SECT  MNO  12, SAVINA, UDAIPUR', 'MDSSS3301', 0, 9, 1, '', '', '', '', '0000-00-00'),
(1638, 'HIMANSHI JAWARIYA', 'LALIT KUMAR JAWARIYA', 'FULA JAWARIYA', '2003-03-15', '20, SHANTI NAGAR SEC-3 NEAR CHANDINI VAITIKA , UDAIPUR', 'MDSSS3589', 0, 9, 1, '', '', '', '', '0000-00-00'),
(1639, 'JAYESH GURJAR', ' MANGILAL GURJAR', 'SHAYAMU DEVI', '2003-07-06', 'SHIV KUNJ CHOWK, NORTH SUNDERWAS, UDAIPUR', 'MDSSS3614', 0, 9, 1, '', '', '', '', '0000-00-00'),
(1640, 'KOMAL SHARMA', ' SHYAM SUNDER SHARMA', 'MANJU SHARMA', '2002-12-21', '17, SAMTA NAGAR, HIRAN MAGRI, SECT  NO  3, UDAIPUR', 'MDSSS3568', 0, 9, 1, '', '', '', '', '0000-00-00'),
(1641, 'LALITA DANGI', 'RAJU DANGI', 'PINKY DANGI', '2003-07-09', 'E-44-A, MIA, MADRI, UDAIPUR', 'MDSSS3895', 0, 9, 1, '', '', '', '', '0000-00-00'),
(1642, 'MAHENDRA DANGI', 'CHUNILAL DANGI', 'SHOBHA DANGI', '2003-06-26', 'ROAD NO.  2, SUBHASH NAGAR, NEAR MOTHER PUBLIC SCHOOL, UDAIPUR', 'MDSSS3569', 0, 9, 1, '', '', '', '', '0000-00-00'),
(1643, 'MANSI JAIN', 'ANIL KUMAR JAIN', 'NIRMALA JAIN', '2003-07-04', '75, VRINDAVAN VIHAR, SECT. 3, UDAIPUR', 'MDSSS3601', 0, 9, 1, '', '', '', '', '0000-00-00'),
(1644, 'NAMAN MEHTA', 'INDERJEET MEHTA', 'NEELIMA MEHTA', '2003-08-07', '15, DARSHANPURA, OPP  M B  COLLEGE, NEAR RAGHU MAHAL HOTEL, UDAIPUR', 'MDSSS3586', 0, 9, 1, '', '', '', '', '0000-00-00'),
(1645, 'PAKHUSHI YADAV ', 'DR  NARENDRA YADAV', 'NEELAM YADAV', '2003-12-17', '94, TILAK NAGAR, SEC - 3, UDAIPUR', 'MDSSS3536', 0, 9, 1, '', '', '', '', '0000-00-00'),
(1646, 'PALAK CHAWARE', 'VINOD CHAWARE', 'MANISHA CHAWARE', '2003-06-17', '98 TILAK NAGAR SEC-3 HIARN MAGRI UDAIPUR', 'MDSSS3576', 0, 9, 1, '', '', '', '', '0000-00-00'),
(1647, 'PRACHI KOTHARI ', 'SUNIL KUMAR KOTHARI', 'SUREKHA KOTHARI', '2004-10-01', '171- VIVEK NAGAR , SEC-3 UDAIPUR HIRAN MAGRI ', 'MDSSS3550', 0, 9, 1, '', '', '', '', '0000-00-00'),
(1648, 'PRANJAL VIJAYVARGIYA', ' SATYA PRAKASH VIJAYVARGIYA', 'KALA VIJAYVARGIYA', '2003-06-10', '10, AMBIKA NAGAR, NR  SAWITRY VATIKA, SECTOR NO  4, HIRAN MAGRI, UDAIPUR', 'MDSSS3584', 0, 9, 1, '', '', '', '', '0000-00-00'),
(1649, 'RADHIKA SINGH JADOUN', ' GOPAL SINGH JADOUN', 'LEELA KANWAR JADOUN', '2004-02-23', '56, SUKHADIYA NAGAR, HIRAN MAGRI, SECT  NO  3, BEHIND UDAIPUR GAS GODOWN, UDAIPUR', 'MDSSS3596', 0, 9, 1, '', '', '', '', '0000-00-00'),
(1650, 'RAMAN RAJ SINGH', 'YASHWANT SINGH BHATI', 'NAMARATA BHATI', '2003-04-17', '25-A, SIDDHARTH COMPLEX, HIRAN MAGRI, SECTOR NO   5, UDAIPUR', 'MDSSS3537', 0, 9, 1, '', '', '', '', '0000-00-00'),
(1651, 'RANVEER SINGH SOLANKI', ' VIRENDRA SINGH SOLANKI', 'RENU SOLANKI', '2003-08-21', '340, SOUTH SUNDERWAS, BACK SIDE DHARTIDHAN, UDAIPUR', 'MDSSS3592', 0, 9, 1, '', '', '', '', '0000-00-00'),
(1652, 'RIYA MAHESHWARI', ' SANJAY MAHESHWARI', 'MONIKA MAHESHWARI', '2003-08-05', '34, SHIVA BRJ BUMI PARIVAHAN COLONY, TEKRI MADRI LINK ROAD, UDAIPUR', 'MDSSS3349', 0, 9, 1, '', '', '', '', '0000-00-00'),
(1653, 'RIYUKSHA SHUKLA', ' RAJESH SHUKLA', 'ANITA SHUKLA', '2002-09-19', '4-A, "DEVGYAN" SHUKLABHAWAN, NORTH SUNDERWAS, UDAIPUR', 'MDSSS3598', 0, 9, 1, '', '', '', '', '0000-00-00'),
(1654, 'RONIT JAIN', 'MUKESH JAIN', 'SHARMILA JAIN', '2001-05-06', '15, GOKULPURA, BAKNI PULIYA, UNIVERSITY ROAD, UDAIPUR', 'MDSSS3580', 0, 9, 1, '', '', '', '', '0000-00-00'),
(1655, 'RUDRAKSH JOSHI', 'MR.RAHUL JOSHI', 'MINAKASHI JOSHI', '2003-09-02', 'FLAT NO.402, AAKASH GANGA SAVINA 100FT LINK ROAD , SEC-14  UDAIPUR', 'MDSSS3250', 0, 9, 1, '', '', '', '', '0000-00-00'),
(1656, 'SALONI CHOUBISA', ' DINESH CHANDRA CHOUBISA', 'KRISHNA CHOUBISA', '2003-09-10', '33, SECT  NO 4, HIRAN MAGRI, SECT  NO  4, UDAIPUR', 'MDSSS3602', 0, 9, 1, '', '', '', '', '0000-00-00'),
(1657, 'SAMEEP PANCHAL ', 'KUNAL PANCHAL', 'MRS.SARITA MALVIYA', '2003-12-06', 'T-22 BASANT VIHAR SEC-5 ,HIRAN MAGRI , UDAIPUR', 'MDSSS3323', 0, 9, 1, '', '', '', '', '0000-00-00'),
(1658, 'SAMIKSHA CHHABRA', 'SHRI BHARAT CHHABRA', 'SEEMA CHHABRA', '2003-03-22', 'SHEEMA CHHABRA, 2 G- 6 M.P. COLONY SEC-13 , UDAIPUR', 'MDSSS3288', 0, 9, 1, '', '', '', '', '0000-00-00'),
(1659, 'SATWANT SINGH SHAKTAWAT', 'VIJAY SINGH SHAKTAWAT', 'MONU RATHORE', '2003-07-03', '60, DORE NAGAR, NEAR SEVASHARAM FLYOVER, UDAIPUR', 'MDSSS3538', 0, 9, 1, '', '', '', '', '0000-00-00'),
(1660, 'SEJAL MAHESHWARI ', 'VASUDEV MAHESHWARI', 'RAJESHWARI MAHESHWARI', '2003-12-01', '3-N-2 PRABHAT NAGAAR, HIRAN MAGRI , SEC-5 UDAIPUR', 'MDSSS3252', 0, 9, 1, '', '', '', '', '0000-00-00'),
(1661, 'SONU PATEL', 'HEERA LAL PATEL', 'BHAWARI DEVI PATEL', '2001-12-03', '58, SEC - 3, UDAIPUR', 'MDSSS3854', 0, 9, 1, '', '', '', '', '0000-00-00'),
(1662, 'SUMAN MEENA', ' RAMSWAROOP MEENA', 'KELA DEVI', '2004-05-13', 'QTR  NO  36/A, RAILWAY COLONY, RANAPRATAP NAGAR, UDAIPUR', 'MDSSS3612', 0, 9, 1, '', '', '', '', '0000-00-00'),
(1663, 'TISHA JAIN', ' MAHENDRA JAIN', 'PRITI JAIN', '2003-10-22', '398, HIRAN MAGRI, SECT  NO  4, PETROL PUMP, MAIN ROAD, UDAIPUR', 'MDSSS3345', 0, 9, 1, '', '', '', '', '0000-00-00'),
(1664, 'VAIBHAV  CHOUDHARY', ' OM PRAKASH CHOUDHARY', 'PUSHPA CHOUDHARY', '2002-10-25', '724, SURYA NAGAR, HIRAN MAGRI, SECT  NO  3, UDAIPUR', 'MDSSS3613', 0, 9, 1, '', '', '', '', '0000-00-00'),
(1665, 'VISHAKHA MUNDANIYA', 'HARISH MUNDANIYA', 'MADHU MUNDANIYA', '2002-03-09', '103, KUMAWATPURA, INSIDE SURAJPOLE, UDAIPUR', 'MDSSS3563', 0, 9, 1, '', '', '', '', '0000-00-00'),
(1666, 'YAGVENDRA SINGH RAO', ' KAMLENDRA SINGH RAO', 'DURGAWATI RAO', '2003-05-18', '441, SOUTH SUNDERWAS, UDAIPUR', 'MDSSS3616', 0, 9, 1, '', '', '', '', '0000-00-00'),
(1667, 'YUKTI BOLIA', 'SANJAY BOLIA', 'RITU BOLIA', '2004-02-25', '975, GYAN NAGAR, HIRAN MAGRI, SEC - 4, UDAIPUR', 'MDSSS3922', 0, 9, 1, '', '', '', '', '0000-00-00'),
(1668, 'YUVRAJ SINGH DEORA', ' MAHENDRA SINGH DEORA', 'LEELA KUNWAR DEORA', '2003-01-30', '109, HIRAN MAGRI, SECT  NO  3, UDAIPUR', 'MDSSS3566', 0, 9, 1, '', '', '', '', '0000-00-00'),
(1669, 'ADITYA SHARMA ', ' DEVENDRA SHARMA', 'MADHU SHARMA', '2003-05-05', 'H NO  2, DASHORA GALI, MOTI CHOHTTA, UDAIPUR', 'MDSSS3554', 0, 9, 2, '', '', '', '', '0000-00-00'),
(1670, 'ALI ASGHAR KAGZI', 'TAUQIR ALI KAGZI', 'SHEHNAZ KAGZI', '2003-02-17', '27, JETRAMJI KI BARI, DURGA COLONY, NEEMACH KHEDA, DEWALI, UDAIPUR', 'MDSSS3804', 0, 9, 2, '', '', '', '', '0000-00-00'),
(1671, 'AMI BHATNAGAR', ' ASHISH BHATNAGAR', 'NIDHI BHATNAGAR', '2003-11-10', '2, GOKUL VILLAGE, TITARDI, SEC - 9, UDAIPUR', 'MDSSS3526', 0, 9, 2, '', '', '', '', '0000-00-00'),
(1672, 'APARNA MALI', 'LAXMI CHAND MALI', 'CHITRAREKHA MALI', '2003-02-09', '108, SILVER PALACE, OPP. ANUSHRI VATIKA, ASHIRWAD NAGAR, UDAIPUR', 'MDSSS3768', 0, 9, 2, '', '', '', '', '0000-00-00'),
(1673, 'ARYAMAN BHATNAGAR', 'SANJAY BHATNAGAR', 'MONICA BHATNAGAR', '2003-08-22', '223, CHANAKYPURI, SEC - 4, UDAIPUR', 'MDSSS3873', 0, 9, 2, '', '', '', '', '0000-00-00'),
(1674, 'AVI BHATNAGAR', ' ASHISH BHATNAGAR', 'NIDHI BHATNAGAR', '2003-11-10', '2, GOKUL VILLAGE, TITRADI, SEC - 9, SEC - 9, UDAIPUR', 'MDSSS3525', 0, 9, 2, '', '', '', '', '0000-00-00'),
(1675, 'AVINASH DANGI', 'NARAYAN LAL DANGI', 'SHANTA DANGI', '2005-07-13', 'GALI NO. 2, CHANDRA COLONY, OLD RTO OFFICE ROAD, PRATAP NAGAR, UDAIPUR', 'MDSSS4031', 0, 9, 2, '', '', '', '', '0000-00-00'),
(1676, 'AVIRAL PRATAP SINGH CHAWDA', 'ARINDAM SINGH CHAWDA', 'DR. ARTI SHARMA', '2004-06-26', '36, ROHAN VILLA, TULSI NAGAR, SECT. 5, HIRAN MAGRI, UDAIPUR', 'MDSSS3639', 0, 9, 2, '', '', '', '', '0000-00-00'),
(1677, 'AYUSH KHANDELWAL', 'PRAVEEN KUMAR KHANDELWAL', 'SEEMA KHANDELWAL', '2003-10-04', '17, GANPATI VIHAR, BEHIND WATER TANK, PANERION KI MADRI, UDAIPUR', 'MDSSS3789', 0, 9, 2, '', '', '', '', '0000-00-00'),
(1678, 'BHAKTI TRIPATHI', ' NIKHIL TRIPATHI', 'VINEETA TRIPATHI', '2003-05-18', 'A-303, SIDDHI GANPATI PARK, SECTOR NO,  8, HIRAN MAGRI, UDAIPUR', 'MDSSS3281', 0, 9, 2, '', '', '', '', '0000-00-00'),
(1679, 'DEEP BOLIYA', 'DINESH C. BOLIYA', 'KIRAN BOLIYA', '2003-04-30', '23, KRISHNA VIHAR, NEW VIDYA NAGAR, SECT. 4, UDAIPUR', 'MDSSS3923', 0, 9, 2, '', '', '', '', '0000-00-00'),
(1680, 'DHRUV KOTHARI', 'HIMMAT SINGH KOTHARI', 'MEENA KOTHARI', '2003-10-03', '24, GAYATRI NAGAR SEC-5 HIRAN MAGRI , UDAIPUR', 'MDSSS3587', 0, 9, 2, '', '', '', '', '0000-00-00'),
(1681, 'DIVYANSHI SAXENA', ' SANJEEV SAXENA', 'ANUBHA SAXENA', '2002-11-03', 'A-14, KAPIL BIHAR, BEDWAS, PRATAP NAGAR, UDAIPUR', 'MDSSS3231', 0, 9, 2, '', '', '', '', '0000-00-00'),
(1682, 'HARSHIL AMETA', ' ANIL AMETA', 'SUSHAMA SHARMA', '2004-03-03', '4, ASHOK VIHAR SEC  3 HIRAN MAGRI UDR ', 'MDSSS3575', 0, 9, 2, '', '', '', '', '0000-00-00'),
(1683, 'HARSHITA JENA', ' DILIP JENA', 'BASANTI JENA', '2003-04-27', 'UIT COLONY, 323, AKASHWANI KE SAMNE, UDAIPUR', 'MDSSS3603', 0, 9, 2, '', '', '', '', '0000-00-00'),
(1684, 'HITESH MEENA ', 'OM PRAKASH MEENA', 'KRISHNA', '2003-03-14', '33/32 SOUTH SUNDERWAS, SHIV NAGAR, UDAIPUR', 'MDSSS3535', 0, 9, 2, '', '', '', '', '0000-00-00'),
(1685, 'JAVIC KOTHARI', ' HARISH JAIN', 'RANJANA JAIN', '2003-01-31', '12, SHANTI NAGAR, BEHIND MDS SCHOOL, HIRAN MAGRI, SECT  3, UDAIPUR', 'MDSSS3241', 0, 9, 2, '', '', '', '', '0000-00-00'),
(1686, 'KRITESH SAHU', 'MR.', 'MAYA SAHU', '2004-08-24', '4, GOKULPURA, AYAD BAKNI PULIYA KA PASS, UNIVERSITY ROAD, UDAIPUR', 'MDSSS3694', 0, 9, 2, '', '', '', '', '0000-00-00'),
(1687, 'MANAN BOLIA', 'KAMAL BOLIA', 'SEEMA BOLIA', '2003-08-29', '291, M 1, BHUPALPURA, UDAIPUR', 'MDSSS3850', 0, 9, 2, '', '', '', '', '0000-00-00'),
(1688, 'MANAS CHAMPAWAT', 'SHRENIK CHAMPAWAT', 'PAYAL CHAMPAWAT', '2003-06-06', '56, EKLING COLONY, HIRAN MAGRI, SECTOR NO. 3, UDAIPUR', 'MDSSS3879', 0, 9, 2, '', '', '', '', '0000-00-00'),
(1689, 'MUKUL CHOUHAN', 'SURAJ RAM CHOUHAN', 'KANTA CHOUHAN', '2004-08-01', 'VPO-LILADHAR COLONY, MANDAR, TEHSIL REODAR, DISTT. SIROHI', 'MDSSS4023', 0, 9, 2, '', '', '', '', '0000-00-00'),
(1690, 'NAINA WARJURKAR', 'DR. SUNIL WARJURKAR', 'NEETA WARJURKAR', '2003-04-18', 'B1-402, VAISHALI APARTMENT, HIRAN MAGRI, SECT. 4, UDAIPUR', 'MDSSS3530', 0, 9, 2, '', '', '', '', '0000-00-00'),
(1691, 'NAITIK BHATT', 'PANKAJ BHATT', 'MAMTA DAVE', '2004-03-24', '3/221 SHIVAJI NAGAR, RHB, DUNGARPUR', 'MDSSS3929', 0, 9, 2, '', '', '', '', '0000-00-00'),
(1692, 'NAMAN GOEL', ' PANKAJ GOEL', 'RADHIKA GOEL', '2003-02-26', 'A-304, DWARIKA APARTMENT, A-ONE COMPLEX, MANWA KHERA, HIRAN MAGRI, UDAIPUR', 'MDSSS3543', 0, 9, 2, '', '', '', '', '0000-00-00'),
(1693, 'NISHANT ARORA', 'DUSHYANT ARORA', 'KUSUM ARORA', '2003-10-29', '899, POOJA NAGAR, HIRAN MAGRI, SECT. NO. 4, UDAIPUR', 'MDSSS3533', 0, 9, 2, '', '', '', '', '0000-00-00'),
(1694, 'NITTANT VYAS', 'SATISH VYAS', 'PRAGATI VYAS', '2003-05-17', '17, ANAND VIHAR, TEKRI, MADRI LINK ROAD, UDAIPUR', 'MDSSS3553', 0, 9, 2, '', '', '', '', '0000-00-00'),
(1695, 'PRACHI BHATNAGAR', 'SUDHEER BHATNAGAR', 'SAPNA BHATNAGAR', '2003-04-16', '600 A, SEC - 11, UDAIPUR', 'MDSSS3872', 0, 9, 2, '', '', '', '', '0000-00-00'),
(1696, 'PRAKHAR PATIDAR', 'MR.RAKESH PATIDAR', 'SUNITA PATIDAR', '2003-01-24', '92, MOTI MAGRI ,UIT CIRCLE  NEAR ZINK PARK , UDAIPUR', 'MDSSS3565', 0, 9, 2, '', '', '', '', '0000-00-00'),
(1697, 'PRANAY JOSHI', 'NUTAN PRAKASH JOSHI', 'ANURADHA JOSHI', '2003-06-09', 'SHASTRI NAGAR, DEOGARH, DISTT. RAJSAMAND', 'MDSSS3844', 0, 9, 2, '', '', '', '', '0000-00-00'),
(1698, 'PRIYANKA GURJAR', 'VIJAY KUMAR GURJAR', 'KAMLESH GURJAR', '2004-08-30', '350, KALKA MATA ROAD, GANESH NAGAR, UDAIPUR', 'MDSSS3816', 0, 9, 2, '', '', '', '', '0000-00-00'),
(1699, 'PRIYANSHU KUMAWAT', 'RAMESH KUMAWAT', 'MEENA KUMAWAT', '2003-05-14', '320/27 PANERIYON KI MADRI UDAIPUR', 'MDSSS3847', 0, 9, 2, '', '', '', '', '0000-00-00'),
(1700, 'RAHUL PALIWAL', ' BHERU LAL PALIWAL', 'GANESHI DEVI PALIWAL', '2004-03-07', '22, POSTAL COLONY, HIRAN MAGRI, SECTOR NO  5, UDAIPUR', 'MDSSS3595', 0, 9, 2, '', '', '', '', '0000-00-00'),
(1701, 'RAJNEESH BHAMOO', 'RAJENDRA PRASAD BHAMOO', 'RAJESH BHAMOO', '2003-05-16', '15/B RAILWAY CO;ONY, NEAR UDAIPUR CITY STATION', 'MDSSS3846', 0, 9, 2, '', '', '', '', '0000-00-00'),
(1702, 'RAKSHIT PATEL', 'DEVI LAL PATEL', 'VELU PATEL', '2003-12-01', 'C-464, SECT. NO. 9, HIRAN MAGRI, UDAIPUR', 'MDSSS4047', 0, 9, 2, '', '', '', '', '0000-00-00'),
(1703, 'RAVINDRA SINGH CHOUHAN', 'MAHENDRA SINGH CHOUHAN', 'SUSHILA KUNWER', '2003-12-29', 'NEAR VIDHYA NAGAR, SEC - 4, UDAIPUR', 'MDSSS3995', 0, 9, 2, '', '', '', '', '0000-00-00'),
(1704, 'RISHIKA INTODIA', 'BHARAT KUMAR INTODIA', 'KANTA INTODIA', '2004-05-31', 'K-203 RADHEY KRISHNA APARTMENT , NEW VIDHYA NAGAR , SEC-4, UDAIPUR', 'MDSSS3527', 0, 9, 2, '', '', '', '', '0000-00-00'),
(1705, 'SAKET AGRAWAL ', 'SUHAS AGRAWAL', 'CHITRA AGRAWAL', '2002-10-17', '116, N.B NAGAR DHAU JI KI  BAWADI , UDAIPUR', 'MDSSS3524', 0, 9, 2, '', '', '', '', '0000-00-00'),
(1706, 'SAMYAK SHARMA', 'SHAILENDRA SHARMA', 'NISHA SHARMA', '2003-11-03', '12-13, SEC - 8, BANSWARA', 'MDSSS3849', 0, 9, 2, '', '', '', '', '0000-00-00'),
(1707, 'SHALINI JHALA', 'PRAHLAD SINGH JHALA', 'NEELU KUNWAR JHALA', '2003-07-12', '715, MEERA NAGAR, SHIV COLONY, OLD RTO, PRATAP NAGAR, UDAIPUR', 'MDSSS3856', 0, 9, 2, '', '', '', '', '0000-00-00'),
(1708, 'SHIVANI KOTHARI', 'RAKESH KOTHARI', 'SUNITA KOTHARI', '2003-06-19', '25, TILKA NAGAR, SECTOR 8, HIRAN MAGRI, UDAIPUR', 'MDSSS3558', 0, 9, 2, '', '', '', '', '0000-00-00'),
(1709, 'SHREYA BHATNAGAR', 'SANDEEP BHATNAGAR', 'MEENAKSHI BHATNAGAR', '2003-02-17', '223, CHANAKYPURI, SEC - 4, UDAIPUR', 'MDSSS3874', 0, 9, 2, '', '', '', '', '0000-00-00'),
(1710, 'TANISHA SOLANKI', 'VISARAM SOLANKI', 'RAMILA SOLANKI', '2004-07-26', '18-A, NEW POLOGROUND, SAHELI NAGAR, BEHIND HANUMAN TEMPLE, UDAIPUR', 'MDSSS4050', 0, 9, 2, '', '', '', '', '0000-00-00'),
(1711, 'UTKARSH DAVE', 'KANHEYA LAL DAVE', 'REKHA DAVE', '2004-10-14', 'NAKODA COMPLEX, SEC -4, UDAIPUR', 'MDSSS3864', 0, 9, 2, '', '', '', '', '0000-00-00'),
(1712, 'VANSH NYATI ', 'GANPAT LAL NYATI', 'NEELAM NYATI', '2002-12-17', '71, VIVEK NAGAR HIRAN MAGRI SEC-3 UDAIPUR', 'MDSSS3542', 0, 9, 2, '', '', '', '', '0000-00-00'),
(1713, 'VARUN KUMAR VISHNOI ', 'NAVEEN KUMAR  VISHNOI', 'SANGEETA VISHNOI', '2002-12-01', '27 G NAK NARAI DHAUJI KI BAWDI PRATAP NAGAR , UDAIPUR ', 'MDSSS3531', 0, 9, 2, '', '', '', '', '0000-00-00'),
(1714, 'VEDANSHI SRIVASTAVA', 'RAVI PRAKASH SRIVASTAVA', 'SHALINI SRIVASTAWA', '2003-10-31', '17, NEW MANGALAM, SUNDER VILA, 100 FT ROAD, SHOBHAGPURA, UDAIPUR', 'MDSSS3987', 0, 9, 2, '', '', '', '', '0000-00-00'),
(1715, 'WANSH SINGH ', 'SUNIL KUMAR SINGH', 'MINA SINGH', '2003-03-31', 'KAROLI HOUSE AT. SOBHAGPURA NEAR SOBHAGPURA IRCLE DIST. UDAIPUR', 'MDSSS3206', 0, 9, 2, '', '', '', '', '0000-00-00'),
(1716, 'YATHARTH JAIN', 'SUSHIL JAIN', 'RENU JAIN', '2003-08-08', '58, SUBHASH NAGAR, OPP. B N COLLEGE, UDAIPUR', 'MDSSS3996', 0, 9, 2, '', '', '', '', '0000-00-00'),
(1717, 'AARADHYA LOHAR ', 'HARISH LOHAR', 'LAJWANTI LOHAR', '2003-03-08', '80, GLASS FACTORY KHEMPURA , ROAD SUNDERWAS', 'MDSSS3585', 0, 9, 6, '', '', '', '', '0000-00-00'),
(1718, 'AASHREYA CHAUHAN', 'ROHIT CHAUHAN', 'BHAVNA CHAUHAN', '2003-05-23', 'A-2, VALLABH EMPIRE, NAVRATAN, BHUWANA, UDAIPUR', 'MDSSS3183', 0, 9, 6, '', '', '', '', '0000-00-00'),
(1719, 'AAYUSH GEHI', ' MANISH GEHI', ' BHARTI GEHI', '2002-12-22', 'J-3, HIRAN MAGRI, SECT  NO  5, NEAR UDAI PARK, UDAIPUR', 'MDSSS3583', 0, 9, 6, '', '', '', '', '0000-00-00'),
(1720, 'ABHIMANYU SINGH CHOUHAN', 'MOHAN SINGH CHOUHAN', 'NEETA CHOUHAN', '2003-03-01', '653, PANERIYON KI MADRI. DHOLI MAGRI, UDAIPUR', 'MDSSS3545', 0, 9, 6, '', '', '', '', '0000-00-00'),
(1721, 'ADITI SHARMA', ' BHUPENDRA KUMAR SHARMA', ' BHAWNA SHARMA', '2003-05-03', '28, SHANTI NAGAR, SECT  NO  3, UDAIPUR', 'MDSSS3582', 0, 9, 6, '', '', '', '', '0000-00-00'),
(1722, 'ADITYA CHAMPAWAT', 'MANOJ CHAMPAWAT', 'NEELAM CHAMPAWAT', '2003-04-03', 'HIRAN MAGRI  SEC-5  BEHIND PNT COLONY  H.NO  3 DHA- 20 UDAIPUR', 'MDSSS3560', 0, 9, 6, '', '', '', '', '0000-00-00'),
(1723, 'AMAN DEV SHARMA', ' DEVENDRA SHARMA', 'INDUBALA SHARMA', '2004-01-04', '27, SHANTI NAGAR, OPP  MDS SCHOOL, HIRAN MAGRI, UDAIPUR', 'MDSSS3608', 0, 9, 6, '', '', '', '', '0000-00-00'),
(1724, 'ANKIT PARMAR', 'UMESH PARMAR', 'MAMTA DEVI', '2003-02-13', '4, JYOTI NAGAR, HIRAN MAGRI, SECT. 4, BEHIND OF VAISHALI APPARTMENT, MANWAKHEDA ROAD, UDAIPUR', 'MDSSS3574', 0, 9, 6, '', '', '', '', '0000-00-00'),
(1725, 'AYUSH LODHA', 'MR.ANIL LODHA', 'ANITA LODHA', '2003-02-19', '21, ARVIND NAGAR, NEAR SUNDERWAS, UDAIPUR', 'MDSSS3567', 0, 9, 6, '', '', '', '', '0000-00-00'),
(1726, 'BHARAT SHARMA', ' RAMESHWAR SHARMA', 'RADHA NAGDA', '2002-12-05', '64 EKLING COLONY SEC 3 CELEBRATION CAF? UDAIPUR', 'MDSSS3597', 0, 9, 6, '', '', '', '', '0000-00-00'),
(1727, 'BHUMIKA BOLYA', 'ASHOK BOLYA', 'JYOTSNA JAIN', '2002-06-16', '12, AMBE NAGAR, HIRAN MAGRI, MANAKHEDAROAD, SECT. 4, UDAIPUR', 'MDSSS3559', 0, 9, 6, '', '', '', '', '0000-00-00'),
(1728, 'CHAHAT BHAMBHANI ', 'MIUKESH BHAMBHANI', 'NUPUR  BHAMBHANI', '2003-02-05', '49-50, MNWA KHEDA, A-ONE COMPLEX SEC-6 , UDAIPUR', 'MDSSS3547', 0, 9, 6, '', '', '', '', '0000-00-00'),
(1729, 'DEVANSHU SWAMI', 'JAIDEEP SWAMI', 'HEMLATA SWAMI', '2003-02-16', 'B-703, SAURABH ENCLAVE, NEW BHOPALPURA, NEAR CPS SCHOOL, UDAIPUR', 'MDSSS3564', 0, 9, 6, '', '', '', '', '0000-00-00'),
(1730, 'GARVIT JAIN ', 'CHANDRA PRAKASH JAIN', 'MADHUVANTI CHITTORA', '2003-02-28', '210-C GANESH NAGAR , PAHADA , UDAIPUR', 'MDSSS3590', 0, 9, 6, '', '', '', '', '0000-00-00'),
(1731, 'GITIKA AGRAWAL', 'ANIL AGRAWAL', 'MRS, HARIPRIYA AGRAWAL', '2003-02-02', '407, GANESH APARTMENT, SAMTA NAGAR, BEDLA, UDAIPUR', 'MDSSS3610', 0, 9, 6, '', '', '', '', '0000-00-00'),
(1732, 'HARSHIT SHARMA ', 'DEEPAK SHARMA', 'SHILPA SHARMA', '2002-09-05', '16/1136 MEERA COLONY ,AYAD UDAIPUR ', 'MDSSS3255', 0, 9, 6, '', '', '', '', '0000-00-00'),
(1733, 'JATIN CHOUBISA', ' SURESH CHANDRA CHOUBISA', 'ISHWARI CHOUBISA', '2003-09-07', '433/4, HIRAN MAGRI, UDAIPUR', 'MDSSS3600', 0, 9, 6, '', '', '', '', '0000-00-00'),
(1734, 'JAYESH CHITIRYA ', 'MAHAVEER CHITIRYA', 'NISHA JAIN', '2002-07-23', '545, TAGOR NAGAR , HIRAN MAGRI SEC-4 NEAR POOJA BKAARY', 'MDSSS3555', 0, 9, 6, '', '', '', '', '0000-00-00'),
(1735, 'KAMLESH PATEL', 'MR.DEVI LAL DANGI', 'BHAMARI DEVI', '2001-09-13', '147, SHIV JI VIHAR , NEW VIDHYA NAGAR, SEC-4 HIRAN MAGRI , UDAIPUR', 'MDSSS3572', 0, 9, 6, '', '', '', '', '0000-00-00'),
(1736, 'KAVISH SAHU', ' SHYAMLAL SAHU', 'ANITA SAHU', '2003-02-13', '407, KALKAMATA ROAD, BEKANI PULIYA, PAHADA, UDAIPUR', 'MDSSS3606', 0, 9, 6, '', '', '', '', '0000-00-00'),
(1737, 'KOMAL DANGI', ' DHARMENDRA DANGI', 'PUSHPA DANGI', '2002-05-17', 'MANWAKHERA, SECT  NO  4, UDAIPUR', 'MDSSS3588', 0, 9, 6, '', '', '', '', '0000-00-00'),
(1738, 'NAMAN DEWAL', ' SIDHARTH DEWAL', 'SANJU KUNWAR', '2003-07-10', 'CHOTI NOKHI, INSIDE KUMHARO KA BHATTA, UDAIPUR', 'MDSSS3541', 0, 9, 6, '', '', '', '', '0000-00-00'),
(1739, 'NAMEET MAHESHWARI ', 'VISHNU MAHESHWARI', 'INDU MAHESHWARI', '2002-12-04', '15, CHOTI MAHESHWARI KI SEHRI, DHAN MANDI, UDAIPUR', 'MDSSS3578', 0, 9, 6, '', '', '', '', '0000-00-00'),
(1740, 'NIMIT JAIN', ' ARVIND JAIN', 'SUNITA JAIN', '2003-03-23', 'C-7, VIDHYA NAGAR, HIRAN MAGRI, SECT  NO  4, UDAIPUR', 'MDSSS3405', 0, 9, 6, '', '', '', '', '0000-00-00'),
(1741, 'PARYUL JAIN', 'MUKESH JAIN', 'SAMTA JAIN', '2003-09-27', '3-R-14, HIRAN MAGRI, SECT. NO. 5,PRABHAT NAGAR, UDAIPUR', 'MDSSS3771', 0, 9, 6, '', '', '', '', '0000-00-00'),
(1742, 'PRACHI TATED', 'CHANDRA SINGH TATED', 'SEEMA TATED', '2003-03-19', '1039, GYAN NAGAR, SECT. 4, UDAIPUR', 'MDSSS3599', 0, 9, 6, '', '', '', '', '0000-00-00'),
(1743, 'PRATIKSHA YADAV ', 'DASHRATH S. YADAV', 'MANBHAWATI YADAV', '2003-10-18', 'H.NO 29 VERMA COLONY SEC-9 SAVINA , HIRAN MAGRI UDAIPUR', 'MDSSS3577', 0, 9, 6, '', '', '', '', '0000-00-00'),
(1744, 'PRINCY ATRE', 'NAVIN KUMAR ATRE', 'ANITA ATRE', '2003-01-24', 'A-204, DWARIKA APARTMENT, MANWA KHEDA, UDAIPUR', 'MDSSS3208', 0, 9, 6, '', '', '', '', '0000-00-00'),
(1745, 'PURVI GUPTA', ' SANJAY GUPTA', 'RASHI GUPTA', '2003-01-23', '48-49, TILAK NAGAR, SECT  NO  3, HIRAN MAGRI, UDAIPUR', 'MDSSS3615', 0, 9, 6, '', '', '', '', '0000-00-00'),
(1746, 'RAHUL MISHRA', ' NEERAJ MISHRA', 'ANITA MISHRA', '2003-10-08', 'SEC  3 , 5 ,NAKODA NAGAR', 'MDSSS3573', 0, 9, 6, '', '', '', '', '0000-00-00'),
(1747, 'RITURAJ AMETA', 'PREM SHANKER AMETA', 'MANJU AMETA', '2002-04-15', '82, NAKODA NAGAR-II, OPP.  TRANSPOFRT NAGAR, PRATAP NAGAR, BEDWAS, UDAIPUR', 'MDSSS3551', 0, 9, 6, '', '', '', '', '0000-00-00'),
(1748, 'RUDRAKSH CHATURVEDI', ' ARUN CHATURVEDI', 'MEENA CHATURVEDI', '2003-08-05', '97, SUBHAS NAGAR, 4TH ROAD UDR ', 'MDSSS3562', 0, 9, 6, '', '', '', '', '0000-00-00'),
(1749, 'SAHIL SAXENA', ' PANKAJ KUMAR SAXENA', 'POONAM SAXENA', '2004-04-29', '21, SHANTI NAGAR, HIRAN MAGRI, SECT  NO  3, UDAIPUR', 'MDSSS3529', 0, 9, 6, '', '', '', '', '0000-00-00'),
(1750, 'SAUMYA TYAGI', 'DR. JITENDRA TYAGI', 'SUSHILA TYAGI', '2003-08-23', 'FLAT NO. 401, SHRI NAKODA APARTMENT, NAKODA NAGAR, UDAIPUR', 'MDSSS3528', 0, 9, 6, '', '', '', '', '0000-00-00'),
(1751, 'SHRESHTHA MAHESHWARI', ' KOUSHAL GATTANI', 'JYOTI MAHESHWARI', '2003-11-19', '9, BAHUBALI COLONY, BOHRA GANESH ROAD, UDAIPUR', 'MDSSS3611', 0, 9, 6, '', '', '', '', '0000-00-00'),
(1752, 'SHUBHAM KUMAWAT', 'LEELADHAR KUMAWAT', 'BASANTI DEVI KUMAWAT', '2003-06-20', '698, SURYA NAGAR, NHIRAN MAGRI SEC-3 UDAIPUR', 'MDSSS3540', 0, 9, 6, '', '', '', '', '0000-00-00'),
(1753, 'SUHAS JAIN', 'VIJAY JAIN', 'MONIKA JAIN', '2003-09-30', '13, RAVINDRA NAGAR, UDAIPUR', 'MDSSS3855', 0, 9, 6, '', '', '', '', '0000-00-00'),
(1754, 'TANISHQ JAIN ', 'CHANDRA PRAKASH JAIN', 'SEEMA JAIN', '2004-03-11', '2A NEW SADRI COLONY KALAJI GORAJI , UDAIPUR', 'MDSSS3556', 0, 9, 6, '', '', '', '', '0000-00-00'),
(1755, 'TIYA CHHAJED', ' VIPUL CHHAJED', 'SONIKA CHHAJED', '2003-07-05', '5, SAMTA NAGAR, NEAR RIVER, HIRAN MAGRI, SECT  NO  3, UDAIPUR', 'MDSSS3570', 0, 9, 6, '', '', '', '', '0000-00-00'),
(1756, 'TUSHAR CHAUDHARY ', 'VERENDRA SINGH CHAUDHARY', 'MONIKA CHAUDHARY', '2002-08-07', 'A-508 DWARIKA APARTMENT , MANWA KHEDA UDAIPUR', 'MDSSS3581', 0, 9, 6, '', '', '', '', '0000-00-00'),
(1757, 'USHMA DANGI ', 'PRABU LAL DANGI', 'LEELA DANGI', '2003-05-03', 'EKLINGPURA , UDAIPUR ', 'MDSSS3539', 0, 9, 6, '', '', '', '', '0000-00-00'),
(1758, 'VAIBHAVRAJ SINGH RANAWAT', ' RAJENDRA SINGH RANAWAT', 'KIRAN CHOUHAN', '2003-05-31', '33, SHANTI NAGAR, BEHIND OF MDS SCHOOL, HIRAN MAGRI, SEC  3', 'MDSSS3579', 0, 9, 6, '', '', '', '', '0000-00-00'),
(1759, 'VIHAR SONI', ' HITENDRA SONI', 'MANISHA SONI', '2003-02-10', '261-A, SHREE JI VIHAR COLONY, NEW VIDYA NAGAR, SECT  NO  4, UDAIPUR', 'MDSSS3609', 0, 9, 6, '', '', '', '', '0000-00-00'),
(1760, 'VINAY PRATAP SINGH ', 'HEM SINGH DEVRA', 'KHUSHBU KUNWAR', '2003-04-07', '964, NEAR MOTHER PUBLIC SCHOOL PATHO KI MADRI , DHUBOSH NAGAR , UDAIPUR', 'MDSSS3549', 0, 9, 6, '', '', '', '', '0000-00-00'),
(1761, 'YASH CHOUBISA', 'INDER KUMAR CHOUBISHA', 'SHEETAL CHOUBISA', '2003-09-03', '18, RISHI NAGAR H.M. SEC-3 UDAIPUR ', 'MDSSS3548', 0, 9, 6, '', '', '', '', '0000-00-00'),
(1762, 'YASH VAISHNAV', ' MUKESH VAISHNAV', 'REKHA VAISHNAV', '2002-10-12', 'NR  BUS STAND LAKADWAS TEH  GIRWA UDR ', 'MDSSS3593', 0, 9, 6, '', '', '', '', '0000-00-00'),
(1763, 'AKSHITA JAIN', 'PRAVIN JAIN', 'DEEPTI JAIN', '18082003', '', 'MDSSS4095', 0, 9, 0, '', '', '', '', '0000-00-00'),
(1764, 'ANUGYA JAIN', 'AJAY JAIN', 'SONALI JAIN', '30012003', '', 'MDSSS4093', 0, 9, 0, '', '', '', '', '0000-00-00'),
(1765, 'ARUL DEORA', 'MOHAN SINGH DEORA', 'MRS.VIJAYLAXMI DEORA', '22042003', '', 'MDSSS0736', 0, 9, 0, '', '', '', '', '0000-00-00'),
(1766, 'ARYAN CHOUDHARY', 'RAJESH CHOUDHARY', 'SEEMA CHOUDHARY', '23092003', '', 'MDSSS0215', 0, 9, 0, '', '', '', '', '0000-00-00'),
(1767, 'AVNI JAIN', 'AVINASH JAIN', 'VANDANA JAIN', '30082003', '', 'MDSSS4097', 0, 9, 0, '', '', '', '', '0000-00-00'),
(1768, 'AYUSH ROY', 'RAM PRAVESH ROY', 'RAGNI ROY', '19092002', '', 'MDSSS1429', 0, 9, 0, '', '', '', '', '0000-00-00'),
(1769, 'BHARAT SINGH DEVRA', 'KALYAN SINGH DEVRA', 'LAXMI KUNWAR DEVRA', '14092002', '', 'MDSSS0216', 0, 9, 0, '', '', '', '', '0000-00-00'),
(1770, 'BHASKER SALVI', 'GOVERDHAN LAL SALVI', 'RANJANA SALVI', '09052003', '', 'MDSSS0604', 0, 9, 0, '', '', '', '', '0000-00-00'),
(1771, 'DARSHI SHAH', 'MITESH MANGALDAS SHAH', 'KINJAL MITESH SHAH', '06112003', '', 'MDSSS4114', 0, 9, 0, '', '', '', '', '0000-00-00'),
(1772, 'DHRUVI  JAIN', 'MUKESH JETMAL JAIN', 'VARSHA JAIN', '05082003', '', 'MDSSS4115', 0, 9, 0, '', '', '', '', '0000-00-00'),
(1773, 'DIVYANI PARMAR', 'AMRIT LAL PARMAR', 'SURAJ', '01112001', '', 'MDSSS1285', 0, 9, 0, '', '', '', '', '0000-00-00'),
(1774, 'GUNGUN MEGHWAL', 'NARENDRA MEGHWAL', 'REENA MEGHWAL', '09092003', '', 'MDSSS1887', 0, 9, 0, '', '', '', '', '0000-00-00'),
(1775, 'HITESHI JAIN', 'ANAND JAIN', 'ANJALI JAIN', '18072002', '', 'MDSSS4101', 0, 9, 0, '', '', '', '', '0000-00-00'),
(1776, 'ISHA JETHANI ', 'GIRDHARI LAL JETHANI', 'VEENA JETHANI', '30052003', '', 'MDSSS0217', 0, 9, 0, '', '', '', '', '0000-00-00'),
(1777, 'JAHNAVI JAIN', 'SUNIL KUMAR JAIN', 'JYOTI JAIN', '22082002', '', 'MDSSS3465', 0, 9, 0, '', '', '', '', '0000-00-00'),
(1778, 'JAYVEER SINGH SISODIYA', 'NAVIN SINGH SISODIYA', 'ANJALI SISODIYA', '21052003', '', 'MDSSS2293', 0, 9, 0, '', '', '', '', '0000-00-00'),
(1779, 'KAILASH PATEL', 'SHANKER LAL PATEL', 'NATHI BHAI PATEL', '29122001', '', 'MDSSS2620', 0, 9, 0, '', '', '', '', '0000-00-00'),
(1780, 'KARNIRAJ SINGH SHAKTAWAT', 'YUVRAJ SINGH SHAKTAWAT', 'SEEMA KUNWAR', '01112002', '', 'MDSSS1255', 0, 9, 0, '', '', '', '', '0000-00-00'),
(1781, 'KASHISH JAIN', 'VINAY JAIN', 'MEENA JAIN', '13022003', '', 'MDSSS4099', 0, 9, 0, '', '', '', '', '0000-00-00'),
(1782, 'KAVITA SHAKTAWAT', 'KALYAN SINGH SHAKTAWAT', 'KRISHNA SHAKTAWAT', '07072002', '', 'MDSSS1952', 0, 9, 0, '', '', '', '', '0000-00-00'),
(1783, 'KHUSH VAIRAGI', 'RADSHYAM VAIRAGI', 'KALA VAIRAGI', '26122003', '', 'MDSSS0935', 0, 9, 0, '', '', '', '', '0000-00-00'),
(1784, 'KIRTAN CHOUDHARY', 'MANOHAR LAL CHOUDHARY', 'ASHA CHOUDHARY', '23112003', '', 'MDSSS0494', 0, 9, 0, '', '', '', '', '0000-00-00'),
(1785, 'KRUTIKA SHAH', 'MR.KAMLESH SHAH', 'REKHA SHAH', '23082003', '', 'MDSSS4103', 0, 9, 0, '', '', '', '', '0000-00-00'),
(1786, 'LAKHAN MALI', 'RAMESH MALI', 'MAYA MALI', '15042002', '', 'MDSSS3483', 0, 9, 0, '', '', '', '', '0000-00-00'),
(1787, 'LAKSHITA SINGH RANAWAT', 'JORAWAR SINGH RANAWAT', 'RENU KUNWAR RANAWAT', '28052003', '', 'MDSSS0223', 0, 9, 0, '', '', '', '', '0000-00-00'),
(1788, 'MAHI JAIN', 'MAHAVIR JAIN', 'VANDANA JAIN', '20042003', '', 'MDSSS4098', 0, 9, 0, '', '', '', '', '0000-00-00'),
(1789, 'MAITRIYA JAIN', 'SHAILESH JAIN', 'REENA JAIN', '19052003', '', 'MDSSS4094', 0, 9, 0, '', '', '', '', '0000-00-00'),
(1790, 'MANAN KOTHARI ', 'SUSHIL KOTHARI', 'MEENA KOTHARI', '14042007', '', 'MDSSS3619', 0, 9, 0, '', '', '', '', '0000-00-00'),
(1791, 'PARINATI JAIN', 'ROMESH JAIN', 'ANUBHUTI JAIN', '12102003', '', 'MDSSS4105', 0, 9, 0, '', '', '', '', '0000-00-00'),
(1792, 'PIYUSH JHALA', 'KALYAN SINGH JHALA', 'UMED JHALA', '24062004', '', 'MDSSS0712', 0, 9, 0, '', '', '', '', '0000-00-00'),
(1793, 'PIYUSH PRADHAN', 'PRAMOD KUMAR PRADHAN', 'KIRATI PRADHAN', '15122004', '', 'MDSSS4091', 0, 9, 0, '', '', '', '', '0000-00-00'),
(1794, 'POOJA DANGI', 'HEERA LAL DANGI', 'DURGA DEVI DANGI', '23012003', '', 'MDSSS1661', 0, 9, 0, '', '', '', '', '0000-00-00'),
(1795, 'PRATEEK SONI', 'RADHESHYAM SONI', 'BHAVANA SONI', '16092004', '', 'MDSSS3713', 0, 9, 0, '', '', '', '', '0000-00-00'),
(1796, 'PREKSHA JAIN', 'MAHENDRA JAIN', 'INDRA JAIN', '21122003', '', 'MDSSS4100', 0, 9, 0, '', '', '', '', '0000-00-00'),
(1797, 'RIDHAM JAIN', 'PAWAN JAIN', 'CHITRA JAIN', '21112003', '', 'MDSSS781', 0, 9, 0, '', '', '', '', '0000-00-00'),
(1798, 'RUSHIKA JAIN', 'ASHWIN JAIN', 'VARSHA JAIN', '20032003', '', 'MDSSS4106', 0, 9, 0, '', '', '', '', '0000-00-00'),
(1799, 'SANWALI JAIN', 'JAYANT JAIN', 'JYOTI JAIN', '18072003', '', 'MDSSS4096', 0, 9, 0, '', '', '', '', '0000-00-00'),
(1800, 'SATVIK PRAJAPAT', 'RANJAN RAJ PRAJAPAT', 'SUSHEELA PRAJAPAT', '02102004', '', 'MDSSS3496', 0, 9, 0, '', '', '', '', '0000-00-00'),
(1801, 'SEJAL DEVRA', 'TAKHAT SINGH DEVRA', 'RADHA KUNWAR DEVRA', '16092003', '', 'MDSSS0732', 0, 9, 0, '', '', '', '', '0000-00-00'),
(1802, 'SHREYA VAISHNAV', 'KALYAN DAS VAISHNAV', 'REEMA VAISHNAV', '02082003', '', 'MDSSS0765', 0, 9, 0, '', '', '', '', '0000-00-00'),
(1803, 'SHRUTI DAVE', 'JITENDRA DAVE', 'RADHIKA DAVE', '24052003', '', 'MDSSS4117', 0, 9, 0, '', '', '', '', '0000-00-00'),
(1804, 'SIDDHI JAIN', 'MAHESH JAIN', 'SAMTA JAIN', '06122003', '', 'MDSSS4092', 0, 9, 0, '', '', '', '', '0000-00-00'),
(1805, 'SRISHTI REGAR', 'BANSHILAL REGAR', 'MOHINI REGAR', '01112002', '', 'MDSSS0281', 0, 9, 0, '', '', '', '', '0000-00-00'),
(1806, 'SWANUBHUTI JAIN', 'UDAYMANI JAIN', 'PRITI JAIN', '28092003', '', 'MDSSS4102', 0, 9, 0, '', '', '', '', '0000-00-00'),
(1807, 'SWASTIKA SINGH SHAKTAWAT', 'INDER SINGH SHAKTAWAT', 'SHOBHA KUNWAR', '17072003', '', 'MDSSS3501', 0, 9, 0, '', '', '', '', '0000-00-00'),
(1808, 'TANISHA JAIN', 'RAJVEER JAIN', 'SAVITA JAIN', '09102003', '', 'MDSSS4104', 0, 9, 0, '', '', '', '', '0000-00-00'),
(1809, 'TARUNA PATEL', 'MAWA RAM PATEL', 'CHANDA DEVI', '09072003', '', 'MDSSS0546', 0, 9, 0, '', '', '', '', '0000-00-00'),
(1810, 'VIDHI JAIN', 'MAHAVEER JAIN', 'PRITI JAIN', '11112003', '', 'MDSSS0742', 0, 9, 0, '', '', '', '', '0000-00-00'),
(1811, 'VIJAY SHARMA', 'RAMESH CHANDRA SHARMA', 'SHOBHNA SHARMA', '24012005', '', 'MDSSS2751', 0, 9, 0, '', '', '', '', '0000-00-00'),
(1812, 'VINITA CHAUHAN', 'BAHADUR NATH CHAUHAN', 'UMA KUNWAR CHAUHAN', '31052003', '', 'MDSSS0471', 0, 9, 0, '', '', '', '', '0000-00-00'),
(1813, 'VINOD REBARI', 'MANGI LAL JI REBARI', 'BHALA BAI', '21032004', '', 'MDSSS0818', 0, 9, 0, '', '', '', '', '0000-00-00'),
(1814, 'ABHISHEK YADAV', 'MR  RAMESH CHAND YADAV', 'MRS  SHARMILA YADAV', '2002-05-30', '994, GYAN NAGAR, SECT  NO  4, HIRAN MAGRI, UDAIPUR', 'MDS-SS-3177', 0, 10, 1, '', '', '', '', '0000-00-00'),
(1815, 'ANKIT PARIKH', 'LATE MR  JAYESH KUMAR PARIKH', 'MRS  PARUL PARIKH', '2002-06-08', 'H NO  1-A-13, BHERAV NAGAR COLONY SECT  NO  7, UDAIPUR', 'MDS-SS-3109', 0, 10, 1, '', '', '', '', '0000-00-00'),
(1816, 'ANURAG CHOUDHARY', 'MR  MOHAN CHOUDHARY', 'MRS  KAMLA CHOUDHARY', '2001-11-27', '61, ROSHAN NAGAR, SAVINA, SECT  NO  12, UDAIPUR', 'MDS-SS-3104', 0, 10, 1, '', '', '', '', '0000-00-00'),
(1817, 'ARSHINA KHAN', 'MR  SHAHID KHAN', 'MRS  SHABNAM KHAN', '2001-09-07', '20, MURSHID NAGAR, SAVINA, UDAIPUR', 'MDS-SS-3174', 0, 10, 1, '', '', '', '', '0000-00-00'),
(1818, 'ARVIND SINGH RATHORE', 'MR  PREM SINGH RATHORE', 'MRS  LALITA KUNWAR RATHORE', '2001-01-03', '2, BARI VILLA SEC  5 HIRAN MAGRI OPP  NARAYAN SEVA SANSTHAN', 'MDS-SS-3165', 0, 10, 1, '', '', '', '', '0000-00-00'),
(1819, 'ASHISH MENARIA', 'MR  SHIV SHANKER MENARIA', 'MRS  DURGA MENARIA', '2001-11-13', 'H NO  603, DHOLI MAGARY, GALI NO  1, PANERIYO KI MADRI, UDAIPUR', 'MDS-SS-3122', 0, 10, 1, '', '', '', '', '0000-00-00'),
(1820, 'ATEEB HAQUE', 'MR  ISRAR UL HAQUE', 'MRS  ISHRAT HAQUE', '2001-12-19', '89, ARIHANT NAGAR SAVINA UDR ', 'MDS-SS-3115', 0, 10, 1, '', '', '', '', '0000-00-00'),
(1821, 'AYUSH JAIN', 'MR  NANALAL JAIN', 'MRS  MANJU JAIN', '2002-04-14', '160, ROOP NAGAR, SECT  NO  3, UDAIPUR', 'MDS-SS-3092', 0, 10, 1, '', '', '', '', '0000-00-00'),
(1822, 'BHAVYA JAIN     ', 'MR  LOKESH JAIN', 'MRS  SONIKA JAIN', '2002-12-05', '583, NEAR ARPAN APARTMENT, HIRAN MAGRI, SECT  NO  11, UDAIPUR', 'MDS-SS-3166', 0, 10, 1, '', '', '', '', '0000-00-00'),
(1823, 'DEEPENDRA SINGH CHUNDAWAT', 'MR  BHUPENDRA SINGH CHUNDAWAT', 'MRS  KAUSHALYA KUNWAR', '2002-02-16', '4-K-5, ADARSH HOUSING SOCIETY, VIDHYA NAGAR, SECT  NO  4, HIRAN MAGRI, UDAIPUR', 'MDS-SS-3123', 0, 10, 1, '', '', '', '', '0000-00-00'),
(1824, 'DEEPESH SHARMA', 'MR  GIRDHARI LAL SHARMA', 'MRS  YASHODA PUSHKARNA SHARMA', '2002-10-03', 'H NO  13, MAHAVEER NAGAR, HIRAN MAGRI, SECTOR NO  4, ROAD NO  3, UDAIPUR', 'MDS-SS-3156', 0, 10, 1, '', '', '', '', '0000-00-00'),
(1825, 'DEEPIKA SHARMA', 'MR  SANJAY SHARMA', 'MRS  PUSHPA SHARMA', '2002-07-01', '815/31, TELIO KA MOHALLA, PUROHITON KI MADRI, MIA, UDAIPUR', 'MDS-SS-3091', 0, 10, 1, '', '', '', '', '0000-00-00'),
(1826, 'DEV MADHWANI', 'MR  BASANT MADHWANI', 'MRS  NEELAM MADHWANI', '2002-01-18', 'E, CLASS COLONY ,D-BLOCK D-27, PRATAP NAGAR, UDAIPUR', 'MDS-SS-3086', 0, 10, 1, '', '', '', '', '0000-00-00'),
(1827, 'DHANUSHA POKHARNA', 'MR  LAXMI LAL POKHARNA', 'MRS  LALITA POKHARNA', '2003-04-10', '19 A, KASHIPURI, MANWA KHEDA HIRAN MAGRI, SEC  NO  5, UDAIPUR', 'MDS-SS-3087', 0, 10, 1, '', '', '', '', '0000-00-00'),
(1828, 'DHWANI CHOUDHARY', 'MR. SHANKAR JAT', 'MRS. NEHA CHOUDHARY', '2003-01-30', '5, KASHI PURI, SEC - 5, UDAIPUR', 'MDS-SS-3068', 0, 10, 1, '', '', '', '', '0000-00-00'),
(1829, 'DILKHUSH SALVI', 'MR  RAMLAL SALVI', 'MRS  KALI BAI SALVI', '2002-01-19', 'BHERU JI KA CHABUTRA, KALADWAS, GIRVA, UDAIPUR', 'MDS-SS-3155', 0, 10, 1, '', '', '', '', '0000-00-00'),
(1830, 'DISHA VAYA', 'MR  VIJAY VAYA', 'MRS  INDU VAYA', '2002-07-01', '32, ROOP NAGAR, HIRAN MAGRI, SECT  NO  3, UDAIPUR', 'MDS-SS-3138', 0, 10, 1, '', '', '', '', '0000-00-00'),
(1831, 'HARSH JOSHI', 'MR  SAMEER JOSHI', 'MRS  RAJANI JOSHI', '2002-10-02', '56, RISHI NAGAR, NEAR GAS GODOWN, HIRAN MAGRI, SECT  NO  3, UDAIPUR', 'MDS-SS-3114', 0, 10, 1, '', '', '', '', '0000-00-00'),
(1832, 'HARSH VARDHAN SINGH CHOUHAN', 'MR. GOVIND SINGH CHOUHAN', 'MRS  JASWANT KUNWAR', '2003-12-11', 'TEKRI, SERWASWAR COLONY, UDAIPUR', 'MDS-SS-3080', 0, 10, 1, '', '', '', '', '0000-00-00'),
(1833, 'HARSHIL  JAIN', 'MR  PUKHRAJ JAIN', 'MRS  KIRAN JAIN', '2001-12-04', '20, SAMATA NAGAR, HIRAN MAGRI, SECT  NO  3, UDAIPUR', 'MDS-SS-3111', 0, 10, 1, '', '', '', '', '0000-00-00'),
(1834, 'HARSHIL JAIN', 'MR  OM PRAKASH JAIN', 'MRS  ARUNA JAIN', '2003-01-19', '35, VIDHYA  NAGAR, SECT  NO  5, UDAIPUR', 'MDS-SS-3069', 0, 10, 1, '', '', '', '', '0000-00-00'),
(1835, 'HARSHIT SHARMA', 'MR  MUKESH SHARMA', 'MRS  VIJAY LAXMI SHARMA', '2002-03-15', '2T9, SHANTI NAGAR, SEC - 5, UDAIPUR', 'MDS-SS-3074', 0, 10, 1, '', '', '', '', '0000-00-00'),
(1836, 'JATIN BANSAL', 'MR  NARESH KUMAR BANSAL', 'MRS  HEMA AGRAWAL', '2002-03-11', 'FLAT NO  -B-40 MANWA KHEDA DWARIKA APARTMENT UDR', 'MDS-SS-3153', 0, 10, 1, '', '', '', '', '0000-00-00'),
(1837, 'JAY PARIKH', 'MR  DHARMENDRA PARIKH', 'MRS  MITTAL PARIKH', '2001-12-19', '119, SECT  NO  3, VIVEK NAGAR, UDAIPUR', 'MDS-SS-3130', 0, 10, 1, '', '', '', '', '0000-00-00'),
(1838, 'JITENDRA LOHAR', 'MR  KANHAIYA LAL LOHAR', 'MRS  SUNITA LOHAR', '2000-12-28', '48, KRISHNA VIHAR COLONY, SECT  NO  4, NEW VIDHYA NAGAR, HIRAN MAGRI, UDAIPUR', 'MDS-SS-3157', 0, 10, 1, '', '', '', '', '0000-00-00'),
(1839, 'KAPIL SWAMI', 'MR  SUNIL SWAMI', 'MRS  MADHU SWAMI', '2002-06-11', 'ARIHANT COLONY HOUSE NO  540 , OPP ROAD NO 3, PUROHITON KI MADRI, UDAIPUR', 'MDS-SS-3100', 0, 10, 1, '', '', '', '', '0000-00-00'),
(1840, 'KARAN SINGH RANAWAT', 'MR  SARDAR SINGH RANAWAT', 'MRS  SHYAMA RANAWAT', '2003-12-21', '1/125, RHB COLONY, GOVERDHAN VILLAS, UDAIPUR', 'MDS-SS-3179', 0, 10, 1, '', '', '', '', '0000-00-00'),
(1841, 'KHUSHI SHARMA', 'MR  ARVIND KUMAR SHARMA', 'MRS  PUSHPLATA SHARMA', '2002-04-23', '1096 GAYAN NAGAR SECTOR NO  4, HIRAN MAGRI, UDAIPUR', 'MDS-SS-3152', 0, 10, 1, '', '', '', '', '0000-00-00'),
(1842, 'LAKSHITA JAIN', 'MR  SUNIL JAIN', 'MRS  SUNITA JAIN', '2001-11-28', '20, SAMATA NAGAR, HIRAN MAGRI, SECT  NO  3, UDAIPUR', 'MDS-SS-3112', 0, 10, 1, '', '', '', '', '0000-00-00'),
(1843, 'LAKSHYA KALASUA', 'MR  PREM PRAKASH', 'MRS  SANGEETA', '2002-01-22', 'PLOT NO  9, SECT  NO  4, HIRAN MAGRI, UDAIPUR', 'MDS-SS-3417', 0, 10, 1, '', '', '', '', '0000-00-00'),
(1844, 'LOKENDRA SINGH CHUNDAWAT', 'LATE MR  KUNDAN SINGH CHUNDAWAT', 'MRS  KANAK KUNWAR', '2001-03-28', '18,  RISHAB SOCIETY TAGORE NAGAR SECT  NO  4, HIRAN MAGRI, UDAIPUR', 'MDS-SS-3139', 0, 10, 1, '', '', '', '', '0000-00-00'),
(1845, 'MAYANK KALRA', 'MR  MUKESH KALRA', 'MRS  RICHA KALRA', '2002-05-19', '1373, BANK COLONY, SHANTI NAGAR, HIRAN MAGRI, SECT  NO  5, UDAIPUR', 'MDS-SS-3161', 0, 10, 1, '', '', '', '', '0000-00-00'),
(1846, 'MOHIT SHARMA', 'MR  PURUSOTTAM SHARMA', 'MRS  NAVEENA SHARMA', '2002-05-20', '327, MDS ROAD OPP  SHIV MANDIR, SECT  NO  3, HIRAN MAGRI, UDAIPUR', 'MDS-SS-3082', 0, 10, 1, '', '', '', '', '0000-00-00'),
(1847, 'MOHSIN RAZZA', 'MR. AYYUB MOHAMMAD', 'MRS. GULSHAN BEGAM', '2003-12-15', 'P.NO. 33-D, NEAR AT VIVEK PARK, VIVEK NAGAR, UDAIPUR', 'MDS-SS-3689', 0, 10, 1, '', '', '', '', '0000-00-00'),
(1848, 'NAKSHTRA KHANDELWAL', 'MR  SANJAY KHANDELWAL', 'MRS  SEEMA GUPTA', '2002-08-16', '48, GANDHI NAGAR, GANDHI COMPLEX  KALKA MATA ROAD, PAHADA, UDAIPUR', 'MDS-SS-3121', 0, 10, 1, '', '', '', '', '0000-00-00'),
(1849, 'NAMAN SHARMA', 'MR. RAJKUMAR SHARMA', 'MRS. ANU RADHA SHARMA', '2002-12-31', 'III, UIT COLONY, OPP. AAKASHWANI, PUROHITON KI MADRI, UDAIPUR', 'MDS-SS-3898', 0, 10, 1, '', '', '', '', '0000-00-00'),
(1850, 'NAYAN SALVI', 'MR  MANGI LAL SALVI', 'MRS  LALITA SALVI', '2002-06-23', '28/142, NEAR SHIV MANDIR, GARIYAWAS, UDAIPUR', 'MDS-SS-3168', 0, 10, 1, '', '', '', '', '0000-00-00'),
(1851, 'NISHANT SHARMA', 'MR  UPENDRA SHARMA', 'MRS  TARUN PRABHA SHARMA', '2002-08-16', '17, LAXMI NARAYAN NAGAR, SECT  9, SAVINA, UDAIPUR', 'MDS-SS-3163', 0, 10, 1, '', '', '', '', '0000-00-00'),
(1852, 'PALASH SHRIMALI', 'MR  MUKESH SHRIMALI', 'MRS  BHARTI SHRIMALI', '2002-01-05', '119, NEAR MAHAVEER ACADEMY SCHOOL, GARIYAWAS, UDAIPUR', 'MDS-SS-3167', 0, 10, 1, '', '', '', '', '0000-00-00'),
(1853, 'SEJAL VEERWANI', 'MR  SATISH KUMAR VEERWANI', 'MRS  REENA VEERWANI', '2003-05-26', '1 J 33, H B C, SEC - 4, UDAIPUR', 'MDS-SS-3128', 0, 10, 1, '', '', '', '', '0000-00-00'),
(1854, 'SHEETAL GARG', 'MR  GANESH GARG', 'MRS  YASHODA GARG', '2001-08-17', 'MDS SCHOOL CAMPUS, SECT  NO  3, HIRAN MAGRI, UDAIPUR', 'MDS-SS-3147', 0, 10, 1, '', '', '', '', '0000-00-00'),
(1855, 'SHRESHTHA PANDYA', 'MR  RAJENDRA PANDYA', 'MRS  SANGEETA PANDYA', '2003-12-11', '9, SAMTA NAGAR, HIRAN MAGRI, SECTOR 3, UDAIPUR', 'MDS-SS-3173', 0, 10, 1, '', '', '', '', '0000-00-00'),
(1856, 'UJJWAL GUPTA', 'MR. KULDEEP GUPTA', 'MRS. RITU GUPTA', '2002-12-25', 'H.NO. 10, VINAYAK NAGAR, SECT. 4, UDAIPUR', 'MDS-SS-3522', 0, 10, 1, '', '', '', '', '0000-00-00'),
(1857, 'UMESH MALLICK', 'MR  KARTIK CHANDRA MALLICK', 'MRS  RUPALI MALLICK', '2003-04-25', '4, SAMTA NAGAR HIRAN MAGRI SEC  3', 'MDS-SS-3136', 0, 10, 1, '', '', '', '', '0000-00-00'),
(1858, 'VAISHNAVI JOSHI', 'MR  HITENDRA JOSHI', 'MRS  SAVITA JOSHI', '2003-02-10', '56-C, SEC - 9, SAVINA, UDAIPUR', 'MDS-SS-3137', 0, 10, 1, '', '', '', '', '0000-00-00'),
(1859, 'YASHVARDHAN SINGH GURJAR', 'MR  PRAVEEN BANSAL', 'MRS  SANGEETA BANSAL', '2004-04-04', 'D-8, GAYATRI NAGAR, SECT  NO  5, UDAIPUR', 'MDS-SS-3392', 0, 10, 1, '', '', '', '', '0000-00-00'),
(1860, 'AADRA SHUKLA ', 'MR. RAHUL SHUKLA ', 'MRS. NIDHI SHUKLA', '2002-09-02', '502-B SILVER SQARE APP. NE VIDHYA NAGAR , HIRAN MAGRI , SEC-4 UDAIPUR', 'MDS-SS-3066', 0, 10, 2, '', '', '', '', '0000-00-00'),
(1861, 'AASHI SRIVASTAVA', 'MR  ASEEM SHANKER SRIVASTAVA', 'MRS  RUCHI SHANKER SRIVASTAVA', '2002-06-13', 'SF-24, GAYATRI NAGAR, SECT  NO  5, HIRAN MAGRI, UDAIPUR', 'MDS-SS-3351', 0, 10, 2, '', '', '', '', '0000-00-00'),
(1862, 'ADHIRAJ CHOUDHARY', 'MR. PRADEEP CHOUDHARY', 'MRS. SONU CHOUDHARY', '2003-01-21', '29, SHUBHAM COMPLEX, OPP. SAVITRI VATIKA, SECT. 4, HIRAN MAGRI, UDAIPUR', 'MDS-SS-3178', 0, 10, 2, '', '', '', '', '0000-00-00'),
(1863, 'ADITI GUPTA', 'MR AMIT GUPTA', 'MRS SHILPA GUPTA', '2002-08-13', '18, GANPATI VIHAR, PANERIYON KI MADRI, UDAIPUR', 'MDS-SS-3858', 0, 10, 2, '', '', '', '', '0000-00-00'),
(1864, 'ADWITEEYA AGARWAL', 'DR. JAIPRAKASH AGARWAL', 'DR NISHA AGARWAL', '2003-01-03', 'WINGS HOSPITAL, NEW BHOPALPURA, BEHIND CPS SCHOOL, UDAIPUR', 'MDS-SS-3863', 0, 10, 2, '', '', '', '', '0000-00-00'),
(1865, 'AKHILA SAJIN ', 'MR. V.K. SAJIN ', 'MRS. LETHIKA SAJIN ', '2002-10-26', 'KARUNA 57 AZAD NAGAR NEAR SAJJANGARH ROAD UDAIPUR', 'MDS-SS-3067', 0, 10, 2, '', '', '', '', '0000-00-00'),
(1866, 'AMARTYA PANWAR', 'MR  NARESH PANWAR', 'MRS  SUNITA ARYA', '2003-10-26', '71-A, SUKUN ADARSH NAGAR, R K  PURAM, TITARADI, UDAIPUR', 'MDS-SS-3341', 0, 10, 2, '', '', '', '', '0000-00-00'),
(1867, 'ANANYA BACHHIWAL', 'MR. LOKESH KUMAR BACHHIWAL', 'MRS. JYOTI BACHHIWAL', '2002-11-19', '11, KESHAV NAGAR, UNIVERSITY ROAD, UDAIPUR', 'MDS-SS-3144', 0, 10, 2, '', '', '', '', '0000-00-00'),
(1868, 'ANJALI NAGDA', 'MR. DINESH NAGDA', 'MRS.TARA NAGDA', '2001-02-08', 'RAKAMPURA ROAD, NAKODA NAGAR, DHAUJI KI BAWARI, PRATAP NAGAR, UDAIPUR', 'MDS-SS-3081', 0, 10, 2, '', '', '', '', '0000-00-00'),
(1869, 'ARPIT MAHESHWARY', 'MR  NIKHIL MAHESHWARY', 'MRS  ANJU MAHESHWARY', '2002-07-04', '21, R K  PURAM, TITARDI, UDAIPUR', 'MDS-SS-3113', 0, 10, 2, '', '', '', '', '0000-00-00'),
(1870, 'ARPITA MEENA', 'MR  BHAGAT RAM MEENA', 'MRS  SUNITA MEENA', '2002-08-29', '4/217, GOVT  QUARTER, PRATAP NAGAR, UDAIPUR', 'MDS-SS-3185', 0, 10, 2, '', '', '', '', '0000-00-00'),
(1871, 'ARZOO BAPNA', 'MR  RAJ KUMAR BAPNA', 'DR  ANJU BAPNA', '2001-11-12', '10, MAHAVIR COLONY, SECT  4, UDAIPUR', 'MDS-SS-3196', 0, 10, 2, '', '', '', '', '0000-00-00'),
(1872, 'AYUSH SAHU', 'MR  MUKESH KUMAR SAHU', 'MRS  REKHA JARWAR', '2002-09-25', '28, SHIV COLONY, NEW SWAMI NAGAR, TEKRI MADRI LINK ROAD, UDAIPUR', 'MDS-SS-3215', 0, 10, 2, '', '', '', '', '0000-00-00'),
(1873, 'CHARVI UPADHYAY', 'MR  VINAY UPADHYAY', 'DR  SEEMA UPADHYAY', '2001-10-04', 'FLAT NO  105, RAJ KAMAL APPARTMENT, BEDLA BEDGON LINK ROAD, UDAIPUR', 'MDS-SS-3346', 0, 10, 2, '', '', '', '', '0000-00-00'),
(1874, 'CHETAN MAHESHWARI', 'MR  UMESH MAHESHWARI', 'MRS  SITA MAHESHWARI', '2001-10-04', '23, GANPATI VIHAR, SIDDHARTH COMPLEX, SECT  NO  5, HIRAN MAGRI , UDAIPUR', 'MDS-SS-3164', 0, 10, 2, '', '', '', '', '0000-00-00'),
(1875, 'CHIRAG MEHTA', 'MR. HEMENDRA MEHTA', 'MRS. INDIRA MEHTA', '2002-04-13', '51, SAMTA NAGAR, HIRAN MAGRI, SECT. 3, OPP. MDS SR. SEC. SCHOOL, UDAIPUR', 'MDS-SS-3261', 0, 10, 2, '', '', '', '', '0000-00-00');
INSERT INTO `student` (`id`, `name`, `father_name`, `mother_name`, `dob`, `address`, `scholar_no`, `roll_no`, `class_id`, `section_id`, `mobile_no`, `faculty`, `batch`, `pdf_path`, `pdf_update_date`) VALUES
(1876, 'DEEPAK DHAKAR', 'MR  SHOBHARAM', 'MRS  MANJU BAI', '2003-07-27', 'AATA, TEH  JAWAD, DISTT  NEEMUCH', 'MDS-SS-3332', 0, 10, 2, '', '', '', '', '0000-00-00'),
(1877, 'DEVMITRA JAWALIA', 'MR  DEVENDRA JAWALIA', 'DR  MAITREYEE JAWALIA', '2002-01-12', '101, HAMIR GADH HOUSE, BHATTIYANI CHOHATTA, UDAIPUR', 'MDS-SS-3159', 0, 10, 2, '', '', '', '', '0000-00-00'),
(1878, 'DEVRAJ SINGH CHOUHAN', 'DR  DEVENDRA SINGH CHOUHAN', 'MRS  YASHWANT CHUNDAWAT', '2002-07-01', '68-J P  NAGAR, SECT  NO  8, HIRAN MAGRI, UDAIPUR', 'MDS-SS-3267', 0, 10, 2, '', '', '', '', '0000-00-00'),
(1879, 'DHRUV SEN', 'MR  RAKESH SEN', 'MRS  ANU SEN', '2002-03-08', '78-79, FLORA COMPLEX, ROAD NO  1, PULA, UDAIPUR', 'MDS-SS-3280', 0, 10, 2, '', '', '', '', '0000-00-00'),
(1880, 'HARMISH SONI', 'MR  DILIP KUMAR SONI', 'MRS  MEGHNA SONI', '2002-03-24', '21, SAMTA NAGAR, BEDLA, UDAIPUR', 'MDS-SS-3329', 0, 10, 2, '', '', '', '', '0000-00-00'),
(1881, 'HARSH JAIN ', 'MR. JITENDRA JAIN', 'MRS. ANITA JAIN', '2002-10-29', '34, ANUBHRAT NAGAR, HIRAN MAGRI, SECT. 4, UDAIPUR', 'MDS-SS-3684', 0, 10, 2, '', '', '', '', '0000-00-00'),
(1882, 'HARSHAL JAIN', 'MR  VINOD KUMAR JAIN', 'MRS  RUPAL JAIN', '2001-12-04', '26, SHIV COLONY, KALKA MATA LINK ROAD, UDAIPUR ', 'MDS-SS-3079', 0, 10, 2, '', '', '', '', '0000-00-00'),
(1883, 'ISHA JAIN', 'MR. AKSHAY JAIN', 'MRS. ANITA JAIN', '2002-02-26', '27, NEW MANGLAM, SHOBHAGPURA, UDAIPUR', 'MDS-SS-3905', 0, 10, 2, '', '', '', '', '0000-00-00'),
(1884, 'JAGRAT CHATURVEDI', 'MR  KULDEEP CHATURVEDI', 'DR  SHABNAM CHATURVEDI', '2002-08-04', '10, PREM NAGAR, ROOPSAGAR MARG, UNIVERSITY ROAD, UDAIPUR', 'MDS-SS-3071', 0, 10, 2, '', '', '', '', '0000-00-00'),
(1885, 'JAI SHARMA', 'MR. SUMIT SHARMA', 'MRS. HEMLATA SHARMA', '2003-01-31', '1-J-2, MEERA MARG, SECT. NO. 11, UDAIPUR', 'MDS-SS-3635', 0, 10, 2, '', '', '', '', '0000-00-00'),
(1886, 'KARMENDRA MAHAWAR', 'MR  HUKAM SINGH', 'MRS  KIRAN', '2002-06-11', '3/382, HOUSING BOARD COLONY, GOVERDHAN VILAS, SECT  NO  14, UDAIPUR', 'MDS-SS-3070', 0, 10, 2, '', '', '', '', '0000-00-00'),
(1887, 'KAVISHA DARDA', 'MR SANJAY DARDA', 'MRS PREETI DARDA', '2001-11-05', '35, RAVENDRA NAGAR, 7KH PRATAP NAGAR, UDAIPUR (90 A BLOCK, SAHELI NAGAR, NEAR ORBIT COMPLEX, UDAIPUR)', 'MDS-SS-3889', 0, 10, 2, '', '', '', '', '0000-00-00'),
(1888, 'KHYATI SHAH', 'MR  SHAILESH SHAH', 'MRS  NEELAM SHAH', '2002-05-03', '6/4, RHB COLONY, SECT  NO  14, GOVERDHAN VILAS, UDAIPUR', 'MDS-SS-3145', 0, 10, 2, '', '', '', '', '0000-00-00'),
(1889, 'KOUSTUBH MANE', 'MR. VIJAY MANE', 'MRS. SUJATA MANE', '2003-11-26', '81, KRISHANA VIHAR, DHEEKLI ROAD, PRATAPA NAGAR, UDAIPUR', 'MDS-SS-3140', 0, 10, 2, '', '', '', '', '0000-00-00'),
(1890, 'KRISH PRATAP RAJ', 'MR  ANIL KUMAR DAS', 'MRS  MEENA KUMARI', '2003-03-22', 'DGMS COLONY, QTR  NO   V/1, SECT  6, NEAR J B  HISPITAL, HIRAN MAGRI, UDAIPUR', 'MDS-SS-3379', 0, 10, 2, '', '', '', '', '0000-00-00'),
(1891, 'MANSI SAHU', 'MR  RAJAN SAHU', 'MRS  SAROJ SAHU', '2002-03-26', '17, FRIENDS COLONY, NEW BHOPALPURA, KHARAKUA, UDAIPUR', 'MDS-SS-3295', 0, 10, 2, '', '', '', '', '0000-00-00'),
(1892, 'MOHAMMED AMAAN', 'MR  FIROZ MOHAMMED', 'MRS  BIRJEES FATIMA', '2003-05-12', '218, MANSURI PARK, MULLA TALAI, UDAIPUR', 'MDS-SS-3234', 0, 10, 2, '', '', '', '', '0000-00-00'),
(1893, 'MRIDUL SISODIYA', 'MR  VIMAL PRAKASH SISODIYA', 'MRS  MEERA SISODIYA', '2002-01-03', 'PLOT NO  106, SIDDHI VINAYAK PARK, CA CIRCLE, H M  SECT  14, UDAIPUR', 'MDS-SS-3247', 0, 10, 2, '', '', '', '', '0000-00-00'),
(1894, 'MUKUL DANGI', 'MR  UDAI LAL DANGI', 'MRS   ANITA DANGI', '2002-07-13', '613, KANPUR NEAR MANDHLIYA TEMPLE UDR ', 'MDS-SS-3135', 0, 10, 2, '', '', '', '', '0000-00-00'),
(1895, 'NIKHIL KUMAR', 'MR  DHANIRAM KAMAL', 'MRS  SARASWATI', '2001-07-03', '4 A CHIRAG COMPLEX PANERIO KI MADRI', 'MDS-SS-3083', 0, 10, 2, '', '', '', '', '0000-00-00'),
(1896, 'PAVITRA SHARMA', 'MR. OM PRAKASH SHARMA', 'MRS. LAAD SHARMA', '2002-05-22', 'FLAT NO. 604, SWILVER PALACE APPARTMENT, ASHIRWAD NAGAR, ROOP SAGAR ROAD, OPP. ANUSHRI VATIKA, UDAIPUR', 'MDS-SS-3191', 0, 10, 2, '', '', '', '', '0000-00-00'),
(1897, 'PRABHAV MAHESHWARI', 'MR  KAMAL NAYAN NYATI', 'MRS  SITA NYATI', '2003-01-15', 'K-404, RADHA KRISHN APPTS, NEW VIDHYANAGAR, SECT  NO  4, HIRAN MAGRI, UDAIPUR', 'MDS-SS-3146', 0, 10, 2, '', '', '', '', '0000-00-00'),
(1898, 'PRATYUSH PAREEK', 'MR  LOKESH PAREEK', 'MRS  MEGHA PAREEK', '2002-06-18', '45, SAMTA NAGAR, SECTOR NO  3, HIRAN MAGRI, UDAIPUR', 'MDS-SS-3097', 0, 10, 2, '', '', '', '', '0000-00-00'),
(1899, 'PRIYANSH JHALORA', 'MR. FATEH LAL JHALORA', 'DR. PRIYANKA JHALORA', '2002-06-19', '03, DEWAL, FATEHPURA, UDAIPUR', 'MDS-SS-3897', 0, 10, 2, '', '', '', '', '0000-00-00'),
(1900, 'PURVI AGRAWAL', 'MR  MUKESH AGRAWAL', 'MRS  RANJANA AGRAWAL', '2003-04-16', '28, HARSH NIKUNJ HANUMAN NAGAR MANWA KHEDA', 'MDS-SS-3076', 0, 10, 2, '', '', '', '', '0000-00-00'),
(1901, 'RAJAT MISHRA', 'MR  MAYANK MISHRA', 'MRS  ANUPA MISHRA', '2002-10-08', '115/3, SHANTI NIKETAN APPARTMENT, FLAT NO  T-2, ASHOK NAGAR, UDAIPUR', 'MDS-SS-3106', 0, 10, 2, '', '', '', '', '0000-00-00'),
(1902, 'RAJAT TALDAR', 'MR  MANISH TALDAR', 'MRS  NEETU TALDAR', '2001-10-18', '53-54-B, SHAKTI NAGAR, UDAIPUR', 'MDS-SS-3271', 0, 10, 2, '', '', '', '', '0000-00-00'),
(1903, 'RINKLE CHAPLOT', 'MR  RAKESH CHAPLOT', 'MRS  SANGEETA CHAPLOT', '2002-12-28', '66, HIRAN MAGRI, SECTOR 3, NEAR VIKAS HOSPITAL, UDAIPUR', 'MDS-SS-3337', 0, 10, 2, '', '', '', '', '0000-00-00'),
(1904, 'RISHIKA JAIN', 'MR  SHAILENDRA JAIN', 'MRS  PURNIMA JAIN', '2002-12-29', '30/EKLING COLONY, HIRAN MAGRI, SECT  3, BEHIND RELIANCE FRESH, UDAIPUR', 'MDS-SS-3423', 0, 10, 2, '', '', '', '', '0000-00-00'),
(1905, 'ROHIT SINHA', 'MR  RAVI SHANKAR SINHA', 'MRS  GITA SINHA', '2001-12-08', '6B3, ZINC PARK, MOTI MAGRI SCHEME, UDAIPUR', 'MDS-SS-3077', 0, 10, 2, '', '', '', '', '0000-00-00'),
(1906, 'ROMIR MEHTA', 'MR. JAINENDRA MEHTA', 'MRS. VINITA MEHTA', '2002-08-15', 'QUARTER NO. 11, JAIN MANDI ROAD, SECTOR 4, UDAIPUR', 'MDS-SS-3293', 0, 10, 2, '', '', '', '', '0000-00-00'),
(1907, 'SACHIN DHAKER', 'MR. SATYANARAYAN DHAKER', 'MRS. SUMITRA DEVI', '2003-02-10', 'FLAT.NO 202,115/CC NEAR STATE BANK OF PATIALA , SEC-4 HIRAN MAGRI , UDAIPUR', 'MDS-SS-3625', 0, 10, 2, '', '', '', '', '0000-00-00'),
(1908, 'SAKSHI GUPTA', 'DR. MAHESH KUMAR GUPTA', 'DR. BEENA GUPTA', '2002-08-19', '5, VIDYA VIHAR COLONY, SOUTH SUNDERWAS, UDAIPUR', 'MDS-SS-4035', 0, 10, 2, '', '', '', '', '0000-00-00'),
(1909, 'SANIDHYA PORWAL', 'MR  DEVENDRA PORWAL', 'MRS  MAYA PORWAL', '2002-06-01', '52, TILAK NAGAR, SECT  NO  3, HIRAN MAGRI, UDAIPUR', 'MDS-SS-3089', 0, 10, 2, '', '', '', '', '0000-00-00'),
(1910, 'SAUMYA DOSHI', 'MR  JAYANT DOSHI', 'MRS  MEETU DOSHI', '2002-09-19', 'MAIN MARKET, SADAR BAZAR, SALUMBER', 'MDS-SS-3315', 0, 10, 2, '', '', '', '', '0000-00-00'),
(1911, 'SHIKHAR JOSHI', 'MR  RAJESH KUMAR JOSHI', 'MRS  BHAVANA JOSHI', '2003-03-13', '03, SHIV NAGAR, PANERION KI MADRI, UDAIPUR', 'MDS-SS-3096', 0, 10, 2, '', '', '', '', '0000-00-00'),
(1912, 'SHYAM SUNDER DHAKER', 'MR  BABU LAL DHAKER', 'MRS  DURGA DHAKER', '2002-07-01', 'POST AMARPURA, RAWAT KATALAB, CHITTORGARH', 'MDS-SS-3331', 0, 10, 2, '', '', '', '', '0000-00-00'),
(1913, 'TARSHVI BHANDARI', 'MR. ASHOK BHANDARI', 'MRS. RITU BHANDARI', '2002-01-08', '92/6, ASHOK NAGAR, UDAIPUR', 'MDS-SS-3338', 0, 10, 2, '', '', '', '', '0000-00-00'),
(1914, 'TEJAS INGALE ', 'MR. BASAVARAJ INGALE', 'MRS. ANITA INGALE ', '2002-03-09', 'I-III/ 4 FRU COMPLEX SAJJAN NAGAR UDAIPUR', 'MDS-SS-3075', 0, 10, 2, '', '', '', '', '0000-00-00'),
(1915, 'VIDUSHI JOSHI', 'MR. AVADHESH KUMAR JOSHI', 'MRS. RACHNA JOSHI', '2002-09-01', 'A-37 , AADASH HOUSING SOCIETY VIDYA NAGAR SEC-4 , UDAIPUR', 'MDS-SS-3274', 0, 10, 2, '', '', '', '', '0000-00-00'),
(1916, 'VIDIT BAYA', 'MR. VINEET BAYA', 'MRS. VIDHI BAYA', '2001-12-22', 'H.NO. 4, NORTH SUNDERWAS, VIDHYA VIHAR COLONY, UDAIPUR', 'MDS-SS-4037', 0, 10, 2, '', '', '', '', '0000-00-00'),
(1917, 'VIJANSH AGARWAL', 'MR  VINAY AGARWAL', 'MRS  NEERU AGARWAL', '2002-03-21', '101-B SANSKAR II APARTMENT NEW NAVRATAN COMPLEX', 'MDS-SS-3170', 0, 10, 2, '', '', '', '', '0000-00-00'),
(1918, 'YASH JAIN', 'MR  MAHESH JAIN', 'MRS  KIRAN JAIN', '2001-12-14', 'H NO  28, NEW SAROJ COLONY, KALAJI GORAJI, UDAIPUR', 'MDS-SS-3330', 0, 10, 2, '', '', '', '', '0000-00-00'),
(1919, 'YASH SHAH', 'MR  YOGESH SHAH', 'MRS  ANJALI SHAH', '2003-02-24', 'SWASTIK COLONY, 20, SHOPS BACKWARD, KHERWARA', 'MDS-SS-3294', 0, 10, 2, '', '', '', '', '0000-00-00'),
(1920, 'AMAN JAIN', 'MR  RISHABH JAIN', 'MRS  ANJANA JAIN', '2002-03-09', '140, ROOP NAGAR, HIRAN MAGRI, SEC 3  NO  3, UDAIPUR', 'MDS-SS-3110', 0, 10, 6, '', '', '', '', '0000-00-00'),
(1921, 'ANSHIKA BAPNA', 'MR  AJAY BAPNA', 'MRS  PRIYANKA BAPNA', '2002-04-12', 'C/O  SHRI SUSHIL BAPNA, BAPNA GAS, UDAIPUR', 'MDS-SS-3254', 0, 10, 6, '', '', '', '', '0000-00-00'),
(1922, 'ANURAG JOSHI', 'MR  BHARAT JOSHI', 'MRS  SUSHMA JOSHI', '2002-11-21', '68, ROAD NO  3 SUBHASH NAGAR OPP  BN COLLEGE UDR ', 'MDS-SS-3072', 0, 10, 6, '', '', '', '', '0000-00-00'),
(1923, 'ANURAG MISHRA', 'MR  NEERAJ MISHRA', 'MRS  ANITA MISHRA', '2002-02-18', '05 NAKODA NAGAR HIRAN MAGRI SEC  3', 'MDS-SS-3084', 0, 10, 6, '', '', '', '', '0000-00-00'),
(1924, 'AYUSH SURANA', 'MR  MAHENDRA SURANA', 'MRS  SWEETY SURANA', '2003-06-25', 'MANAK CHOWK, GOGUNDA, UDAIPUR', 'MDS-SS-3262', 0, 10, 6, '', '', '', '', '0000-00-00'),
(1925, 'AYUSHI KOTHARI', 'MR  DHANPAL KOTHARI', 'MRS  RENUKA KOTHARI', '2002-04-01', 'NIRMAL NAGAR, SECT  NO  3, NEAR MDS SCHOOL, UDAIPUR', 'MDS-SS-3427', 0, 10, 6, '', '', '', '', '0000-00-00'),
(1926, 'BHAWESH PANDIYAR', 'MR  KANHAIYA LAL SAHU', 'MRS  SAROJ SAHU', '2001-11-19', '41, SATYNARAYAN MARG, CHOTTI BRAHMPURI, AMAL KA KANTA, UDAIPUR', 'MDS-SS-3358', 0, 10, 6, '', '', '', '', '0000-00-00'),
(1927, 'BHUMIN KUMAWAT', 'MR  JYOTI PRAKASH KUMAWAT', 'MRS  RENU KUMAWAT', '2002-03-09', 'D-3, SOUTH SUNDERWAS, BEHIND DHARTIDHAN FACTORY, UDAIPUR', 'MDS-SS-3073', 0, 10, 6, '', '', '', '', '0000-00-00'),
(1928, 'CHAITRA ARORA', 'MR  RAVI PRAKASH ARORA', 'MRS  VEENA ARORA', '2002-09-24', '784, SWAMI NAGAR, TEKRI MADRI ROAD, UDAIPUR', 'MDS-SS-3088', 0, 10, 6, '', '', '', '', '0000-00-00'),
(1929, 'DEVRAJ CHOUDHARY', 'MR  CHHAGAN LAL JAT', 'MRS  SANTOSH JAT', '2002-04-20', 'B-2, VALLABH EMPIRE, NEW NAVRATAN COMPLEX, BHUWANA, UDAIPUR', 'MDS-SS-3248', 0, 10, 6, '', '', '', '', '0000-00-00'),
(1930, 'DHANISHA RAWAL', 'MR  PUSHKAR RAWAL', 'MRS  INDIRA RAWAL', '2002-02-09', '34/35, GAYATRI NAGAR, UNIVERSITY ROAD, UDAIPUR', 'MDS-SS-3339', 0, 10, 6, '', '', '', '', '0000-00-00'),
(1931, 'DIYA SINGH ATTRAY', 'MR  VIVEK CHOUDHARY', 'MRS  SMITA CHOUDHARY', '2002-12-12', '51, TRIMURTI COMPLEX, SECT  NO  4, UDAIPUR', 'MDS-SS-3108', 0, 10, 6, '', '', '', '', '0000-00-00'),
(1932, 'GARIMA PARMAR', 'MR RAKESH KUMAR PARMAR', 'Mrs  Hemlata Parmar', '2001-12-18', '364, A, GAS GODAM ROAD HIRAN MAGRI SEC, 3 UDR ', 'MDS-SS-3150', 0, 10, 6, '', '', '', '', '0000-00-00'),
(1933, 'GARV JAIN', 'MR  MANI LAL JAIN', 'MRS  SUMITRA JAIN', '2003-07-27', '1-MA-54, HOUSING BOARD COLONY, HIRAN MAGRI, SECT  NO  4, UDAIPUR', 'MDS-SS-3286', 0, 10, 6, '', '', '', '', '0000-00-00'),
(1934, 'HARENDRA GOCHAR', 'MR  RAJESH GOCHAR', 'MRS  REENA GOCHAR', '2003-05-09', 'HOUSE NO  32, WARD A SOUTH, SUNDERWAS, UDAIPUR', 'MDS-SS-3119', 0, 10, 6, '', '', '', '', '0000-00-00'),
(1935, 'JYOTSNA PATNAIK', 'MR. S.  SRINIVAS', 'MRS  BHARATI SADASIVUNI', '2002-02-11', '23, GAYATRI NAGAR, SEC  NO  5 UDR ', 'MDS-SS-3078', 0, 10, 6, '', '', '', '', '0000-00-00'),
(1936, 'KHUSHI AASURIYA', 'MR  ROSHAN AASURIYA', 'MRS  SAROJ AASURIYA', '2002-09-18', '14, ANAND VIHAR, HIRAN MAGRI, SECT  NO  4, UDAIPUR', 'MDS-SS-3133', 0, 10, 6, '', '', '', '', '0000-00-00'),
(1937, 'KHUSHI KOTHARI', 'MR  SANJAY KOTHARI', 'MRS  SUNITA KOTHARI', '2002-09-29', 'D-8, RAGHUKUL COMPLEX, SUBHASH NAGAR, UDAIPUR', 'MDS-SS-3134', 0, 10, 6, '', '', '', '', '0000-00-00'),
(1938, 'KRITIKA VAGRECHA', 'MR  SUNIL VAGRECHA', 'MRS  TARA VAGRECHA', '2002-09-30', 'H NO  270, SHASTRI NAGAR, SECT  NO  3, HIRAN MAGRI, UDAIPUR', 'MDS-SS-3117', 0, 10, 6, '', '', '', '', '0000-00-00'),
(1939, 'KUMKUM WADHWANI', 'MR  GURUMUKH WADHWANI', 'MRS  VARSHA WADHWANI', '2002-09-01', '57, A BLOCK ,C CLASS PRATAP NAGAR UDR,', 'MDS-SS-3124', 0, 10, 6, '', '', '', '', '0000-00-00'),
(1940, 'MAHIPAL SINGH DEVRA', 'MR  ANOP SINGH DOVRA', 'MRS  OSHAB KUMARI PANWAR', '2001-12-06', '20-A, KAPIL VIHAR, BEDWAS, UDAIPUR', 'MDS-SS-3359', 0, 10, 6, '', '', '', '', '0000-00-00'),
(1941, 'MANAN JAIN ', 'MR. SUSHIL KUMAR JAIN', 'MRS. SEEMA JAIN ', '2002-10-04', '3-V-3  PRABHAT NAGAR, HIRAN MAGRI SEC-5 UDAIPUR', 'MDS-SS-3095', 0, 10, 6, '', '', '', '', '0000-00-00'),
(1942, 'MEGHA WADHWANI', 'MR  SURESH WADHWANI', 'MRS  HIRANSHI WADHWANI', '2002-12-24', 'H NO  4-K-31, HIRAN MAGRI, SECT  NO  4, HOUSING BOARD COLONY, UDAIPUR', 'MDS-SS-3125', 0, 10, 6, '', '', '', '', '0000-00-00'),
(1943, 'MITAKSH GOUR', 'MR  MAHESH GOUR', 'MRS  SANGEETA GOUR', '2002-01-31', '18-C ANAND VIHAR NEW MALI COLONY', 'MDS-SS-3169', 0, 10, 6, '', '', '', '', '0000-00-00'),
(1944, 'NAMAN BHATT', 'MR. HITENDRA BHATT', 'MRS. DAKSHA BHATT', '11/05/2002.', '5, LAXMINARAYAN NAGAR, BHATTMEVADA COLONY, SAVINA, UDAIPUR', 'MDS-SS-3436', 0, 10, 6, '', '', '', '', '0000-00-00'),
(1945, 'NIDHI CHAUDHARY', 'MR  VERENDRA SINGH CHAUDHARY', 'MRS  MONIKA CHAUDHARY', '2001-01-30', 'A-207, DWARKA APPARTMENT, MANVA KHEDA, SEC  5 UDAIPUR', 'MDS-SS-3094', 0, 10, 6, '', '', '', '', '0000-00-00'),
(1946, 'NISHCHAYA SONARTHI', 'MR  VISHNU LAL SALVI', 'MRS  GEETA SALVI', '2002-05-28', '3/43, HBC PRATAP NAGAR, UDAIPUR', 'MDS-SS-3333', 0, 10, 6, '', '', '', '', '0000-00-00'),
(1947, 'OM PARMAR', 'MR  PRAVEEN PARMAR', 'MRS  VANDANA PARMAR', '2002-06-10', '4, JYOTI NAGAR, BEHIND VAISHALI APARTMENT, HIRAN MAGRI, UDAIPUR', 'MDS-SS-3085', 0, 10, 6, '', '', '', '', '0000-00-00'),
(1948, 'PRACHI SHARMA', 'MR  KULDEEP SHARMA', 'MRS  PINKI SHARMA', '2002-08-11', '16/1125, MEERA COLONY, NORTH AYAD, UDAIPUR', 'MDS-SS-3268', 0, 10, 6, '', '', '', '', '0000-00-00'),
(1949, 'PRANVIR SINGH SHAKTAWAT', 'MR  PRAHLAD SINGH SHAKTAWAT', 'MRS  NAND KUNWAR', '2002-12-27', '606, RIVER VIEW APPARTMENT, SUBHASH NAGAR, UDAIPUR', 'MDS-SS-3277', 0, 10, 6, '', '', '', '', '0000-00-00'),
(1950, 'RAJAT CHOUHAN', 'MR  SURESH KUMAR  CHOUHAN', 'MRS  SHAKUNTLA CHOUHAN', '2002-07-18', 'KENDRIYA VIDYALAYA NO  1, STAFF QTRS  NO  3, TYPE-III, PRATAP NAGAR, UDAIPUR', 'MDS-SS-3142', 0, 10, 6, '', '', '', '', '0000-00-00'),
(1951, 'RISHI CHOUBISA', 'MR  DEVENDRA CHOUBISA', 'MRS  ANJANA CHOUBISA', '2001-01-25', '2, SAMTA NAGAR, SECT  NO  3, UDAIPUR', 'MDS-SS-3381', 0, 10, 6, '', '', '', '', '0000-00-00'),
(1952, 'RITESH MAHESHWARI', 'MR  DILIP MAHESHWARI', 'MRS  PRABHA MAHESHWARI', '2002-08-14', '9, BAHUBALI COLONY, BOHRA GANESH ROAD, UDAIPUR', 'MDS-SS-3176', 0, 10, 6, '', '', '', '', '0000-00-00'),
(1953, 'SAHIL BHAWNANI', 'MR  KISHORE KUMAR BHAWNANI', 'MRS  RAJNI BHAWNANI', '2003-01-27', 'T-5 NEAR UDAIPUR HIRAN MAGRI SEC  5', 'MDS-SS-3154', 0, 10, 6, '', '', '', '', '0000-00-00'),
(1954, 'SAMYAK SURANA', 'MR  PANKAJ SURANA', 'MRS  PRATIBHA SURANA', '2002-11-22', '4-K-13, HIRAN MAGRI, SECT  NO  4, HOUSING BOARD COLONY, UDAIPUR', 'MDS-SS-3296', 0, 10, 6, '', '', '', '', '0000-00-00'),
(1955, 'SHAILESH MEGHWAL', 'MR  BHERU LAL MEGHWAL', 'MRS  LAJWANTI MEGHWAL', '2003-06-30', 'SAMTA NAGAR SEC  3 HIRAN MAGRI', 'MDS-SS-3118', 0, 10, 6, '', '', '', '', '0000-00-00'),
(1956, 'SHIKHA JOSHI', 'MR  PURSHOTAM JOSHI', 'MRS  BASANTI DEVI JOSHI', '2002-08-23', 'NEAR SENIOR SEC  SCHOOL,PLOT NO  24 PANERIYON KI MADRI, UDAIPUR', 'MDS-SS-3160', 0, 10, 6, '', '', '', '', '0000-00-00'),
(1957, 'SHIVAKSHA CHOUBISA', 'MR  SHYAM SUNDER CHOUBISA', 'MRS  GEETA CHOUBISA', '2002-01-08', '101, NORTH AYAD, SUTHARWADA, UDAIPUR', 'MDS-SS-3340', 0, 10, 6, '', '', '', '', '0000-00-00'),
(1958, 'SHOURY PRATAP SINGH SISODIYA', 'MR  MAHIPAL SINGHSISODIYA', 'MRS  REKHA SISODIYA', '2002-05-05', '165, SUBHASH NAGAR, UDAIPUR', 'MDS-SS-3398', 0, 10, 6, '', '', '', '', '0000-00-00'),
(1959, 'SIMRAN SHEKHAWAT', 'MR  SURENDRA SINGH SHEKHAWAT', 'MRS  DHEERAJ KANWAR', '2001-12-19', '765-66 SURYA NAGAR SEC  3', 'MDS-SS-3151', 0, 10, 6, '', '', '', '', '0000-00-00'),
(1960, 'SNEH SHRIVASTAVA', 'MR  SANJAY SHRIVASTAVA', 'MRS  NEHA SHRIVASTAVA', '2002-04-19', '81-D, BLOCK, UIT ROAD NO  4, PUROHITO KI MADRI, UDAIPUR', 'MDS-SS-3143', 0, 10, 6, '', '', '', '', '0000-00-00'),
(1961, 'SUSHMITA MEGHWAL', 'MR  BHANWAR LAL MEGHWAL', 'MRS  NARWADA MEGHWAL', '2003-07-17', '98-C HIRAN MAGRI SEC  9 SAVINA', 'MDS-SS-3102', 0, 10, 6, '', '', '', '', '0000-00-00'),
(1962, 'TUSHYA SANJAY', 'MR  SANJAY KAMAL', 'MRS  SUNITA V  PANICKER', '2002-05-24', '4, KHUSHAL BAGH KESHAV 1  NR  JAIN MANDIR, UNIVERSITY ROAD, UDAIPUR', 'MDS-SS-3101', 0, 10, 6, '', '', '', '', '0000-00-00'),
(1963, 'VAIBHAV CHOUDHARY', 'MR  JASWANT SINGH', 'MRS  VIMLESH CHOUDHARY', '2003-06-20', '21, SAMTA NAGAR, OPP  MDS, SECT  NO  3, HIRAN MAGRI, UDAIPUR', 'MDS-SS-3098', 0, 10, 6, '', '', '', '', '0000-00-00'),
(1964, 'VANSHIKA BAJAJ', 'MR  PRAVEEN BAJAJ', 'MRS  SUNITA BAJAJ', '2001-12-27', '215, JYOTI COLONY, KHEMPURA, PRATAP NAGAR  UDAIPUR', 'MDS-SS-3126', 0, 10, 6, '', '', '', '', '0000-00-00'),
(1965, 'VIDHA KATHAIT', 'MR. BHUPENDRA SINGH KATHAIT', 'MRS. JAYANTI KATHAIT ', '2002-06-10', '1278 ADARSH NAGAR , HIRAN MAGRI , SEC-4 , UDAIPUR', 'MDS-SS-3093', 0, 10, 6, '', '', '', '', '0000-00-00'),
(1966, 'VIDHI VISHVAKARMA', 'MR. DINESH CHANDRA VISHVAKARMA', 'MRS. PURNIMA SHARMA', '2003-12-19', '65, SOBHAGYA NAGAR, NEAR SOMNATH TEMPLE, RAKAMPURA ROAD, BEDWAS, UDAIPUR', 'MDS-SS-3120', 0, 10, 6, '', '', '', '', '0000-00-00'),
(1967, 'VIDISHA DUNGARWAL', 'MR  PAVAN DUNGARWAL', 'MRS  MEENAKSHI DUNGARWAL', '2002-05-14', '5, NEMI NAGAR, NOKHA ROAD, HIRAN MAGRI, SECT  NO  3, UDAIPUR', 'MDS-SS-3127', 0, 10, 6, '', '', '', '', '0000-00-00'),
(1968, 'VINEET INTODIA', 'MR  HARISH INTODIA', 'MRS  UPASANA BABEL', '2003-03-11', '18, ANAND VIHAR-I, TULSI NAGAR, TEKRI MADRI ROAD, UDAIPUR', 'MDS-SS-3107', 0, 10, 6, '', '', '', '', '0000-00-00'),
(1969, 'VISHAL JAIN', 'MR  LAXMI LAL JAIN', 'MRS  KAVITA JAIN', '2001-03-29', 'VILLAGE LAKADWAS, JAIN COLONY NEAR CHARBHUJA MANDIR', 'MDS-SS-3090', 0, 10, 6, '', '', '', '', '0000-00-00'),
(1970, 'YAMINI SHARMA', 'MR  RAMESH SHARMA', 'MRS  ANITA SHARMA', '2002-02-07', '521, KALAJI GORAJI, GULAB BAG ROAD, UDAIPUR', 'MDS-SS-3310', 0, 10, 6, '', '', '', '', '0000-00-00'),
(1971, 'YEARAGRA PALIWAL', 'MR  RAJESH PALIWAL', 'MRS  HEMA PALIWAL', '2001-11-17', '105, SHYAM VIHAR, NEAR NEW RTO, UDAIPUR', 'MDS-SS-3103', 0, 10, 6, '', '', '', '', '0000-00-00');

-- --------------------------------------------------------

--
-- Table structure for table `student_health`
--

CREATE TABLE IF NOT EXISTS `student_health` (
  `id` int(11) NOT NULL AUTO_INCREMENT,
  `scholar_no` varchar(200) NOT NULL,
  `master_health_id` int(11) NOT NULL,
  `value` varchar(30) NOT NULL,
  PRIMARY KEY (`id`)
) ENGINE=InnoDB DEFAULT CHARSET=latin1 AUTO_INCREMENT=1 ;

-- --------------------------------------------------------

--
-- Table structure for table `student_marks`
--

CREATE TABLE IF NOT EXISTS `student_marks` (
  `id` int(20) NOT NULL AUTO_INCREMENT,
  `scholar_no` varchar(100) NOT NULL,
  `subject_id` int(20) NOT NULL,
  `sub_subject_id` int(11) NOT NULL,
  `term_id` int(5) NOT NULL,
  `exam_category_id` int(11) NOT NULL,
  `master_exam_type_id` int(11) NOT NULL,
  `marks` varchar(11) NOT NULL,
  PRIMARY KEY (`id`)
) ENGINE=InnoDB  DEFAULT CHARSET=utf8 AUTO_INCREMENT=371 ;

-- --------------------------------------------------------

--
-- Table structure for table `student_result`
--

CREATE TABLE IF NOT EXISTS `student_result` (
  `id` int(11) NOT NULL AUTO_INCREMENT,
  `class_id` int(5) NOT NULL,
  `section_id` int(5) NOT NULL,
  `scholar_no` varchar(50) NOT NULL,
  `roll_no` int(9) NOT NULL,
  `term_id` int(2) NOT NULL,
  `total` int(5) NOT NULL COMMENT '(Obtained Marks)',
  `total_marks` varchar(20) NOT NULL COMMENT '(Maximum Marks)',
  `per` varchar(5) NOT NULL,
  `status` varchar(50) NOT NULL,
  `final_status` text NOT NULL,
  `next_class_id` int(11) NOT NULL,
  PRIMARY KEY (`id`)
) ENGINE=InnoDB  DEFAULT CHARSET=utf8 AUTO_INCREMENT=268 ;

--
-- Dumping data for table `student_result`
--

INSERT INTO `student_result` (`id`, `class_id`, `section_id`, `scholar_no`, `roll_no`, `term_id`, `total`, `total_marks`, `per`, `status`, `final_status`, `next_class_id`) VALUES
(1, 9, 2, 'MDS-SS-3585', 0, 2, 0, '0', '0.00', 'Promoted to Class X', 'Pass', 10),
(2, 9, 2, 'MDS-SS-3585', 0, 1, 0, '0', '0.00', 'Promoted to Class X', 'Pass', 10),
(22, 1, 1, 'MDSPS-1954', 0, 2, 0, '0', '0.00', 'Promoted to Class II', 'Pass', 2),
(145, 4, 1, 'MDSPS-1892', 0, 1, 0, '750', '0.00', 'Detained in Class IV', 'Fail', 4),
(208, 1, 1, 'MDSPS-1954', 0, 1, 0, '600', '0.00', 'Detained in Class I', 'Fail', 1),
(209, 1, 1, 'MDSPS-1953', 0, 1, 0, '600', '0.00', 'Detained in Class I', 'Fail', 1),
(210, 1, 1, 'MDSPS-2221', 0, 1, 0, '600', '0.00', 'Detained in Class I', 'Fail', 1),
(211, 1, 1, 'MDSPS-2104', 0, 1, 0, '600', '0.00', 'Detained in Class I', 'Fail', 1),
(212, 1, 1, 'MDSPS-1843', 0, 1, 0, '600', '0.00', 'Detained in Class I', 'Fail', 1),
(213, 1, 1, 'MDSPS-2606', 0, 1, 0, '600', '0.00', 'Detained in Class I', 'Fail', 1),
(214, 1, 1, 'MDSPS-2055', 0, 1, 0, '600', '0.00', 'Detained in Class I', 'Fail', 1),
(215, 1, 1, 'RTE-028', 0, 1, 0, '600', '0.00', 'Detained in Class I', 'Fail', 1),
(216, 1, 1, 'MDSPS-2195', 0, 1, 0, '600', '0.00', 'Detained in Class I', 'Fail', 1),
(217, 1, 1, 'MDSPS-2082', 0, 1, 0, '600', '0.00', 'Detained in Class I', 'Fail', 1),
(218, 1, 1, 'RTE-025', 0, 1, 0, '600', '0.00', 'Detained in Class I', 'Fail', 1),
(219, 1, 1, 'MDSPS-2145', 0, 1, 0, '600', '0.00', 'Detained in Class I', 'Fail', 1),
(220, 1, 1, 'MDSPS-2042', 0, 1, 0, '600', '0.00', 'Detained in Class I', 'Fail', 1),
(221, 1, 1, 'MDSPS-2117', 0, 1, 0, '600', '0.00', 'Detained in Class I', 'Fail', 1),
(222, 1, 1, 'RTE-023', 0, 1, 0, '600', '0.00', 'Detained in Class I', 'Fail', 1),
(223, 1, 1, 'MDSPS-2073', 0, 1, 0, '600', '0.00', 'Detained in Class I', 'Fail', 1),
(224, 1, 1, 'MDSPS-2274', 0, 1, 0, '600', '0.00', 'Detained in Class I', 'Fail', 1),
(225, 1, 1, 'MDSPS-2032', 0, 1, 0, '600', '0.00', 'Detained in Class I', 'Fail', 1),
(226, 1, 1, 'MDSPS-1945', 0, 1, 0, '600', '0.00', 'Detained in Class I', 'Fail', 1),
(227, 1, 1, 'MDSPS-2059', 0, 1, 0, '600', '0.00', 'Detained in Class I', 'Fail', 1),
(228, 1, 1, 'MDSPS-2530', 0, 1, 0, '600', '0.00', 'Detained in Class I', 'Fail', 1),
(229, 1, 1, 'RTE-027', 0, 1, 0, '600', '0.00', 'Detained in Class I', 'Fail', 1),
(230, 1, 1, 'MDSPS-2531', 0, 1, 0, '600', '0.00', 'Detained in Class I', 'Fail', 1),
(231, 1, 1, 'MDSPS-2196', 0, 1, 0, '600', '0.00', 'Detained in Class I', 'Fail', 1),
(232, 1, 1, 'MDSPS-2189', 0, 1, 0, '600', '0.00', 'Detained in Class I', 'Fail', 1),
(233, 1, 1, 'MDSPS-2011', 0, 1, 0, '600', '0.00', 'Detained in Class I', 'Fail', 1),
(234, 1, 1, 'MDSPS-2398', 0, 1, 0, '600', '0.00', 'Detained in Class I', 'Fail', 1),
(235, 1, 1, 'MDSPS-1962', 0, 1, 0, '600', '0.00', 'Detained in Class I', 'Fail', 1),
(236, 1, 1, 'MDSPS-1835', 0, 1, 0, '600', '0.00', 'Detained in Class I', 'Fail', 1),
(237, 1, 1, 'MDSPS-2046', 0, 1, 0, '600', '0.00', 'Detained in Class I', 'Fail', 1),
(238, 1, 1, 'MDSPS-2404', 0, 1, 0, '600', '0.00', 'Detained in Class I', 'Fail', 1),
(239, 1, 1, 'RTE-031', 0, 1, 0, '600', '0.00', 'Detained in Class I', 'Fail', 1),
(240, 1, 1, 'MDSPS-2074', 0, 1, 0, '600', '0.00', 'Detained in Class I', 'Fail', 1),
(241, 1, 1, 'MDSPS-1856', 0, 1, 0, '600', '0.00', 'Detained in Class I', 'Fail', 1),
(242, 1, 1, 'MDSPS-1867', 0, 1, 0, '600', '0.00', 'Detained in Class I', 'Fail', 1),
(243, 1, 1, 'MDSPS-2108', 0, 1, 0, '600', '0.00', 'Detained in Class I', 'Fail', 1),
(244, 1, 1, 'MDSPS-1839', 0, 1, 0, '600', '0.00', 'Detained in Class I', 'Fail', 1),
(245, 1, 1, 'MDSPS-2617', 0, 1, 0, '600', '0.00', 'Detained in Class I', 'Fail', 1),
(246, 1, 1, 'MDSPS-2135', 0, 1, 0, '600', '0.00', 'Detained in Class I', 'Fail', 1),
(247, 1, 1, 'RTE-030', 0, 1, 0, '600', '0.00', 'Detained in Class I', 'Fail', 1),
(248, 1, 1, 'MDSPS-2024', 0, 1, 0, '600', '0.00', 'Detained in Class I', 'Fail', 1),
(249, 1, 1, 'MDSPS-2190', 0, 1, 0, '600', '0.00', 'Detained in Class I', 'Fail', 1),
(250, 1, 1, 'MDSPS-2039', 0, 1, 0, '600', '0.00', 'Detained in Class I', 'Fail', 1),
(251, 1, 1, 'MDSPS-2056', 0, 1, 0, '600', '0.00', 'Detained in Class I', 'Fail', 1),
(252, 1, 1, 'MDSPS-2497', 0, 1, 0, '600', '0.00', 'Detained in Class I', 'Fail', 1),
(253, 1, 1, 'MDSPS-2536', 0, 1, 0, '600', '0.00', 'Detained in Class I', 'Fail', 1),
(254, 1, 1, 'RTE-024', 0, 1, 0, '600', '0.00', 'Detained in Class I', 'Fail', 1),
(255, 1, 1, 'MDSPS-2516', 0, 1, 0, '600', '0.00', 'Detained in Class I', 'Fail', 1),
(256, 1, 1, 'MDSPS-2030', 0, 1, 0, '600', '0.00', 'Detained in Class I', 'Fail', 1),
(257, 1, 1, 'MDSPS-2113', 0, 1, 0, '600', '0.00', 'Detained in Class I', 'Fail', 1),
(258, 1, 1, 'MDSPS-1874', 0, 1, 0, '600', '0.00', 'Detained in Class I', 'Fail', 1),
(259, 1, 1, 'MDSPS-2496', 0, 1, 0, '600', '0.00', 'Detained in Class I', 'Fail', 1),
(260, 1, 1, 'RTE-022', 0, 1, 0, '600', '0.00', 'Detained in Class I', 'Fail', 1),
(261, 1, 1, 'MDSPS-2061', 0, 1, 0, '600', '0.00', 'Detained in Class I', 'Fail', 1),
(262, 1, 1, 'MDSPS-2550', 0, 1, 0, '600', '0.00', 'Detained in Class I', 'Fail', 1),
(263, 1, 1, 'MDSPS-2578', 0, 1, 0, '600', '0.00', 'Detained in Class I', 'Fail', 1),
(264, 1, 1, 'MDSPS-2034', 0, 1, 0, '600', '0.00', 'Detained in Class I', 'Fail', 1),
(265, 1, 1, 'MDSPS-1901', 0, 1, 0, '600', '0.00', 'Detained in Class I', 'Fail', 1),
(266, 1, 1, 'MDSPS-2023', 0, 1, 0, '600', '0.00', 'Detained in Class I', 'Fail', 1),
(267, 1, 1, 'MDSPS-2096', 0, 1, 0, '600', '0.00', 'Detained in Class I', 'Fail', 1);

-- --------------------------------------------------------

--
-- Table structure for table `subject`
--

CREATE TABLE IF NOT EXISTS `subject` (
  `id` int(11) NOT NULL AUTO_INCREMENT,
  `subject` varchar(50) NOT NULL,
  `elective` int(2) NOT NULL,
  `senior` int(2) NOT NULL,
  `sub_subjects` varchar(5) NOT NULL,
  `grade` char(10) NOT NULL,
  `order_type` int(11) NOT NULL,
  PRIMARY KEY (`id`)
) ENGINE=InnoDB  DEFAULT CHARSET=utf8 AUTO_INCREMENT=20 ;

--
-- Dumping data for table `subject`
--

INSERT INTO `subject` (`id`, `subject`, `elective`, `senior`, `sub_subjects`, `grade`, `order_type`) VALUES
(1, 'English', 0, 0, '', '', 1),
(2, 'Hindi', 0, 0, '', '', 2),
(3, 'Maths', 0, 1, '', '', 3),
(4, 'EVS', 0, 0, '', '', 4),
(5, 'Computer', 0, 1, '', '', 7),
(6, 'G.K.', 0, 0, '', '', 8),
(7, 'Art', 0, 0, '', 'G', 0),
(8, 'Physical Education', 0, 1, '', 'G', 0),
(9, 'Music', 0, 0, '', 'G', 0),
(10, 'Science', 0, 0, '', '', 4),
(11, 'Social Study', 0, 0, '', '', 5),
(12, 'Sanskrit', 1, 0, '', '', 6),
(13, 'French', 1, 0, '', '', 0),
(14, 'Physics', 0, 0, '', '', 0),
(15, 'Chemistry', 0, 0, '', '', 0),
(16, 'Biology', 0, 1, '', '', 0),
(17, 'Business Study', 0, 0, '', '', 0),
(18, 'Accounts', 0, 0, '', '', 0),
(19, 'Economics', 0, 0, '', '', 0);

-- --------------------------------------------------------

--
-- Table structure for table `subject_allocation`
--

CREATE TABLE IF NOT EXISTS `subject_allocation` (
  `id` int(20) NOT NULL AUTO_INCREMENT,
  `class_id` int(20) NOT NULL,
  `section_id` int(5) NOT NULL,
  `subject_id` int(20) NOT NULL,
  `sub_subject_id` int(11) NOT NULL,
  `elective` int(2) NOT NULL,
  PRIMARY KEY (`id`)
) ENGINE=InnoDB  DEFAULT CHARSET=utf8 AUTO_INCREMENT=328 ;

--
-- Dumping data for table `subject_allocation`
--

INSERT INTO `subject_allocation` (`id`, `class_id`, `section_id`, `subject_id`, `sub_subject_id`, `elective`) VALUES
(1, 12, 1, 1, 0, 0),
(2, 12, 1, 2, 0, 0),
(3, 12, 1, 14, 0, 0),
(4, 12, 1, 15, 0, 0),
(5, 12, 1, 0, 0, 3),
(6, 12, 1, 0, 0, 5),
(7, 12, 1, 0, 0, 8),
(8, 12, 1, 0, 0, 16),
(9, 12, 1, 0, 0, 17),
(10, 12, 1, 0, 0, 18),
(11, 11, 1, 1, 0, 0),
(12, 11, 1, 14, 1, 0),
(13, 11, 1, 15, 1, 0),
(14, 11, 1, 0, 0, 3),
(15, 11, 1, 0, 0, 8),
(16, 11, 1, 0, 0, 16),
(17, 11, 2, 0, 0, 3),
(18, 11, 2, 0, 0, 8),
(19, 11, 2, 0, 0, 16),
(20, 11, 2, 1, 0, 0),
(21, 11, 2, 14, 0, 0),
(22, 11, 2, 15, 0, 0),
(23, 1, 1, 1, 0, 0),
(24, 1, 1, 2, 0, 0),
(25, 1, 1, 3, 0, 0),
(26, 1, 1, 4, 0, 0),
(27, 1, 1, 5, 0, 0),
(28, 1, 1, 6, 0, 0),
(29, 1, 1, 7, 0, 0),
(30, 1, 1, 8, 0, 0),
(31, 1, 1, 9, 0, 0),
(32, 2, 1, 1, 0, 0),
(33, 2, 1, 2, 0, 0),
(34, 2, 1, 3, 0, 0),
(35, 2, 1, 4, 0, 0),
(36, 2, 1, 5, 0, 0),
(37, 2, 1, 6, 0, 0),
(38, 2, 1, 7, 0, 0),
(39, 2, 1, 8, 0, 0),
(40, 2, 1, 9, 0, 0),
(41, 3, 1, 1, 0, 0),
(42, 3, 1, 2, 0, 0),
(43, 3, 1, 3, 0, 0),
(44, 3, 1, 5, 0, 0),
(45, 3, 1, 6, 0, 0),
(46, 3, 1, 7, 0, 0),
(47, 3, 1, 8, 0, 0),
(48, 3, 1, 9, 0, 0),
(49, 3, 1, 10, 0, 0),
(50, 3, 1, 11, 0, 0),
(51, 4, 1, 1, 0, 0),
(52, 4, 1, 2, 0, 0),
(53, 4, 1, 3, 0, 0),
(54, 4, 1, 5, 0, 0),
(55, 4, 1, 6, 0, 0),
(56, 4, 1, 7, 0, 0),
(57, 4, 1, 8, 0, 0),
(58, 4, 1, 9, 0, 0),
(59, 4, 1, 10, 0, 0),
(60, 4, 1, 11, 0, 0),
(61, 5, 1, 1, 0, 0),
(62, 5, 1, 2, 0, 0),
(63, 5, 1, 3, 0, 0),
(64, 5, 1, 5, 0, 0),
(65, 5, 1, 6, 0, 0),
(66, 5, 1, 7, 0, 0),
(67, 5, 1, 8, 0, 0),
(68, 5, 1, 9, 0, 0),
(69, 5, 1, 10, 0, 0),
(70, 5, 1, 11, 0, 0),
(71, 10, 1, 0, 0, 12),
(72, 10, 1, 0, 0, 13),
(73, 12, 5, 1, 0, 0),
(74, 12, 5, 8, 0, 0),
(75, 12, 5, 17, 0, 0),
(76, 12, 5, 18, 0, 0),
(77, 12, 5, 19, 0, 0),
(78, -1, 1, 1, 0, 0),
(79, -1, 1, 2, 0, 0),
(116, 9, 1, 1, 0, 0),
(117, 9, 1, 2, 0, 0),
(118, 9, 1, 3, 0, 0),
(119, 9, 1, 10, 0, 0),
(120, 9, 1, 11, 0, 0),
(121, 10, 1, 1, 0, 0),
(122, 10, 1, 2, 0, 0),
(123, 10, 1, 3, 0, 0),
(124, 10, 1, 10, 0, 0),
(125, 10, 1, 11, 0, 0),
(126, 11, 3, 1, 0, 0),
(127, 11, 3, 3, 0, 0),
(128, 11, 3, 8, 0, 0),
(129, 11, 3, 14, 0, 0),
(130, 11, 3, 15, 0, 0),
(131, 11, 4, 1, 0, 0),
(132, 11, 4, 8, 0, 0),
(133, 11, 4, 14, 0, 0),
(134, 11, 4, 15, 0, 0),
(135, 11, 4, 16, 0, 0),
(136, 12, 3, 1, 0, 0),
(137, 12, 3, 3, 0, 0),
(138, 12, 3, 8, 0, 0),
(139, 12, 3, 14, 0, 0),
(140, 12, 3, 15, 0, 0),
(141, 12, 4, 1, 0, 0),
(142, 12, 4, 8, 0, 0),
(143, 12, 4, 14, 0, 0),
(144, 12, 4, 15, 0, 0),
(145, 12, 4, 16, 0, 0),
(146, 11, 3, 0, 0, 5),
(147, 11, 3, 0, 0, 13),
(148, 11, 5, 1, 0, 0),
(149, 11, 5, 17, 0, 0),
(150, 11, 5, 18, 0, 0),
(151, 11, 5, 0, 0, 3),
(152, 11, 5, 0, 0, 19),
(153, 1, 2, 1, 0, 0),
(154, 1, 2, 2, 0, 0),
(155, 1, 2, 3, 0, 0),
(156, 1, 2, 4, 0, 0),
(157, 1, 2, 5, 0, 0),
(158, 1, 2, 6, 0, 0),
(159, 1, 2, 7, 0, 0),
(160, 1, 2, 8, 0, 0),
(161, 1, 2, 9, 0, 0),
(162, 2, 2, 1, 0, 0),
(163, 2, 2, 2, 0, 0),
(164, 2, 2, 3, 0, 0),
(165, 2, 2, 4, 0, 0),
(166, 2, 2, 5, 0, 0),
(167, 2, 2, 6, 0, 0),
(168, 2, 2, 7, 0, 0),
(169, 2, 2, 8, 0, 0),
(170, 2, 2, 9, 0, 0),
(171, 3, 2, 1, 0, 0),
(172, 3, 2, 2, 0, 0),
(173, 3, 2, 3, 0, 0),
(174, 3, 2, 5, 0, 0),
(175, 3, 2, 6, 0, 0),
(176, 3, 2, 7, 0, 0),
(177, 3, 2, 8, 0, 0),
(178, 3, 2, 9, 0, 0),
(179, 3, 2, 10, 0, 0),
(180, 3, 2, 11, 0, 0),
(181, 4, 2, 1, 0, 0),
(182, 4, 2, 2, 0, 0),
(183, 4, 2, 3, 0, 0),
(184, 4, 2, 5, 0, 0),
(185, 4, 2, 6, 0, 0),
(186, 4, 2, 7, 0, 0),
(187, 4, 2, 8, 0, 0),
(188, 4, 2, 9, 0, 0),
(189, 4, 2, 10, 0, 0),
(190, 4, 2, 11, 0, 0),
(191, 5, 2, 1, 0, 0),
(192, 5, 2, 2, 0, 0),
(193, 5, 2, 3, 0, 0),
(194, 5, 2, 5, 0, 0),
(195, 5, 2, 6, 0, 0),
(196, 5, 2, 7, 0, 0),
(197, 5, 2, 8, 0, 0),
(198, 5, 2, 9, 0, 0),
(199, 5, 2, 10, 0, 0),
(200, 5, 2, 11, 0, 0),
(237, 9, 2, 1, 0, 0),
(238, 9, 2, 2, 0, 0),
(239, 9, 2, 3, 0, 0),
(240, 9, 2, 10, 0, 0),
(241, 9, 2, 11, 0, 0),
(242, 10, 2, 1, 0, 0),
(243, 10, 2, 2, 0, 0),
(244, 10, 2, 3, 0, 0),
(245, 10, 2, 10, 0, 0),
(246, 10, 2, 11, 0, 0),
(247, 10, 2, 12, 0, 0),
(248, 10, 2, 13, 0, 0),
(249, 9, 6, 1, 0, 0),
(250, 9, 6, 2, 0, 0),
(251, 9, 6, 3, 0, 0),
(252, 9, 6, 10, 0, 0),
(253, 9, 6, 11, 0, 0),
(254, 10, 6, 1, 0, 0),
(255, 10, 6, 2, 0, 0),
(256, 10, 6, 3, 0, 0),
(257, 10, 6, 10, 0, 0),
(258, 10, 6, 11, 0, 0),
(259, 10, 6, 12, 0, 0),
(260, 10, 6, 13, 0, 0),
(261, 11, 2, 14, 1, 0),
(262, 6, 1, 1, 0, 0),
(263, 6, 1, 2, 0, 0),
(264, 6, 1, 3, 0, 0),
(265, 6, 1, 5, 0, 0),
(266, 6, 1, 6, 0, 0),
(267, 6, 1, 7, 0, 0),
(268, 6, 1, 8, 0, 0),
(269, 6, 1, 9, 0, 0),
(270, 6, 1, 10, 0, 0),
(271, 6, 1, 11, 0, 0),
(272, 6, 1, 12, 0, 0),
(273, 6, 2, 1, 0, 0),
(274, 6, 2, 2, 0, 0),
(275, 6, 2, 3, 0, 0),
(276, 6, 2, 5, 0, 0),
(277, 6, 2, 6, 0, 0),
(278, 6, 2, 7, 0, 0),
(279, 6, 2, 8, 0, 0),
(280, 6, 2, 9, 0, 0),
(281, 6, 2, 10, 0, 0),
(282, 6, 2, 11, 0, 0),
(283, 6, 2, 12, 0, 0),
(284, 7, 1, 1, 0, 0),
(285, 7, 1, 2, 0, 0),
(286, 7, 1, 3, 0, 0),
(287, 7, 1, 5, 0, 0),
(288, 7, 1, 6, 0, 0),
(289, 7, 1, 7, 0, 0),
(290, 7, 1, 8, 0, 0),
(291, 7, 1, 9, 0, 0),
(292, 7, 1, 10, 0, 0),
(293, 7, 1, 11, 0, 0),
(294, 7, 1, 12, 0, 0),
(295, 7, 2, 1, 0, 0),
(296, 7, 2, 2, 0, 0),
(297, 7, 2, 3, 0, 0),
(298, 7, 2, 5, 0, 0),
(299, 7, 2, 6, 0, 0),
(300, 7, 2, 7, 0, 0),
(301, 7, 2, 8, 0, 0),
(302, 7, 2, 9, 0, 0),
(303, 7, 2, 10, 0, 0),
(304, 7, 2, 11, 0, 0),
(305, 7, 2, 12, 0, 0),
(306, 8, 1, 1, 0, 0),
(307, 8, 1, 2, 0, 0),
(308, 8, 1, 3, 0, 0),
(309, 8, 1, 5, 0, 0),
(310, 8, 1, 6, 0, 0),
(311, 8, 1, 7, 0, 0),
(312, 8, 1, 8, 0, 0),
(313, 8, 1, 9, 0, 0),
(314, 8, 1, 10, 0, 0),
(315, 8, 1, 11, 0, 0),
(316, 8, 1, 12, 0, 0),
(317, 8, 2, 1, 0, 0),
(318, 8, 2, 2, 0, 0),
(319, 8, 2, 3, 0, 0),
(320, 8, 2, 5, 0, 0),
(321, 8, 2, 6, 0, 0),
(322, 8, 2, 7, 0, 0),
(323, 8, 2, 8, 0, 0),
(324, 8, 2, 9, 0, 0),
(325, 8, 2, 10, 0, 0),
(326, 8, 2, 11, 0, 0),
(327, 8, 2, 12, 0, 0);

-- --------------------------------------------------------

--
-- Table structure for table `time_table`
--

CREATE TABLE IF NOT EXISTS `time_table` (
  `id` int(10) NOT NULL AUTO_INCREMENT,
  `class_id` int(5) NOT NULL,
  `term_id` int(5) NOT NULL,
  `category_id` int(5) NOT NULL,
  `exam_id` int(5) NOT NULL,
  `exam_category_type_id` int(5) NOT NULL,
  `date` date NOT NULL,
  `time_from` varchar(20) NOT NULL,
  `time_to` varchar(20) NOT NULL,
  `subject_id` text NOT NULL,
  PRIMARY KEY (`id`)
) ENGINE=InnoDB DEFAULT CHARSET=latin1 AUTO_INCREMENT=1 ;

-- --------------------------------------------------------

--
-- Table structure for table `time_table_instruction`
--

CREATE TABLE IF NOT EXISTS `time_table_instruction` (
  `id` int(11) NOT NULL AUTO_INCREMENT,
  `instruction` text NOT NULL,
  PRIMARY KEY (`id`)
) ENGINE=InnoDB DEFAULT CHARSET=latin1 AUTO_INCREMENT=1 ;

-- --------------------------------------------------------

--
-- Table structure for table `user_settings`
--

CREATE TABLE IF NOT EXISTS `user_settings` (
  `id` int(11) NOT NULL AUTO_INCREMENT,
  `fac_id` int(11) NOT NULL,
  `role_id` int(11) NOT NULL,
  `module_id` int(11) NOT NULL,
  PRIMARY KEY (`id`)
) ENGINE=InnoDB  DEFAULT CHARSET=utf8 AUTO_INCREMENT=620 ;

--
-- Dumping data for table `user_settings`
--

INSERT INTO `user_settings` (`id`, `fac_id`, `role_id`, `module_id`) VALUES
(1, 7, 0, 1),
(2, 7, 0, 2),
(3, 7, 0, 3),
(4, 7, 0, 4),
(5, 7, 0, 5),
(6, 7, 0, 7),
(7, 7, 0, 8),
(8, 7, 0, 9),
(9, 7, 0, 10),
(10, 7, 0, 11),
(11, 7, 0, 12),
(12, 7, 0, 15),
(13, 7, 0, 16),
(14, 7, 0, 18),
(15, 7, 0, 19),
(16, 7, 0, 20),
(17, 1, 0, 1),
(18, 1, 0, 2),
(19, 1, 0, 3),
(20, 1, 0, 4),
(21, 1, 0, 5),
(22, 1, 0, 7),
(23, 1, 0, 8),
(24, 1, 0, 9),
(25, 1, 0, 10),
(26, 1, 0, 11),
(27, 1, 0, 12),
(28, 1, 0, 15),
(29, 1, 0, 16),
(30, 1, 0, 18),
(31, 1, 0, 19),
(32, 1, 0, 20),
(33, 1, 0, 21),
(34, 1, 0, 22),
(35, 1, 0, 23),
(36, 1, 0, 24),
(37, 1, 0, 25),
(38, 1, 0, 26),
(39, 1, 0, 27),
(40, 9, 0, 1),
(41, 9, 0, 2),
(42, 9, 0, 3),
(43, 9, 0, 4),
(44, 9, 0, 5),
(45, 9, 0, 7),
(46, 9, 0, 8),
(47, 9, 0, 9),
(48, 9, 0, 10),
(49, 9, 0, 11),
(50, 9, 0, 12),
(51, 9, 0, 15),
(52, 9, 0, 16),
(53, 9, 0, 18),
(54, 9, 0, 19),
(55, 9, 0, 20),
(56, 9, 0, 21),
(57, 9, 0, 22),
(58, 9, 0, 23),
(59, 9, 0, 24),
(60, 9, 0, 25),
(61, 9, 0, 26),
(62, 9, 0, 27),
(540, 0, 2, 1),
(541, 0, 2, 2),
(542, 0, 2, 2),
(543, 0, 2, 3),
(544, 0, 2, 4),
(545, 0, 2, 5),
(546, 0, 2, 7),
(547, 0, 2, 15),
(548, 0, 2, 21),
(549, 0, 2, 42),
(550, 0, 2, 43),
(551, 0, 2, 44),
(552, 0, 2, 45),
(553, 0, 2, 46),
(554, 0, 2, 47),
(555, 0, 2, 48),
(556, 0, 2, 63),
(557, 0, 2, 64),
(558, 0, 2, 8),
(559, 0, 2, 8),
(560, 0, 2, 22),
(561, 0, 2, 55),
(562, 0, 2, 62),
(563, 0, 2, 9),
(564, 0, 2, 9),
(565, 0, 2, 10),
(566, 0, 2, 11),
(567, 0, 2, 12),
(568, 0, 2, 23),
(569, 0, 2, 16),
(570, 0, 2, 16),
(571, 0, 2, 18),
(572, 0, 2, 54),
(573, 0, 2, 19),
(574, 0, 2, 19),
(575, 0, 2, 20),
(576, 0, 2, 28),
(577, 0, 2, 28),
(578, 0, 2, 29),
(579, 0, 2, 30),
(580, 0, 2, 56),
(581, 0, 2, 57),
(582, 0, 2, 58),
(583, 0, 2, 59),
(584, 0, 2, 60),
(585, 0, 2, 61),
(586, 0, 2, 65),
(587, 0, 2, 31),
(588, 0, 2, 31),
(589, 0, 2, 32),
(590, 0, 2, 37),
(591, 0, 2, 53),
(592, 0, 2, 38),
(593, 0, 2, 38),
(594, 0, 2, 40),
(595, 0, 2, 39),
(596, 0, 2, 50),
(597, 0, 2, 50),
(598, 0, 2, 51),
(599, 0, 2, 52),
(600, 0, 1, 1),
(601, 0, 1, 46),
(602, 0, 1, 47),
(603, 0, 1, 8),
(604, 0, 1, 8),
(605, 0, 1, 22),
(606, 0, 1, 55),
(607, 0, 1, 62),
(608, 0, 1, 9),
(609, 0, 1, 9),
(610, 0, 1, 10),
(611, 0, 1, 11),
(612, 0, 1, 19),
(613, 0, 1, 19),
(614, 0, 1, 38),
(615, 0, 1, 38),
(616, 0, 1, 40),
(617, 0, 1, 39),
(618, 0, 1, 50),
(619, 0, 1, 50);

/*!40101 SET CHARACTER_SET_CLIENT=@OLD_CHARACTER_SET_CLIENT */;
/*!40101 SET CHARACTER_SET_RESULTS=@OLD_CHARACTER_SET_RESULTS */;
/*!40101 SET COLLATION_CONNECTION=@OLD_COLLATION_CONNECTION */;
