-- phpMyAdmin SQL Dump
-- version 4.5.1
-- http://www.phpmyadmin.net
--
-- Host: 127.0.0.1
-- Generation Time: Oct 26, 2017 at 01:29 PM
-- Server version: 10.1.19-MariaDB
-- PHP Version: 5.6.28

SET SQL_MODE = "NO_AUTO_VALUE_ON_ZERO";
SET time_zone = "+00:00";


/*!40101 SET @OLD_CHARACTER_SET_CLIENT=@@CHARACTER_SET_CLIENT */;
/*!40101 SET @OLD_CHARACTER_SET_RESULTS=@@CHARACTER_SET_RESULTS */;
/*!40101 SET @OLD_COLLATION_CONNECTION=@@COLLATION_CONNECTION */;
/*!40101 SET NAMES utf8mb4 */;

--
-- Database: `wwwmdsud_exam_pratap_2017-2018`
--

-- --------------------------------------------------------

--
-- Table structure for table `attendance`
--

CREATE TABLE `attendance` (
  `id` int(11) NOT NULL,
  `scholar_no` varchar(15) NOT NULL,
  `term` varchar(5) NOT NULL,
  `attendance` varchar(10) NOT NULL,
  `max_attendance` varchar(10) NOT NULL
) ENGINE=InnoDB DEFAULT CHARSET=utf8;

-- --------------------------------------------------------

--
-- Table structure for table `elective`
--

CREATE TABLE `elective` (
  `id` int(11) NOT NULL,
  `scholar_id` varchar(50) NOT NULL,
  `subject_id` int(11) NOT NULL
) ENGINE=InnoDB DEFAULT CHARSET=utf8;

--
-- Dumping data for table `elective`
--

INSERT INTO `elective` (`id`, `scholar_id`, `subject_id`) VALUES
(1, '16351', 13);

-- --------------------------------------------------------

--
-- Table structure for table `exam_category`
--

CREATE TABLE `exam_category` (
  `id` int(11) NOT NULL,
  `name` text NOT NULL
) ENGINE=InnoDB DEFAULT CHARSET=latin1;

--
-- Dumping data for table `exam_category`
--

INSERT INTO `exam_category` (`id`, `name`) VALUES
(1, 'PT 0'),
(2, 'PT 1'),
(3, 'TERM 1'),
(4, 'PT 2'),
(5, 'PT 3'),
(6, 'TERM 2');

-- --------------------------------------------------------

--
-- Table structure for table `exam_category_type`
--

CREATE TABLE `exam_category_type` (
  `id` int(11) NOT NULL,
  `Exam` varchar(55) NOT NULL
) ENGINE=InnoDB DEFAULT CHARSET=utf8;

--
-- Dumping data for table `exam_category_type`
--

INSERT INTO `exam_category_type` (`id`, `Exam`) VALUES
(1, 'WRIT'),
(2, 'CW'),
(3, 'HW'),
(4, 'NEAT'),
(5, 'PUNC'),
(6, 'READ'),
(7, 'RECI'),
(8, 'DIC'),
(9, 'ASL'),
(10, 'CW-HW'),
(11, 'PRO'),
(12, 'PRAC'),
(13, 'LAB'),
(14, 'MAP'),
(15, 'WRIT-lit'),
(16, 'ACU-lit'),
(17, 'CON-lit'),
(18, 'NEAT-lit'),
(19, 'PUNC-lit'),
(20, 'MAT');

-- --------------------------------------------------------

--
-- Table structure for table `exam_mapping`
--

CREATE TABLE `exam_mapping` (
  `id` int(11) NOT NULL,
  `class_id` int(11) NOT NULL,
  `section_id` int(11) NOT NULL,
  `subject_id` int(11) NOT NULL,
  `sub_subject_id` int(11) NOT NULL,
  `term_id` int(11) NOT NULL,
  `exam_category_id` int(11) NOT NULL,
  `exam_category_type_id` int(11) NOT NULL,
  `max_marks` int(11) NOT NULL,
  `reduse` varchar(5) NOT NULL DEFAULT 'no',
  `reduse_to` int(5) NOT NULL
) ENGINE=InnoDB DEFAULT CHARSET=latin1;

--
-- Dumping data for table `exam_mapping`
--

INSERT INTO `exam_mapping` (`id`, `class_id`, `section_id`, `subject_id`, `sub_subject_id`, `term_id`, `exam_category_id`, `exam_category_type_id`, `max_marks`, `reduse`, `reduse_to`) VALUES
(1286, 9, 1, 1, 0, 1, 1, 1, 0, 'no', 0),
(1287, 9, 1, 1, 0, 1, 1, 2, 0, 'no', 0),
(1288, 9, 1, 1, 0, 1, 1, 3, 0, 'no', 0),
(1289, 9, 1, 1, 0, 1, 1, 4, 0, 'no', 0),
(1290, 9, 1, 1, 0, 1, 1, 5, 0, 'no', 0),
(1291, 9, 1, 2, 0, 1, 1, 1, 0, 'no', 0),
(1292, 9, 1, 2, 0, 1, 1, 2, 0, 'no', 0),
(1293, 9, 1, 2, 0, 1, 1, 3, 0, 'no', 0),
(1294, 9, 1, 2, 0, 1, 1, 4, 0, 'no', 0),
(1295, 9, 1, 2, 0, 1, 1, 5, 0, 'no', 0),
(1296, 9, 1, 3, 0, 1, 1, 1, 0, 'no', 0),
(1297, 9, 1, 3, 0, 1, 1, 2, 0, 'no', 0),
(1298, 9, 1, 3, 0, 1, 1, 3, 0, 'no', 0),
(1299, 9, 1, 3, 0, 1, 1, 4, 0, 'no', 0),
(1300, 9, 1, 3, 0, 1, 1, 5, 0, 'no', 0),
(1301, 9, 1, 10, 0, 1, 1, 1, 0, 'no', 0),
(1302, 9, 1, 10, 0, 1, 1, 2, 0, 'no', 0),
(1303, 9, 1, 10, 0, 1, 1, 3, 0, 'no', 0),
(1304, 9, 1, 10, 0, 1, 1, 4, 0, 'no', 0),
(1305, 9, 1, 10, 0, 1, 1, 5, 0, 'no', 0),
(1306, 9, 1, 11, 0, 1, 1, 1, 0, 'no', 0),
(1307, 9, 1, 11, 0, 1, 1, 2, 0, 'no', 0),
(1308, 9, 1, 11, 0, 1, 1, 3, 0, 'no', 0),
(1309, 9, 1, 11, 0, 1, 1, 4, 0, 'no', 0),
(1310, 9, 1, 11, 0, 1, 1, 5, 0, 'no', 0),
(1311, 9, 1, 1, 0, 1, 3, 1, 0, 'no', 0),
(1312, 9, 1, 1, 0, 1, 3, 6, 0, 'no', 0),
(1313, 9, 1, 1, 0, 1, 3, 7, 0, 'no', 0),
(1314, 9, 1, 1, 0, 1, 3, 8, 0, 'no', 0),
(1315, 9, 1, 1, 0, 1, 3, 9, 0, 'no', 0),
(1316, 9, 1, 2, 0, 1, 3, 1, 0, 'no', 0),
(1317, 9, 1, 2, 0, 1, 3, 6, 0, 'no', 0),
(1318, 9, 1, 2, 0, 1, 3, 7, 0, 'no', 0),
(1319, 9, 1, 2, 0, 1, 3, 8, 0, 'no', 0),
(1320, 9, 1, 2, 0, 1, 3, 9, 0, 'no', 0),
(1321, 9, 1, 3, 0, 1, 3, 1, 0, 'no', 0),
(1322, 9, 1, 3, 0, 1, 3, 6, 0, 'no', 0),
(1323, 9, 1, 3, 0, 1, 3, 7, 0, 'no', 0),
(1324, 9, 1, 3, 0, 1, 3, 8, 0, 'no', 0),
(1325, 9, 1, 3, 0, 1, 3, 9, 0, 'no', 0),
(1326, 9, 1, 10, 0, 1, 3, 1, 0, 'no', 0),
(1327, 9, 1, 10, 0, 1, 3, 6, 0, 'no', 0),
(1328, 9, 1, 10, 0, 1, 3, 7, 0, 'no', 0),
(1329, 9, 1, 10, 0, 1, 3, 8, 0, 'no', 0),
(1330, 9, 1, 10, 0, 1, 3, 9, 0, 'no', 0),
(1331, 9, 1, 11, 0, 1, 3, 1, 0, 'no', 0),
(1332, 9, 1, 11, 0, 1, 3, 6, 0, 'no', 0),
(1333, 9, 1, 11, 0, 1, 3, 7, 0, 'no', 0),
(1334, 9, 1, 11, 0, 1, 3, 8, 0, 'no', 0),
(1335, 9, 1, 11, 0, 1, 3, 9, 0, 'no', 0),
(1626, 1, 1, 1, 0, 1, 1, 1, 30, 'no', 0),
(1627, 1, 1, 1, 0, 1, 1, 2, 5, 'no', 0),
(1628, 1, 1, 1, 0, 1, 1, 3, 5, 'no', 0),
(1629, 1, 1, 1, 0, 1, 1, 4, 5, 'no', 0),
(1630, 1, 1, 1, 0, 1, 1, 5, 5, 'no', 0),
(1631, 1, 1, 2, 0, 1, 1, 1, 30, 'no', 0),
(1632, 1, 1, 2, 0, 1, 1, 2, 5, 'no', 0),
(1633, 1, 1, 2, 0, 1, 1, 3, 5, 'no', 0),
(1634, 1, 1, 2, 0, 1, 1, 4, 5, 'no', 0),
(1635, 1, 1, 2, 0, 1, 1, 5, 5, 'no', 0),
(1636, 1, 1, 3, 0, 1, 1, 1, 30, 'no', 0),
(1637, 1, 1, 3, 0, 1, 1, 2, 5, 'no', 0),
(1638, 1, 1, 3, 0, 1, 1, 3, 5, 'no', 0),
(1639, 1, 1, 3, 0, 1, 1, 4, 5, 'no', 0),
(1640, 1, 1, 3, 0, 1, 1, 5, 5, 'no', 0),
(1641, 1, 1, 4, 0, 1, 1, 1, 30, 'no', 0),
(1642, 1, 1, 4, 0, 1, 1, 2, 5, 'no', 0),
(1643, 1, 1, 4, 0, 1, 1, 3, 5, 'no', 0),
(1644, 1, 1, 4, 0, 1, 1, 4, 5, 'no', 0),
(1645, 1, 1, 4, 0, 1, 1, 5, 5, 'no', 0),
(1646, 1, 1, 5, 0, 1, 1, 1, 0, 'no', 0),
(1647, 1, 1, 6, 0, 1, 1, 1, 0, 'no', 0),
(1648, 1, 1, 7, 0, 1, 1, 1, 0, 'no', 0),
(1649, 1, 1, 8, 0, 1, 1, 1, 0, 'no', 0),
(1650, 1, 1, 9, 0, 1, 1, 1, 0, 'no', 0),
(1651, 1, 2, 1, 0, 1, 1, 1, 30, 'no', 0),
(1652, 1, 2, 1, 0, 1, 1, 2, 5, 'no', 0),
(1653, 1, 2, 1, 0, 1, 1, 3, 5, 'no', 0),
(1654, 1, 2, 1, 0, 1, 1, 4, 5, 'no', 0),
(1655, 1, 2, 1, 0, 1, 1, 5, 5, 'no', 0),
(1656, 1, 2, 2, 0, 1, 1, 1, 30, 'no', 0),
(1657, 1, 2, 2, 0, 1, 1, 2, 5, 'no', 0),
(1658, 1, 2, 2, 0, 1, 1, 3, 5, 'no', 0),
(1659, 1, 2, 2, 0, 1, 1, 4, 5, 'no', 0),
(1660, 1, 2, 2, 0, 1, 1, 5, 5, 'no', 0),
(1661, 1, 2, 3, 0, 1, 1, 1, 30, 'no', 0),
(1662, 1, 2, 3, 0, 1, 1, 2, 5, 'no', 0),
(1663, 1, 2, 3, 0, 1, 1, 3, 5, 'no', 0),
(1664, 1, 2, 3, 0, 1, 1, 4, 5, 'no', 0),
(1665, 1, 2, 3, 0, 1, 1, 5, 5, 'no', 0),
(1666, 1, 2, 4, 0, 1, 1, 1, 30, 'no', 0),
(1667, 1, 2, 4, 0, 1, 1, 2, 5, 'no', 0),
(1668, 1, 2, 4, 0, 1, 1, 3, 5, 'no', 0),
(1669, 1, 2, 4, 0, 1, 1, 4, 5, 'no', 0),
(1670, 1, 2, 4, 0, 1, 1, 5, 5, 'no', 0),
(1671, 1, 2, 5, 0, 1, 1, 1, 0, 'no', 0),
(1672, 1, 2, 6, 0, 1, 1, 1, 0, 'no', 0),
(1673, 1, 2, 7, 0, 1, 1, 1, 0, 'no', 0),
(1674, 1, 2, 8, 0, 1, 1, 1, 0, 'no', 0),
(1675, 1, 2, 9, 0, 1, 1, 1, 0, 'no', 0),
(1676, 2, 1, 1, 0, 1, 1, 1, 30, 'no', 0),
(1677, 2, 1, 1, 0, 1, 1, 2, 5, 'no', 0),
(1678, 2, 1, 1, 0, 1, 1, 3, 5, 'no', 0),
(1679, 2, 1, 1, 0, 1, 1, 4, 5, 'no', 0),
(1680, 2, 1, 1, 0, 1, 1, 5, 5, 'no', 0),
(1681, 2, 1, 2, 0, 1, 1, 1, 30, 'no', 0),
(1682, 2, 1, 2, 0, 1, 1, 2, 5, 'no', 0),
(1683, 2, 1, 2, 0, 1, 1, 3, 5, 'no', 0),
(1684, 2, 1, 2, 0, 1, 1, 4, 5, 'no', 0),
(1685, 2, 1, 2, 0, 1, 1, 5, 5, 'no', 0),
(1686, 2, 1, 3, 0, 1, 1, 1, 30, 'no', 0),
(1687, 2, 1, 3, 0, 1, 1, 2, 5, 'no', 0),
(1688, 2, 1, 3, 0, 1, 1, 3, 5, 'no', 0),
(1689, 2, 1, 3, 0, 1, 1, 4, 5, 'no', 0),
(1690, 2, 1, 3, 0, 1, 1, 5, 5, 'no', 0),
(1691, 2, 1, 4, 0, 1, 1, 1, 30, 'no', 0),
(1692, 2, 1, 4, 0, 1, 1, 2, 5, 'no', 0),
(1693, 2, 1, 4, 0, 1, 1, 3, 5, 'no', 0),
(1694, 2, 1, 4, 0, 1, 1, 4, 5, 'no', 0),
(1695, 2, 1, 4, 0, 1, 1, 5, 5, 'no', 0),
(1696, 2, 1, 5, 0, 1, 1, 1, 0, 'no', 0),
(1697, 2, 1, 6, 0, 1, 1, 1, 0, 'no', 0),
(1698, 2, 1, 7, 0, 1, 1, 1, 0, 'no', 0),
(1699, 2, 1, 8, 0, 1, 1, 1, 0, 'no', 0),
(1700, 2, 1, 9, 0, 1, 1, 1, 0, 'no', 0),
(1701, 2, 2, 1, 0, 1, 1, 1, 30, 'no', 0),
(1702, 2, 2, 1, 0, 1, 1, 2, 5, 'no', 0),
(1703, 2, 2, 1, 0, 1, 1, 3, 5, 'no', 0),
(1704, 2, 2, 1, 0, 1, 1, 4, 5, 'no', 0),
(1705, 2, 2, 1, 0, 1, 1, 5, 5, 'no', 0),
(1706, 2, 2, 2, 0, 1, 1, 1, 30, 'no', 0),
(1707, 2, 2, 2, 0, 1, 1, 2, 5, 'no', 0),
(1708, 2, 2, 2, 0, 1, 1, 3, 5, 'no', 0),
(1709, 2, 2, 2, 0, 1, 1, 4, 5, 'no', 0),
(1710, 2, 2, 2, 0, 1, 1, 5, 5, 'no', 0),
(1711, 2, 2, 3, 0, 1, 1, 1, 30, 'no', 0),
(1712, 2, 2, 3, 0, 1, 1, 2, 5, 'no', 0),
(1713, 2, 2, 3, 0, 1, 1, 3, 5, 'no', 0),
(1714, 2, 2, 3, 0, 1, 1, 4, 5, 'no', 0),
(1715, 2, 2, 3, 0, 1, 1, 5, 5, 'no', 0),
(1716, 2, 2, 4, 0, 1, 1, 1, 30, 'no', 0),
(1717, 2, 2, 4, 0, 1, 1, 2, 5, 'no', 0),
(1718, 2, 2, 4, 0, 1, 1, 3, 5, 'no', 0),
(1719, 2, 2, 4, 0, 1, 1, 4, 5, 'no', 0),
(1720, 2, 2, 4, 0, 1, 1, 5, 5, 'no', 0),
(1721, 2, 2, 5, 0, 1, 1, 1, 0, 'no', 0),
(1722, 2, 2, 6, 0, 1, 1, 1, 0, 'no', 0),
(1723, 2, 2, 7, 0, 1, 1, 1, 0, 'no', 0),
(1724, 2, 2, 8, 0, 1, 1, 1, 0, 'no', 0),
(1725, 2, 2, 9, 0, 1, 1, 1, 0, 'no', 0),
(1726, 3, 1, 1, 0, 1, 1, 1, 30, 'no', 0),
(1727, 3, 1, 1, 0, 1, 1, 2, 5, 'no', 0),
(1728, 3, 1, 1, 0, 1, 1, 3, 5, 'no', 0),
(1729, 3, 1, 1, 0, 1, 1, 4, 5, 'no', 0),
(1730, 3, 1, 1, 0, 1, 1, 5, 5, 'no', 0),
(1731, 3, 1, 2, 0, 1, 1, 1, 30, 'no', 0),
(1732, 3, 1, 2, 0, 1, 1, 2, 5, 'no', 0),
(1733, 3, 1, 2, 0, 1, 1, 3, 5, 'no', 0),
(1734, 3, 1, 2, 0, 1, 1, 4, 5, 'no', 0),
(1735, 3, 1, 2, 0, 1, 1, 5, 5, 'no', 0),
(1736, 3, 1, 3, 0, 1, 1, 1, 30, 'no', 0),
(1737, 3, 1, 3, 0, 1, 1, 2, 5, 'no', 0),
(1738, 3, 1, 3, 0, 1, 1, 3, 5, 'no', 0),
(1739, 3, 1, 3, 0, 1, 1, 4, 5, 'no', 0),
(1740, 3, 1, 3, 0, 1, 1, 5, 5, 'no', 0),
(1741, 3, 1, 5, 0, 1, 1, 1, 0, 'no', 0),
(1742, 3, 1, 6, 0, 1, 1, 1, 0, 'no', 0),
(1743, 3, 1, 7, 0, 1, 1, 1, 0, 'no', 0),
(1744, 3, 1, 8, 0, 1, 1, 1, 0, 'no', 0),
(1745, 3, 1, 9, 0, 1, 1, 1, 0, 'no', 0),
(1746, 3, 1, 10, 0, 1, 1, 1, 30, 'no', 0),
(1747, 3, 1, 10, 0, 1, 1, 2, 5, 'no', 0),
(1748, 3, 1, 10, 0, 1, 1, 3, 5, 'no', 0),
(1749, 3, 1, 10, 0, 1, 1, 4, 5, 'no', 0),
(1750, 3, 1, 10, 0, 1, 1, 5, 5, 'no', 0),
(1751, 3, 1, 11, 0, 1, 1, 1, 30, 'no', 0),
(1752, 3, 1, 11, 0, 1, 1, 2, 5, 'no', 0),
(1753, 3, 1, 11, 0, 1, 1, 3, 5, 'no', 0),
(1754, 3, 1, 11, 0, 1, 1, 4, 5, 'no', 0),
(1755, 3, 1, 11, 0, 1, 1, 5, 5, 'no', 0),
(1756, 3, 2, 1, 0, 1, 1, 1, 30, 'no', 0),
(1757, 3, 2, 1, 0, 1, 1, 2, 5, 'no', 0),
(1758, 3, 2, 1, 0, 1, 1, 3, 5, 'no', 0),
(1759, 3, 2, 1, 0, 1, 1, 4, 5, 'no', 0),
(1760, 3, 2, 1, 0, 1, 1, 5, 5, 'no', 0),
(1761, 3, 2, 2, 0, 1, 1, 1, 30, 'no', 0),
(1762, 3, 2, 2, 0, 1, 1, 2, 5, 'no', 0),
(1763, 3, 2, 2, 0, 1, 1, 3, 5, 'no', 0),
(1764, 3, 2, 2, 0, 1, 1, 4, 5, 'no', 0),
(1765, 3, 2, 2, 0, 1, 1, 5, 5, 'no', 0),
(1766, 3, 2, 3, 0, 1, 1, 1, 30, 'no', 0),
(1767, 3, 2, 3, 0, 1, 1, 2, 5, 'no', 0),
(1768, 3, 2, 3, 0, 1, 1, 3, 5, 'no', 0),
(1769, 3, 2, 3, 0, 1, 1, 4, 5, 'no', 0),
(1770, 3, 2, 3, 0, 1, 1, 5, 5, 'no', 0),
(1771, 3, 2, 5, 0, 1, 1, 1, 0, 'no', 0),
(1772, 3, 2, 6, 0, 1, 1, 1, 0, 'no', 0),
(1773, 3, 2, 7, 0, 1, 1, 1, 0, 'no', 0),
(1774, 3, 2, 8, 0, 1, 1, 1, 0, 'no', 0),
(1775, 3, 2, 9, 0, 1, 1, 1, 0, 'no', 0),
(1776, 3, 2, 10, 0, 1, 1, 1, 30, 'no', 0),
(1777, 3, 2, 10, 0, 1, 1, 2, 5, 'no', 0),
(1778, 3, 2, 10, 0, 1, 1, 3, 5, 'no', 0),
(1779, 3, 2, 10, 0, 1, 1, 4, 5, 'no', 0),
(1780, 3, 2, 10, 0, 1, 1, 5, 5, 'no', 0),
(1781, 3, 2, 11, 0, 1, 1, 1, 30, 'no', 0),
(1782, 3, 2, 11, 0, 1, 1, 2, 5, 'no', 0),
(1783, 3, 2, 11, 0, 1, 1, 3, 5, 'no', 0),
(1784, 3, 2, 11, 0, 1, 1, 4, 5, 'no', 0),
(1785, 3, 2, 11, 0, 1, 1, 5, 5, 'no', 0),
(1786, 4, 1, 1, 0, 1, 1, 1, 30, 'no', 0),
(1787, 4, 1, 1, 0, 1, 1, 2, 5, 'no', 0),
(1788, 4, 1, 1, 0, 1, 1, 3, 5, 'no', 0),
(1789, 4, 1, 1, 0, 1, 1, 4, 5, 'no', 0),
(1790, 4, 1, 1, 0, 1, 1, 5, 5, 'no', 0),
(1791, 4, 1, 2, 0, 1, 1, 1, 30, 'no', 0),
(1792, 4, 1, 2, 0, 1, 1, 2, 5, 'no', 0),
(1793, 4, 1, 2, 0, 1, 1, 3, 5, 'no', 0),
(1794, 4, 1, 2, 0, 1, 1, 4, 5, 'no', 0),
(1795, 4, 1, 2, 0, 1, 1, 5, 5, 'no', 0),
(1796, 4, 1, 3, 0, 1, 1, 1, 30, 'no', 0),
(1797, 4, 1, 3, 0, 1, 1, 2, 5, 'no', 0),
(1798, 4, 1, 3, 0, 1, 1, 3, 5, 'no', 0),
(1799, 4, 1, 3, 0, 1, 1, 4, 5, 'no', 0),
(1800, 4, 1, 3, 0, 1, 1, 5, 5, 'no', 0),
(1801, 4, 1, 5, 0, 1, 1, 1, 0, 'no', 0),
(1802, 4, 1, 6, 0, 1, 1, 1, 0, 'no', 0),
(1803, 4, 1, 7, 0, 1, 1, 1, 0, 'no', 0),
(1804, 4, 1, 8, 0, 1, 1, 1, 0, 'no', 0),
(1805, 4, 1, 9, 0, 1, 1, 1, 0, 'no', 0),
(1806, 4, 1, 10, 0, 1, 1, 1, 30, 'no', 0),
(1807, 4, 1, 10, 0, 1, 1, 2, 5, 'no', 0),
(1808, 4, 1, 10, 0, 1, 1, 3, 5, 'no', 0),
(1809, 4, 1, 10, 0, 1, 1, 4, 5, 'no', 0),
(1810, 4, 1, 10, 0, 1, 1, 5, 5, 'no', 0),
(1811, 4, 1, 11, 0, 1, 1, 1, 30, 'no', 0),
(1812, 4, 1, 11, 0, 1, 1, 2, 5, 'no', 0),
(1813, 4, 1, 11, 0, 1, 1, 3, 5, 'no', 0),
(1814, 4, 1, 11, 0, 1, 1, 4, 5, 'no', 0),
(1815, 4, 1, 11, 0, 1, 1, 5, 5, 'no', 0),
(1816, 4, 2, 1, 0, 1, 1, 1, 30, 'no', 0),
(1817, 4, 2, 1, 0, 1, 1, 2, 5, 'no', 0),
(1818, 4, 2, 1, 0, 1, 1, 3, 5, 'no', 0),
(1819, 4, 2, 1, 0, 1, 1, 4, 5, 'no', 0),
(1820, 4, 2, 1, 0, 1, 1, 5, 5, 'no', 0),
(1821, 4, 2, 2, 0, 1, 1, 1, 30, 'no', 0),
(1822, 4, 2, 2, 0, 1, 1, 2, 5, 'no', 0),
(1823, 4, 2, 2, 0, 1, 1, 3, 5, 'no', 0),
(1824, 4, 2, 2, 0, 1, 1, 4, 5, 'no', 0),
(1825, 4, 2, 2, 0, 1, 1, 5, 5, 'no', 0),
(1826, 4, 2, 3, 0, 1, 1, 1, 30, 'no', 0),
(1827, 4, 2, 3, 0, 1, 1, 2, 5, 'no', 0),
(1828, 4, 2, 3, 0, 1, 1, 3, 5, 'no', 0),
(1829, 4, 2, 3, 0, 1, 1, 4, 5, 'no', 0),
(1830, 4, 2, 3, 0, 1, 1, 5, 5, 'no', 0),
(1831, 4, 2, 5, 0, 1, 1, 1, 0, 'no', 0),
(1832, 4, 2, 6, 0, 1, 1, 1, 0, 'no', 0),
(1833, 4, 2, 7, 0, 1, 1, 1, 0, 'no', 0),
(1834, 4, 2, 8, 0, 1, 1, 1, 0, 'no', 0),
(1835, 4, 2, 9, 0, 1, 1, 1, 0, 'no', 0),
(1836, 4, 2, 10, 0, 1, 1, 1, 30, 'no', 0),
(1837, 4, 2, 10, 0, 1, 1, 2, 5, 'no', 0),
(1838, 4, 2, 10, 0, 1, 1, 3, 5, 'no', 0),
(1839, 4, 2, 10, 0, 1, 1, 4, 5, 'no', 0),
(1840, 4, 2, 10, 0, 1, 1, 5, 5, 'no', 0),
(1841, 4, 2, 11, 0, 1, 1, 1, 30, 'no', 0),
(1842, 4, 2, 11, 0, 1, 1, 2, 5, 'no', 0),
(1843, 4, 2, 11, 0, 1, 1, 3, 5, 'no', 0),
(1844, 4, 2, 11, 0, 1, 1, 4, 5, 'no', 0),
(1845, 4, 2, 11, 0, 1, 1, 5, 5, 'no', 0),
(1846, 5, 1, 1, 0, 1, 1, 1, 30, 'no', 0),
(1847, 5, 1, 1, 0, 1, 1, 2, 5, 'no', 0),
(1848, 5, 1, 1, 0, 1, 1, 3, 5, 'no', 0),
(1849, 5, 1, 1, 0, 1, 1, 4, 5, 'no', 0),
(1850, 5, 1, 1, 0, 1, 1, 5, 5, 'no', 0),
(1851, 5, 1, 2, 0, 1, 1, 1, 30, 'no', 0),
(1852, 5, 1, 2, 0, 1, 1, 2, 5, 'no', 0),
(1853, 5, 1, 2, 0, 1, 1, 3, 5, 'no', 0),
(1854, 5, 1, 2, 0, 1, 1, 4, 5, 'no', 0),
(1855, 5, 1, 2, 0, 1, 1, 5, 5, 'no', 0),
(1856, 5, 1, 3, 0, 1, 1, 1, 30, 'no', 0),
(1857, 5, 1, 3, 0, 1, 1, 2, 5, 'no', 0),
(1858, 5, 1, 3, 0, 1, 1, 3, 5, 'no', 0),
(1859, 5, 1, 3, 0, 1, 1, 4, 5, 'no', 0),
(1860, 5, 1, 3, 0, 1, 1, 5, 5, 'no', 0),
(1861, 5, 1, 5, 0, 1, 1, 1, 0, 'no', 0),
(1862, 5, 1, 6, 0, 1, 1, 1, 0, 'no', 0),
(1863, 5, 1, 7, 0, 1, 1, 1, 0, 'no', 0),
(1864, 5, 1, 8, 0, 1, 1, 1, 0, 'no', 0),
(1865, 5, 1, 9, 0, 1, 1, 1, 0, 'no', 0),
(1866, 5, 1, 10, 0, 1, 1, 1, 30, 'no', 0),
(1867, 5, 1, 10, 0, 1, 1, 2, 5, 'no', 0),
(1868, 5, 1, 10, 0, 1, 1, 3, 5, 'no', 0),
(1869, 5, 1, 10, 0, 1, 1, 4, 5, 'no', 0),
(1870, 5, 1, 10, 0, 1, 1, 5, 5, 'no', 0),
(1871, 5, 1, 11, 0, 1, 1, 1, 30, 'no', 0),
(1872, 5, 1, 11, 0, 1, 1, 2, 5, 'no', 0),
(1873, 5, 1, 11, 0, 1, 1, 3, 5, 'no', 0),
(1874, 5, 1, 11, 0, 1, 1, 4, 5, 'no', 0),
(1875, 5, 1, 11, 0, 1, 1, 5, 5, 'no', 0),
(1876, 5, 2, 1, 0, 1, 1, 1, 30, 'no', 0),
(1877, 5, 2, 1, 0, 1, 1, 2, 5, 'no', 0),
(1878, 5, 2, 1, 0, 1, 1, 3, 5, 'no', 0),
(1879, 5, 2, 1, 0, 1, 1, 4, 5, 'no', 0),
(1880, 5, 2, 1, 0, 1, 1, 5, 5, 'no', 0),
(1881, 5, 2, 2, 0, 1, 1, 1, 30, 'no', 0),
(1882, 5, 2, 2, 0, 1, 1, 2, 5, 'no', 0),
(1883, 5, 2, 2, 0, 1, 1, 3, 5, 'no', 0),
(1884, 5, 2, 2, 0, 1, 1, 4, 5, 'no', 0),
(1885, 5, 2, 2, 0, 1, 1, 5, 5, 'no', 0),
(1886, 5, 2, 3, 0, 1, 1, 1, 30, 'no', 0),
(1887, 5, 2, 3, 0, 1, 1, 2, 5, 'no', 0),
(1888, 5, 2, 3, 0, 1, 1, 3, 5, 'no', 0),
(1889, 5, 2, 3, 0, 1, 1, 4, 5, 'no', 0),
(1890, 5, 2, 3, 0, 1, 1, 5, 5, 'no', 0),
(1891, 5, 2, 5, 0, 1, 1, 1, 0, 'no', 0),
(1892, 5, 2, 6, 0, 1, 1, 1, 0, 'no', 0),
(1893, 5, 2, 7, 0, 1, 1, 1, 0, 'no', 0),
(1894, 5, 2, 8, 0, 1, 1, 1, 0, 'no', 0),
(1895, 5, 2, 9, 0, 1, 1, 1, 0, 'no', 0),
(1896, 5, 2, 10, 0, 1, 1, 1, 30, 'no', 0),
(1897, 5, 2, 10, 0, 1, 1, 2, 5, 'no', 0),
(1898, 5, 2, 10, 0, 1, 1, 3, 5, 'no', 0),
(1899, 5, 2, 10, 0, 1, 1, 4, 5, 'no', 0),
(1900, 5, 2, 10, 0, 1, 1, 5, 5, 'no', 0),
(1901, 5, 2, 11, 0, 1, 1, 1, 30, 'no', 0),
(1902, 5, 2, 11, 0, 1, 1, 2, 5, 'no', 0),
(1903, 5, 2, 11, 0, 1, 1, 3, 5, 'no', 0),
(1904, 5, 2, 11, 0, 1, 1, 4, 5, 'no', 0),
(1905, 5, 2, 11, 0, 1, 1, 5, 5, 'no', 0),
(1906, 6, 1, 1, 0, 1, 1, 1, 30, 'no', 0),
(1907, 6, 1, 1, 0, 1, 1, 2, 5, 'no', 0),
(1908, 6, 1, 1, 0, 1, 1, 3, 5, 'no', 0),
(1909, 6, 1, 1, 0, 1, 1, 4, 5, 'no', 0),
(1910, 6, 1, 1, 0, 1, 1, 5, 5, 'no', 0),
(1911, 6, 1, 2, 0, 1, 1, 1, 30, 'no', 0),
(1912, 6, 1, 2, 0, 1, 1, 2, 5, 'no', 0),
(1913, 6, 1, 2, 0, 1, 1, 3, 5, 'no', 0),
(1914, 6, 1, 2, 0, 1, 1, 4, 5, 'no', 0),
(1915, 6, 1, 2, 0, 1, 1, 5, 5, 'no', 0),
(1916, 6, 1, 3, 0, 1, 1, 1, 30, 'no', 0),
(1917, 6, 1, 3, 0, 1, 1, 2, 5, 'no', 0),
(1918, 6, 1, 3, 0, 1, 1, 3, 5, 'no', 0),
(1919, 6, 1, 3, 0, 1, 1, 4, 5, 'no', 0),
(1920, 6, 1, 3, 0, 1, 1, 5, 5, 'no', 0),
(1921, 6, 1, 5, 0, 1, 1, 1, 0, 'no', 0),
(1922, 6, 1, 6, 0, 1, 1, 1, 0, 'no', 0),
(1923, 6, 1, 7, 0, 1, 1, 1, 0, 'no', 0),
(1924, 6, 1, 8, 0, 1, 1, 1, 0, 'no', 0),
(1925, 6, 1, 9, 0, 1, 1, 1, 0, 'no', 0),
(1926, 6, 1, 10, 0, 1, 1, 1, 30, 'no', 0),
(1927, 6, 1, 10, 0, 1, 1, 2, 5, 'no', 0),
(1928, 6, 1, 10, 0, 1, 1, 3, 5, 'no', 0),
(1929, 6, 1, 10, 0, 1, 1, 4, 5, 'no', 0),
(1930, 6, 1, 10, 0, 1, 1, 5, 5, 'no', 0),
(1931, 6, 1, 11, 0, 1, 1, 1, 30, 'no', 0),
(1932, 6, 1, 11, 0, 1, 1, 2, 5, 'no', 0),
(1933, 6, 1, 11, 0, 1, 1, 3, 5, 'no', 0),
(1934, 6, 1, 11, 0, 1, 1, 4, 5, 'no', 0),
(1935, 6, 1, 11, 0, 1, 1, 5, 5, 'no', 0),
(1936, 6, 1, 12, 0, 1, 1, 1, 30, 'no', 0),
(1937, 6, 1, 12, 0, 1, 1, 2, 5, 'no', 0),
(1938, 6, 1, 12, 0, 1, 1, 3, 5, 'no', 0),
(1939, 6, 1, 12, 0, 1, 1, 4, 5, 'no', 0),
(1940, 6, 1, 12, 0, 1, 1, 5, 5, 'no', 0),
(1941, 6, 1, 13, 0, 1, 1, 1, 0, 'no', 0),
(1942, 6, 1, 13, 0, 1, 1, 2, 0, 'no', 0),
(1943, 6, 1, 13, 0, 1, 1, 3, 0, 'no', 0),
(1944, 6, 1, 13, 0, 1, 1, 4, 0, 'no', 0),
(1945, 6, 1, 13, 0, 1, 1, 5, 0, 'no', 0),
(1946, 6, 2, 1, 0, 1, 1, 1, 30, 'no', 0),
(1947, 6, 2, 1, 0, 1, 1, 2, 5, 'no', 0),
(1948, 6, 2, 1, 0, 1, 1, 3, 5, 'no', 0),
(1949, 6, 2, 1, 0, 1, 1, 4, 5, 'no', 0),
(1950, 6, 2, 1, 0, 1, 1, 5, 5, 'no', 0),
(1951, 6, 2, 2, 0, 1, 1, 1, 30, 'no', 0),
(1952, 6, 2, 2, 0, 1, 1, 2, 5, 'no', 0),
(1953, 6, 2, 2, 0, 1, 1, 3, 5, 'no', 0),
(1954, 6, 2, 2, 0, 1, 1, 4, 5, 'no', 0),
(1955, 6, 2, 2, 0, 1, 1, 5, 5, 'no', 0),
(1956, 6, 2, 3, 0, 1, 1, 1, 30, 'no', 0),
(1957, 6, 2, 3, 0, 1, 1, 2, 5, 'no', 0),
(1958, 6, 2, 3, 0, 1, 1, 3, 5, 'no', 0),
(1959, 6, 2, 3, 0, 1, 1, 4, 5, 'no', 0),
(1960, 6, 2, 3, 0, 1, 1, 5, 5, 'no', 0),
(1961, 6, 2, 5, 0, 1, 1, 1, 0, 'no', 0),
(1962, 6, 2, 6, 0, 1, 1, 1, 0, 'no', 0),
(1963, 6, 2, 7, 0, 1, 1, 1, 0, 'no', 0),
(1964, 6, 2, 8, 0, 1, 1, 1, 0, 'no', 0),
(1965, 6, 2, 9, 0, 1, 1, 1, 0, 'no', 0),
(1966, 6, 2, 10, 0, 1, 1, 1, 30, 'no', 0),
(1967, 6, 2, 10, 0, 1, 1, 2, 5, 'no', 0),
(1968, 6, 2, 10, 0, 1, 1, 3, 5, 'no', 0),
(1969, 6, 2, 10, 0, 1, 1, 4, 5, 'no', 0),
(1970, 6, 2, 10, 0, 1, 1, 5, 5, 'no', 0),
(1971, 6, 2, 11, 0, 1, 1, 1, 30, 'no', 0),
(1972, 6, 2, 11, 0, 1, 1, 2, 5, 'no', 0),
(1973, 6, 2, 11, 0, 1, 1, 3, 5, 'no', 0),
(1974, 6, 2, 11, 0, 1, 1, 4, 5, 'no', 0),
(1975, 6, 2, 11, 0, 1, 1, 5, 5, 'no', 0),
(1976, 6, 2, 12, 0, 1, 1, 1, 30, 'no', 0),
(1977, 6, 2, 12, 0, 1, 1, 2, 5, 'no', 0),
(1978, 6, 2, 12, 0, 1, 1, 3, 5, 'no', 0),
(1979, 6, 2, 12, 0, 1, 1, 4, 5, 'no', 0),
(1980, 6, 2, 12, 0, 1, 1, 5, 5, 'no', 0),
(1981, 6, 2, 13, 0, 1, 1, 1, 0, 'no', 0),
(1982, 6, 2, 13, 0, 1, 1, 2, 0, 'no', 0),
(1983, 6, 2, 13, 0, 1, 1, 3, 0, 'no', 0),
(1984, 6, 2, 13, 0, 1, 1, 4, 0, 'no', 0),
(1985, 6, 2, 13, 0, 1, 1, 5, 0, 'no', 0),
(1986, 7, 1, 1, 0, 1, 1, 1, 30, 'no', 0),
(1987, 7, 1, 1, 0, 1, 1, 2, 5, 'no', 0),
(1988, 7, 1, 1, 0, 1, 1, 3, 5, 'no', 0),
(1989, 7, 1, 1, 0, 1, 1, 4, 5, 'no', 0),
(1990, 7, 1, 1, 0, 1, 1, 5, 5, 'no', 0),
(1991, 7, 1, 2, 0, 1, 1, 1, 30, 'no', 0),
(1992, 7, 1, 2, 0, 1, 1, 2, 5, 'no', 0),
(1993, 7, 1, 2, 0, 1, 1, 3, 5, 'no', 0),
(1994, 7, 1, 2, 0, 1, 1, 4, 5, 'no', 0),
(1995, 7, 1, 2, 0, 1, 1, 5, 5, 'no', 0),
(1996, 7, 1, 3, 0, 1, 1, 1, 30, 'no', 0),
(1997, 7, 1, 3, 0, 1, 1, 2, 5, 'no', 0),
(1998, 7, 1, 3, 0, 1, 1, 3, 5, 'no', 0),
(1999, 7, 1, 3, 0, 1, 1, 4, 5, 'no', 0),
(2000, 7, 1, 3, 0, 1, 1, 5, 5, 'no', 0),
(2001, 7, 1, 5, 0, 1, 1, 1, 0, 'no', 0),
(2002, 7, 1, 6, 0, 1, 1, 1, 0, 'no', 0),
(2003, 7, 1, 7, 0, 1, 1, 1, 0, 'no', 0),
(2004, 7, 1, 8, 0, 1, 1, 1, 0, 'no', 0),
(2005, 7, 1, 9, 0, 1, 1, 1, 0, 'no', 0),
(2006, 7, 1, 10, 0, 1, 1, 1, 30, 'no', 0),
(2007, 7, 1, 10, 0, 1, 1, 2, 5, 'no', 0),
(2008, 7, 1, 10, 0, 1, 1, 3, 5, 'no', 0),
(2009, 7, 1, 10, 0, 1, 1, 4, 5, 'no', 0),
(2010, 7, 1, 10, 0, 1, 1, 5, 5, 'no', 0),
(2011, 7, 1, 11, 0, 1, 1, 1, 30, 'no', 0),
(2012, 7, 1, 11, 0, 1, 1, 2, 5, 'no', 0),
(2013, 7, 1, 11, 0, 1, 1, 3, 5, 'no', 0),
(2014, 7, 1, 11, 0, 1, 1, 4, 5, 'no', 0),
(2015, 7, 1, 11, 0, 1, 1, 5, 5, 'no', 0),
(2016, 7, 1, 12, 0, 1, 1, 1, 30, 'no', 0),
(2017, 7, 1, 12, 0, 1, 1, 2, 5, 'no', 0),
(2018, 7, 1, 12, 0, 1, 1, 3, 5, 'no', 0),
(2019, 7, 1, 12, 0, 1, 1, 4, 5, 'no', 0),
(2020, 7, 1, 12, 0, 1, 1, 5, 5, 'no', 0),
(2021, 7, 1, 13, 0, 1, 1, 1, 0, 'no', 0),
(2022, 7, 1, 13, 0, 1, 1, 2, 0, 'no', 0),
(2023, 7, 1, 13, 0, 1, 1, 3, 0, 'no', 0),
(2024, 7, 1, 13, 0, 1, 1, 4, 0, 'no', 0),
(2025, 7, 1, 13, 0, 1, 1, 5, 0, 'no', 0),
(2026, 7, 2, 1, 0, 1, 1, 1, 30, 'no', 0),
(2027, 7, 2, 1, 0, 1, 1, 2, 5, 'no', 0),
(2028, 7, 2, 1, 0, 1, 1, 3, 5, 'no', 0),
(2029, 7, 2, 1, 0, 1, 1, 4, 5, 'no', 0),
(2030, 7, 2, 1, 0, 1, 1, 5, 5, 'no', 0),
(2031, 7, 2, 2, 0, 1, 1, 1, 30, 'no', 0),
(2032, 7, 2, 2, 0, 1, 1, 2, 5, 'no', 0),
(2033, 7, 2, 2, 0, 1, 1, 3, 5, 'no', 0),
(2034, 7, 2, 2, 0, 1, 1, 4, 5, 'no', 0),
(2035, 7, 2, 2, 0, 1, 1, 5, 5, 'no', 0),
(2036, 7, 2, 3, 0, 1, 1, 1, 30, 'no', 0),
(2037, 7, 2, 3, 0, 1, 1, 2, 5, 'no', 0),
(2038, 7, 2, 3, 0, 1, 1, 3, 5, 'no', 0),
(2039, 7, 2, 3, 0, 1, 1, 4, 5, 'no', 0),
(2040, 7, 2, 3, 0, 1, 1, 5, 5, 'no', 0),
(2041, 7, 2, 5, 0, 1, 1, 1, 0, 'no', 0),
(2042, 7, 2, 6, 0, 1, 1, 1, 0, 'no', 0),
(2043, 7, 2, 7, 0, 1, 1, 1, 0, 'no', 0),
(2044, 7, 2, 8, 0, 1, 1, 1, 0, 'no', 0),
(2045, 7, 2, 9, 0, 1, 1, 1, 0, 'no', 0),
(2046, 7, 2, 10, 0, 1, 1, 1, 30, 'no', 0),
(2047, 7, 2, 10, 0, 1, 1, 2, 5, 'no', 0),
(2048, 7, 2, 10, 0, 1, 1, 3, 5, 'no', 0),
(2049, 7, 2, 10, 0, 1, 1, 4, 5, 'no', 0),
(2050, 7, 2, 10, 0, 1, 1, 5, 5, 'no', 0),
(2051, 7, 2, 11, 0, 1, 1, 1, 30, 'no', 0),
(2052, 7, 2, 11, 0, 1, 1, 2, 5, 'no', 0),
(2053, 7, 2, 11, 0, 1, 1, 3, 5, 'no', 0),
(2054, 7, 2, 11, 0, 1, 1, 4, 5, 'no', 0),
(2055, 7, 2, 11, 0, 1, 1, 5, 5, 'no', 0),
(2056, 7, 2, 12, 0, 1, 1, 1, 30, 'no', 0),
(2057, 7, 2, 12, 0, 1, 1, 2, 5, 'no', 0),
(2058, 7, 2, 12, 0, 1, 1, 3, 5, 'no', 0),
(2059, 7, 2, 12, 0, 1, 1, 4, 5, 'no', 0),
(2060, 7, 2, 12, 0, 1, 1, 5, 5, 'no', 0),
(2061, 7, 2, 13, 0, 1, 1, 1, 0, 'no', 0),
(2062, 7, 2, 13, 0, 1, 1, 2, 0, 'no', 0),
(2063, 7, 2, 13, 0, 1, 1, 3, 0, 'no', 0),
(2064, 7, 2, 13, 0, 1, 1, 4, 0, 'no', 0),
(2065, 7, 2, 13, 0, 1, 1, 5, 0, 'no', 0),
(2066, 8, 1, 1, 0, 1, 1, 1, 30, 'no', 0),
(2067, 8, 1, 1, 0, 1, 1, 2, 5, 'no', 0),
(2068, 8, 1, 1, 0, 1, 1, 3, 5, 'no', 0),
(2069, 8, 1, 1, 0, 1, 1, 4, 5, 'no', 0),
(2070, 8, 1, 1, 0, 1, 1, 5, 5, 'no', 0),
(2071, 8, 1, 2, 0, 1, 1, 1, 30, 'no', 0),
(2072, 8, 1, 2, 0, 1, 1, 2, 5, 'no', 0),
(2073, 8, 1, 2, 0, 1, 1, 3, 5, 'no', 0),
(2074, 8, 1, 2, 0, 1, 1, 4, 5, 'no', 0),
(2075, 8, 1, 2, 0, 1, 1, 5, 5, 'no', 0),
(2076, 8, 1, 3, 0, 1, 1, 1, 30, 'no', 0),
(2077, 8, 1, 3, 0, 1, 1, 2, 5, 'no', 0),
(2078, 8, 1, 3, 0, 1, 1, 3, 5, 'no', 0),
(2079, 8, 1, 3, 0, 1, 1, 4, 5, 'no', 0),
(2080, 8, 1, 3, 0, 1, 1, 5, 5, 'no', 0),
(2081, 8, 1, 5, 0, 1, 1, 1, 0, 'no', 0),
(2082, 8, 1, 6, 0, 1, 1, 1, 0, 'no', 0),
(2083, 8, 1, 7, 0, 1, 1, 1, 0, 'no', 0),
(2084, 8, 1, 8, 0, 1, 1, 1, 0, 'no', 0),
(2085, 8, 1, 9, 0, 1, 1, 1, 0, 'no', 0),
(2086, 8, 1, 10, 0, 1, 1, 1, 30, 'no', 0),
(2087, 8, 1, 10, 0, 1, 1, 2, 5, 'no', 0),
(2088, 8, 1, 10, 0, 1, 1, 3, 5, 'no', 0),
(2089, 8, 1, 10, 0, 1, 1, 4, 5, 'no', 0),
(2090, 8, 1, 10, 0, 1, 1, 5, 5, 'no', 0),
(2091, 8, 1, 11, 0, 1, 1, 1, 30, 'no', 0),
(2092, 8, 1, 11, 0, 1, 1, 2, 5, 'no', 0),
(2093, 8, 1, 11, 0, 1, 1, 3, 5, 'no', 0),
(2094, 8, 1, 11, 0, 1, 1, 4, 5, 'no', 0),
(2095, 8, 1, 11, 0, 1, 1, 5, 5, 'no', 0),
(2096, 8, 1, 12, 0, 1, 1, 1, 30, 'no', 0),
(2097, 8, 1, 12, 0, 1, 1, 2, 5, 'no', 0),
(2098, 8, 1, 12, 0, 1, 1, 3, 5, 'no', 0),
(2099, 8, 1, 12, 0, 1, 1, 4, 5, 'no', 0),
(2100, 8, 1, 12, 0, 1, 1, 5, 5, 'no', 0),
(2101, 8, 1, 13, 0, 1, 1, 1, 0, 'no', 0),
(2102, 8, 1, 13, 0, 1, 1, 2, 0, 'no', 0),
(2103, 8, 1, 13, 0, 1, 1, 3, 0, 'no', 0),
(2104, 8, 1, 13, 0, 1, 1, 4, 0, 'no', 0),
(2105, 8, 1, 13, 0, 1, 1, 5, 0, 'no', 0),
(2106, 8, 2, 1, 0, 1, 1, 1, 30, 'no', 0),
(2107, 8, 2, 1, 0, 1, 1, 2, 5, 'no', 0),
(2108, 8, 2, 1, 0, 1, 1, 3, 5, 'no', 0),
(2109, 8, 2, 1, 0, 1, 1, 4, 5, 'no', 0),
(2110, 8, 2, 1, 0, 1, 1, 5, 5, 'no', 0),
(2111, 8, 2, 2, 0, 1, 1, 1, 30, 'no', 0),
(2112, 8, 2, 2, 0, 1, 1, 2, 5, 'no', 0),
(2113, 8, 2, 2, 0, 1, 1, 3, 5, 'no', 0),
(2114, 8, 2, 2, 0, 1, 1, 4, 5, 'no', 0),
(2115, 8, 2, 2, 0, 1, 1, 5, 5, 'no', 0),
(2116, 8, 2, 3, 0, 1, 1, 1, 30, 'no', 0),
(2117, 8, 2, 3, 0, 1, 1, 2, 5, 'no', 0),
(2118, 8, 2, 3, 0, 1, 1, 3, 5, 'no', 0),
(2119, 8, 2, 3, 0, 1, 1, 4, 5, 'no', 0),
(2120, 8, 2, 3, 0, 1, 1, 5, 5, 'no', 0),
(2121, 8, 2, 5, 0, 1, 1, 1, 0, 'no', 0),
(2122, 8, 2, 6, 0, 1, 1, 1, 0, 'no', 0),
(2123, 8, 2, 7, 0, 1, 1, 1, 0, 'no', 0),
(2124, 8, 2, 8, 0, 1, 1, 1, 0, 'no', 0),
(2125, 8, 2, 9, 0, 1, 1, 1, 0, 'no', 0),
(2126, 8, 2, 10, 0, 1, 1, 1, 30, 'no', 0),
(2127, 8, 2, 10, 0, 1, 1, 2, 5, 'no', 0),
(2128, 8, 2, 10, 0, 1, 1, 3, 5, 'no', 0),
(2129, 8, 2, 10, 0, 1, 1, 4, 5, 'no', 0),
(2130, 8, 2, 10, 0, 1, 1, 5, 5, 'no', 0),
(2131, 8, 2, 11, 0, 1, 1, 1, 30, 'no', 0),
(2132, 8, 2, 11, 0, 1, 1, 2, 5, 'no', 0),
(2133, 8, 2, 11, 0, 1, 1, 3, 5, 'no', 0),
(2134, 8, 2, 11, 0, 1, 1, 4, 5, 'no', 0),
(2135, 8, 2, 11, 0, 1, 1, 5, 5, 'no', 0),
(2136, 8, 2, 12, 0, 1, 1, 1, 30, 'no', 0),
(2137, 8, 2, 12, 0, 1, 1, 2, 5, 'no', 0),
(2138, 8, 2, 12, 0, 1, 1, 3, 5, 'no', 0),
(2139, 8, 2, 12, 0, 1, 1, 4, 5, 'no', 0),
(2140, 8, 2, 12, 0, 1, 1, 5, 5, 'no', 0),
(2141, 8, 2, 13, 0, 1, 1, 1, 0, 'no', 0),
(2142, 8, 2, 13, 0, 1, 1, 2, 0, 'no', 0),
(2143, 8, 2, 13, 0, 1, 1, 3, 0, 'no', 0),
(2144, 8, 2, 13, 0, 1, 1, 4, 0, 'no', 0),
(2145, 8, 2, 13, 0, 1, 1, 5, 0, 'no', 0),
(2146, 1, 1, 1, 0, 1, 3, 1, 80, 'no', 0),
(2147, 1, 1, 1, 0, 1, 3, 6, 5, 'no', 0),
(2148, 1, 1, 1, 0, 1, 3, 7, 5, 'no', 0),
(2149, 1, 1, 1, 0, 1, 3, 8, 5, 'no', 0),
(2150, 1, 1, 1, 0, 1, 3, 9, 5, 'no', 0),
(2151, 1, 1, 1, 0, 1, 3, 15, 80, 'no', 0),
(2152, 1, 1, 1, 0, 1, 3, 16, 5, 'no', 0),
(2153, 1, 1, 1, 0, 1, 3, 17, 5, 'no', 0),
(2154, 1, 1, 1, 0, 1, 3, 18, 5, 'no', 0),
(2155, 1, 1, 1, 0, 1, 3, 19, 5, 'no', 0),
(2156, 1, 1, 2, 0, 1, 3, 1, 80, 'no', 0),
(2157, 1, 1, 2, 0, 1, 3, 6, 5, 'no', 0),
(2158, 1, 1, 2, 0, 1, 3, 7, 5, 'no', 0),
(2159, 1, 1, 2, 0, 1, 3, 8, 5, 'no', 0),
(2160, 1, 1, 2, 0, 1, 3, 9, 5, 'no', 0),
(2161, 1, 1, 2, 0, 1, 3, 15, 80, 'no', 0),
(2162, 1, 1, 2, 0, 1, 3, 16, 5, 'no', 0),
(2163, 1, 1, 2, 0, 1, 3, 17, 5, 'no', 0),
(2164, 1, 1, 2, 0, 1, 3, 18, 5, 'no', 0),
(2165, 1, 1, 2, 0, 1, 3, 19, 5, 'no', 0),
(2166, 1, 1, 3, 0, 1, 3, 1, 80, 'no', 0),
(2167, 1, 1, 3, 0, 1, 3, 11, 5, 'no', 0),
(2168, 1, 1, 3, 0, 1, 3, 13, 5, 'no', 0),
(2169, 1, 1, 3, 0, 1, 3, 20, 10, 'no', 0),
(2170, 1, 1, 4, 0, 1, 3, 1, 80, 'no', 0),
(2171, 1, 1, 4, 0, 1, 3, 11, 10, 'no', 0),
(2172, 1, 1, 4, 0, 1, 3, 13, 10, 'no', 0),
(2173, 1, 1, 5, 0, 1, 3, 1, 60, 'no', 0),
(2174, 1, 1, 5, 0, 1, 3, 10, 10, 'no', 0),
(2175, 1, 1, 5, 0, 1, 3, 11, 10, 'no', 0),
(2176, 1, 1, 5, 0, 1, 3, 12, 20, 'no', 0),
(2177, 1, 1, 6, 0, 1, 3, 1, 50, 'no', 0),
(2178, 1, 1, 7, 0, 1, 3, 1, 0, 'no', 0),
(2179, 1, 1, 8, 0, 1, 3, 1, 0, 'no', 0),
(2180, 1, 1, 9, 0, 1, 3, 1, 0, 'no', 0),
(2181, 1, 2, 1, 0, 1, 3, 1, 80, 'no', 0),
(2182, 1, 2, 1, 0, 1, 3, 6, 5, 'no', 0),
(2183, 1, 2, 1, 0, 1, 3, 7, 5, 'no', 0),
(2184, 1, 2, 1, 0, 1, 3, 8, 5, 'no', 0),
(2185, 1, 2, 1, 0, 1, 3, 9, 5, 'no', 0),
(2186, 1, 2, 1, 0, 1, 3, 15, 80, 'no', 0),
(2187, 1, 2, 1, 0, 1, 3, 16, 5, 'no', 0),
(2188, 1, 2, 1, 0, 1, 3, 17, 5, 'no', 0),
(2189, 1, 2, 1, 0, 1, 3, 18, 5, 'no', 0),
(2190, 1, 2, 1, 0, 1, 3, 19, 0, 'no', 0),
(2191, 1, 2, 2, 0, 1, 3, 1, 80, 'no', 0),
(2192, 1, 2, 2, 0, 1, 3, 6, 5, 'no', 0),
(2193, 1, 2, 2, 0, 1, 3, 7, 5, 'no', 0),
(2194, 1, 2, 2, 0, 1, 3, 8, 5, 'no', 0),
(2195, 1, 2, 2, 0, 1, 3, 9, 5, 'no', 0),
(2196, 1, 2, 2, 0, 1, 3, 15, 80, 'no', 0),
(2197, 1, 2, 2, 0, 1, 3, 16, 5, 'no', 0),
(2198, 1, 2, 2, 0, 1, 3, 17, 5, 'no', 0),
(2199, 1, 2, 2, 0, 1, 3, 18, 5, 'no', 0),
(2200, 1, 2, 2, 0, 1, 3, 19, 5, 'no', 0),
(2201, 1, 2, 3, 0, 1, 3, 1, 80, 'no', 0),
(2202, 1, 2, 3, 0, 1, 3, 11, 5, 'no', 0),
(2203, 1, 2, 3, 0, 1, 3, 13, 5, 'no', 0),
(2204, 1, 2, 3, 0, 1, 3, 20, 10, 'no', 0),
(2205, 1, 2, 4, 0, 1, 3, 1, 80, 'no', 0),
(2206, 1, 2, 4, 0, 1, 3, 11, 10, 'no', 0),
(2207, 1, 2, 4, 0, 1, 3, 13, 10, 'no', 0),
(2208, 1, 2, 5, 0, 1, 3, 1, 60, 'no', 0),
(2209, 1, 2, 5, 0, 1, 3, 10, 10, 'no', 0),
(2210, 1, 2, 5, 0, 1, 3, 11, 10, 'no', 0),
(2211, 1, 2, 5, 0, 1, 3, 12, 20, 'no', 0),
(2212, 1, 2, 6, 0, 1, 3, 1, 50, 'no', 0),
(2213, 1, 2, 7, 0, 1, 3, 1, 0, 'no', 0),
(2214, 1, 2, 8, 0, 1, 3, 1, 0, 'no', 0),
(2215, 1, 2, 9, 0, 1, 3, 1, 0, 'no', 0),
(2216, 2, 1, 1, 0, 1, 3, 1, 80, 'no', 0),
(2217, 2, 1, 1, 0, 1, 3, 6, 5, 'no', 0),
(2218, 2, 1, 1, 0, 1, 3, 7, 5, 'no', 0),
(2219, 2, 1, 1, 0, 1, 3, 8, 5, 'no', 0),
(2220, 2, 1, 1, 0, 1, 3, 9, 5, 'no', 0),
(2221, 2, 1, 1, 0, 1, 3, 15, 80, 'no', 0),
(2222, 2, 1, 1, 0, 1, 3, 16, 5, 'no', 0),
(2223, 2, 1, 1, 0, 1, 3, 17, 5, 'no', 0),
(2224, 2, 1, 1, 0, 1, 3, 18, 5, 'no', 0),
(2225, 2, 1, 1, 0, 1, 3, 19, 5, 'no', 0),
(2226, 2, 1, 2, 0, 1, 3, 1, 80, 'no', 0),
(2227, 2, 1, 2, 0, 1, 3, 6, 5, 'no', 0),
(2228, 2, 1, 2, 0, 1, 3, 7, 5, 'no', 0),
(2229, 2, 1, 2, 0, 1, 3, 8, 5, 'no', 0),
(2230, 2, 1, 2, 0, 1, 3, 9, 5, 'no', 0),
(2231, 2, 1, 2, 0, 1, 3, 15, 80, 'no', 0),
(2232, 2, 1, 2, 0, 1, 3, 16, 5, 'no', 0),
(2233, 2, 1, 2, 0, 1, 3, 17, 5, 'no', 0),
(2234, 2, 1, 2, 0, 1, 3, 18, 5, 'no', 0),
(2235, 2, 1, 2, 0, 1, 3, 19, 5, 'no', 0),
(2236, 2, 1, 3, 0, 1, 3, 1, 80, 'no', 0),
(2237, 2, 1, 3, 0, 1, 3, 11, 5, 'no', 0),
(2238, 2, 1, 3, 0, 1, 3, 13, 5, 'no', 0),
(2239, 2, 1, 3, 0, 1, 3, 20, 10, 'no', 0),
(2240, 2, 1, 4, 0, 1, 3, 1, 80, 'no', 0),
(2241, 2, 1, 4, 0, 1, 3, 11, 10, 'no', 0),
(2242, 2, 1, 4, 0, 1, 3, 13, 10, 'no', 0),
(2243, 2, 1, 5, 0, 1, 3, 1, 60, 'no', 0),
(2244, 2, 1, 5, 0, 1, 3, 10, 10, 'no', 0),
(2245, 2, 1, 5, 0, 1, 3, 11, 10, 'no', 0),
(2246, 2, 1, 5, 0, 1, 3, 12, 20, 'no', 0),
(2247, 2, 1, 6, 0, 1, 3, 1, 50, 'no', 0),
(2248, 2, 1, 7, 0, 1, 3, 1, 0, 'no', 0),
(2249, 2, 1, 8, 0, 1, 3, 1, 0, 'no', 0),
(2250, 2, 1, 9, 0, 1, 3, 1, 0, 'no', 0),
(2251, 2, 2, 1, 0, 1, 3, 1, 80, 'no', 0),
(2252, 2, 2, 1, 0, 1, 3, 6, 5, 'no', 0),
(2253, 2, 2, 1, 0, 1, 3, 7, 5, 'no', 0),
(2254, 2, 2, 1, 0, 1, 3, 8, 5, 'no', 0),
(2255, 2, 2, 1, 0, 1, 3, 9, 5, 'no', 0),
(2256, 2, 2, 1, 0, 1, 3, 15, 80, 'no', 0),
(2257, 2, 2, 1, 0, 1, 3, 16, 5, 'no', 0),
(2258, 2, 2, 1, 0, 1, 3, 17, 5, 'no', 0),
(2259, 2, 2, 1, 0, 1, 3, 18, 5, 'no', 0),
(2260, 2, 2, 1, 0, 1, 3, 19, 5, 'no', 0),
(2261, 2, 2, 2, 0, 1, 3, 1, 80, 'no', 0),
(2262, 2, 2, 2, 0, 1, 3, 6, 5, 'no', 0),
(2263, 2, 2, 2, 0, 1, 3, 7, 5, 'no', 0),
(2264, 2, 2, 2, 0, 1, 3, 8, 5, 'no', 0),
(2265, 2, 2, 2, 0, 1, 3, 9, 5, 'no', 0),
(2266, 2, 2, 2, 0, 1, 3, 15, 80, 'no', 0),
(2267, 2, 2, 2, 0, 1, 3, 16, 5, 'no', 0),
(2268, 2, 2, 2, 0, 1, 3, 17, 5, 'no', 0),
(2269, 2, 2, 2, 0, 1, 3, 18, 5, 'no', 0),
(2270, 2, 2, 2, 0, 1, 3, 19, 5, 'no', 0),
(2271, 2, 2, 3, 0, 1, 3, 1, 80, 'no', 0),
(2272, 2, 2, 3, 0, 1, 3, 11, 5, 'no', 0),
(2273, 2, 2, 3, 0, 1, 3, 13, 5, 'no', 0),
(2274, 2, 2, 3, 0, 1, 3, 20, 10, 'no', 0),
(2275, 2, 2, 4, 0, 1, 3, 1, 80, 'no', 0),
(2276, 2, 2, 4, 0, 1, 3, 11, 10, 'no', 0),
(2277, 2, 2, 4, 0, 1, 3, 13, 10, 'no', 0),
(2278, 2, 2, 5, 0, 1, 3, 1, 60, 'no', 0),
(2279, 2, 2, 5, 0, 1, 3, 10, 10, 'no', 0),
(2280, 2, 2, 5, 0, 1, 3, 11, 10, 'no', 0),
(2281, 2, 2, 5, 0, 1, 3, 12, 20, 'no', 0),
(2282, 2, 2, 6, 0, 1, 3, 1, 50, 'no', 0),
(2283, 2, 2, 7, 0, 1, 3, 1, 0, 'no', 0),
(2284, 2, 2, 8, 0, 1, 3, 1, 0, 'no', 0),
(2285, 2, 2, 9, 0, 1, 3, 1, 0, 'no', 0),
(2404, 4, 1, 1, 0, 1, 3, 1, 80, 'no', 0),
(2405, 4, 1, 1, 0, 1, 3, 6, 5, 'no', 0),
(2406, 4, 1, 1, 0, 1, 3, 7, 5, 'no', 0),
(2407, 4, 1, 1, 0, 1, 3, 8, 5, 'no', 0),
(2408, 4, 1, 1, 0, 1, 3, 9, 5, 'no', 0),
(2409, 4, 1, 1, 0, 1, 3, 15, 80, 'no', 0),
(2410, 4, 1, 1, 0, 1, 3, 16, 5, 'no', 0),
(2411, 4, 1, 1, 0, 1, 3, 17, 5, 'no', 0),
(2412, 4, 1, 1, 0, 1, 3, 18, 5, 'no', 0),
(2413, 4, 1, 1, 0, 1, 3, 19, 5, 'no', 0),
(2414, 4, 1, 2, 0, 1, 3, 1, 80, 'no', 0),
(2415, 4, 1, 2, 0, 1, 3, 6, 5, 'no', 0),
(2416, 4, 1, 2, 0, 1, 3, 7, 5, 'no', 0),
(2417, 4, 1, 2, 0, 1, 3, 8, 5, 'no', 0),
(2418, 4, 1, 2, 0, 1, 3, 9, 5, 'no', 0),
(2419, 4, 1, 2, 0, 1, 3, 15, 80, 'no', 0),
(2420, 4, 1, 2, 0, 1, 3, 16, 5, 'no', 0),
(2421, 4, 1, 2, 0, 1, 3, 17, 5, 'no', 0),
(2422, 4, 1, 2, 0, 1, 3, 18, 5, 'no', 0),
(2423, 4, 1, 2, 0, 1, 3, 19, 5, 'no', 0),
(2424, 4, 1, 3, 0, 1, 3, 1, 80, 'no', 0),
(2425, 4, 1, 3, 0, 1, 3, 11, 5, 'no', 0),
(2426, 4, 1, 3, 0, 1, 3, 13, 5, 'no', 0),
(2427, 4, 1, 3, 0, 1, 3, 20, 10, 'no', 0),
(2428, 4, 1, 5, 0, 1, 3, 1, 60, 'no', 0),
(2429, 4, 1, 5, 0, 1, 3, 10, 10, 'no', 0),
(2430, 4, 1, 5, 0, 1, 3, 11, 10, 'no', 0),
(2431, 4, 1, 5, 0, 1, 3, 12, 20, 'no', 0),
(2432, 4, 1, 6, 0, 1, 3, 1, 50, 'no', 0),
(2433, 4, 1, 7, 0, 1, 3, 1, 0, 'no', 0),
(2434, 4, 1, 8, 0, 1, 3, 1, 0, 'no', 0),
(2435, 4, 1, 9, 0, 1, 3, 1, 0, 'no', 0),
(2436, 4, 1, 10, 0, 1, 3, 1, 80, 'no', 0),
(2437, 4, 1, 10, 0, 1, 3, 11, 10, 'no', 0),
(2438, 4, 1, 10, 0, 1, 3, 13, 10, 'no', 0),
(2439, 4, 1, 11, 0, 1, 3, 1, 80, 'no', 0),
(2440, 4, 1, 11, 0, 1, 3, 11, 10, 'no', 0),
(2441, 4, 1, 11, 0, 1, 3, 14, 10, 'no', 0),
(2442, 3, 2, 1, 0, 1, 3, 1, 80, 'no', 0),
(2443, 3, 2, 1, 0, 1, 3, 6, 5, 'no', 0),
(2444, 3, 2, 1, 0, 1, 3, 7, 5, 'no', 0),
(2445, 3, 2, 1, 0, 1, 3, 8, 5, 'no', 0),
(2446, 3, 2, 1, 0, 1, 3, 9, 5, 'no', 0),
(2447, 3, 2, 1, 0, 1, 3, 15, 80, 'no', 0),
(2448, 3, 2, 1, 0, 1, 3, 16, 5, 'no', 0),
(2449, 3, 2, 1, 0, 1, 3, 17, 5, 'no', 0),
(2450, 3, 2, 1, 0, 1, 3, 18, 5, 'no', 0),
(2451, 3, 2, 1, 0, 1, 3, 19, 5, 'no', 0),
(2452, 3, 2, 2, 0, 1, 3, 1, 80, 'no', 0),
(2453, 3, 2, 2, 0, 1, 3, 6, 5, 'no', 0),
(2454, 3, 2, 2, 0, 1, 3, 7, 5, 'no', 0),
(2455, 3, 2, 2, 0, 1, 3, 8, 5, 'no', 0),
(2456, 3, 2, 2, 0, 1, 3, 9, 5, 'no', 0),
(2457, 3, 2, 2, 0, 1, 3, 15, 80, 'no', 0),
(2458, 3, 2, 2, 0, 1, 3, 16, 5, 'no', 0),
(2459, 3, 2, 2, 0, 1, 3, 17, 5, 'no', 0),
(2460, 3, 2, 2, 0, 1, 3, 18, 5, 'no', 0),
(2461, 3, 2, 2, 0, 1, 3, 19, 5, 'no', 0),
(2462, 3, 2, 3, 0, 1, 3, 1, 80, 'no', 0),
(2463, 3, 2, 3, 0, 1, 3, 11, 5, 'no', 0),
(2464, 3, 2, 3, 0, 1, 3, 13, 5, 'no', 0),
(2465, 3, 2, 3, 0, 1, 3, 20, 10, 'no', 0),
(2466, 3, 2, 5, 0, 1, 3, 1, 60, 'no', 0),
(2467, 3, 2, 5, 0, 1, 3, 10, 10, 'no', 0),
(2468, 3, 2, 5, 0, 1, 3, 11, 10, 'no', 0),
(2469, 3, 2, 5, 0, 1, 3, 12, 20, 'no', 0),
(2470, 3, 2, 6, 0, 1, 3, 1, 50, 'no', 0),
(2471, 3, 2, 7, 0, 1, 3, 1, 0, 'no', 0),
(2472, 3, 2, 8, 0, 1, 3, 1, 0, 'no', 0),
(2473, 3, 2, 9, 0, 1, 3, 1, 0, 'no', 0),
(2474, 3, 2, 10, 0, 1, 3, 1, 80, 'no', 0),
(2475, 3, 2, 10, 0, 1, 3, 11, 10, 'no', 0),
(2476, 3, 2, 10, 0, 1, 3, 13, 10, 'no', 0),
(2477, 3, 2, 11, 0, 1, 3, 1, 80, 'no', 0),
(2478, 3, 2, 11, 0, 1, 3, 11, 10, 'no', 0),
(2479, 3, 2, 11, 0, 1, 3, 14, 10, 'no', 0),
(2480, 8, 1, 1, 0, 1, 3, 1, 80, 'no', 0),
(2481, 8, 1, 1, 0, 1, 3, 6, 5, 'no', 0),
(2482, 8, 1, 1, 0, 1, 3, 7, 5, 'no', 0),
(2483, 8, 1, 1, 0, 1, 3, 8, 5, 'no', 0),
(2484, 8, 1, 1, 0, 1, 3, 9, 5, 'no', 0),
(2485, 8, 1, 1, 0, 1, 3, 15, 80, 'no', 0),
(2486, 8, 1, 1, 0, 1, 3, 16, 5, 'no', 0),
(2487, 8, 1, 1, 0, 1, 3, 17, 5, 'no', 0),
(2488, 8, 1, 1, 0, 1, 3, 18, 5, 'no', 0),
(2489, 8, 1, 1, 0, 1, 3, 19, 5, 'no', 0),
(2490, 8, 1, 2, 0, 1, 3, 1, 80, 'no', 0),
(2491, 8, 1, 2, 0, 1, 3, 6, 5, 'no', 0),
(2492, 8, 1, 2, 0, 1, 3, 7, 5, 'no', 0),
(2493, 8, 1, 2, 0, 1, 3, 8, 5, 'no', 0),
(2494, 8, 1, 2, 0, 1, 3, 9, 5, 'no', 0),
(2495, 8, 1, 2, 0, 1, 3, 15, 80, 'no', 0),
(2496, 8, 1, 2, 0, 1, 3, 16, 5, 'no', 0),
(2497, 8, 1, 2, 0, 1, 3, 17, 5, 'no', 0),
(2498, 8, 1, 2, 0, 1, 3, 18, 5, 'no', 0),
(2499, 8, 1, 2, 0, 1, 3, 19, 5, 'no', 0),
(2500, 8, 1, 3, 0, 1, 3, 1, 80, 'no', 0),
(2501, 8, 1, 3, 0, 1, 3, 11, 5, 'no', 0),
(2502, 8, 1, 3, 0, 1, 3, 13, 5, 'no', 0),
(2503, 8, 1, 3, 0, 1, 3, 20, 10, 'no', 0),
(2504, 8, 1, 5, 0, 1, 3, 1, 60, 'no', 0),
(2505, 8, 1, 5, 0, 1, 3, 10, 10, 'no', 0),
(2506, 8, 1, 5, 0, 1, 3, 11, 10, 'no', 0),
(2507, 8, 1, 5, 0, 1, 3, 12, 20, 'no', 0),
(2508, 8, 1, 6, 0, 1, 3, 1, 50, 'no', 0),
(2509, 8, 1, 7, 0, 1, 3, 1, 0, 'no', 0),
(2510, 8, 1, 8, 0, 1, 3, 1, 0, 'no', 0),
(2511, 8, 1, 9, 0, 1, 3, 1, 0, 'no', 0),
(2512, 8, 1, 10, 0, 1, 3, 1, 80, 'no', 0),
(2513, 8, 1, 10, 0, 1, 3, 11, 10, 'no', 0),
(2514, 8, 1, 10, 0, 1, 3, 13, 10, 'no', 0),
(2515, 8, 1, 11, 0, 1, 3, 1, 80, 'no', 0),
(2516, 8, 1, 11, 0, 1, 3, 11, 10, 'no', 0),
(2517, 8, 1, 11, 0, 1, 3, 14, 10, 'no', 0),
(2518, 8, 1, 12, 0, 1, 3, 1, 80, 'no', 0),
(2519, 8, 1, 12, 0, 1, 3, 2, 5, 'no', 0),
(2520, 8, 1, 12, 0, 1, 3, 3, 5, 'no', 0),
(2521, 8, 1, 12, 0, 1, 3, 4, 5, 'no', 0),
(2522, 8, 1, 12, 0, 1, 3, 5, 5, 'no', 0),
(2523, 8, 2, 1, 0, 1, 3, 1, 80, 'no', 0),
(2524, 8, 2, 1, 0, 1, 3, 6, 5, 'no', 0),
(2525, 8, 2, 1, 0, 1, 3, 7, 5, 'no', 0),
(2526, 8, 2, 1, 0, 1, 3, 8, 5, 'no', 0),
(2527, 8, 2, 1, 0, 1, 3, 9, 5, 'no', 0),
(2528, 8, 2, 1, 0, 1, 3, 15, 80, 'no', 0),
(2529, 8, 2, 1, 0, 1, 3, 16, 5, 'no', 0),
(2530, 8, 2, 1, 0, 1, 3, 17, 5, 'no', 0),
(2531, 8, 2, 1, 0, 1, 3, 18, 5, 'no', 0),
(2532, 8, 2, 1, 0, 1, 3, 19, 5, 'no', 0),
(2533, 8, 2, 2, 0, 1, 3, 1, 80, 'no', 0),
(2534, 8, 2, 2, 0, 1, 3, 6, 5, 'no', 0),
(2535, 8, 2, 2, 0, 1, 3, 7, 5, 'no', 0),
(2536, 8, 2, 2, 0, 1, 3, 8, 5, 'no', 0),
(2537, 8, 2, 2, 0, 1, 3, 9, 5, 'no', 0),
(2538, 8, 2, 2, 0, 1, 3, 15, 80, 'no', 0),
(2539, 8, 2, 2, 0, 1, 3, 16, 5, 'no', 0),
(2540, 8, 2, 2, 0, 1, 3, 17, 5, 'no', 0),
(2541, 8, 2, 2, 0, 1, 3, 18, 5, 'no', 0),
(2542, 8, 2, 2, 0, 1, 3, 19, 5, 'no', 0),
(2543, 8, 2, 3, 0, 1, 3, 1, 80, 'no', 0),
(2544, 8, 2, 3, 0, 1, 3, 11, 5, 'no', 0),
(2545, 8, 2, 3, 0, 1, 3, 13, 5, 'no', 0),
(2546, 8, 2, 3, 0, 1, 3, 20, 10, 'no', 0),
(2547, 8, 2, 5, 0, 1, 3, 1, 60, 'no', 0),
(2548, 8, 2, 5, 0, 1, 3, 10, 10, 'no', 0),
(2549, 8, 2, 5, 0, 1, 3, 11, 10, 'no', 0),
(2550, 8, 2, 5, 0, 1, 3, 12, 20, 'no', 0),
(2551, 8, 2, 6, 0, 1, 3, 1, 50, 'no', 0),
(2552, 8, 2, 7, 0, 1, 3, 1, 0, 'no', 0),
(2553, 8, 2, 8, 0, 1, 3, 1, 0, 'no', 0),
(2554, 8, 2, 9, 0, 1, 3, 1, 0, 'no', 0),
(2555, 8, 2, 10, 0, 1, 3, 1, 80, 'no', 0),
(2556, 8, 2, 10, 0, 1, 3, 11, 10, 'no', 0),
(2557, 8, 2, 10, 0, 1, 3, 13, 10, 'no', 0),
(2558, 8, 2, 11, 0, 1, 3, 1, 80, 'no', 0),
(2559, 8, 2, 11, 0, 1, 3, 11, 10, 'no', 0),
(2560, 8, 2, 11, 0, 1, 3, 14, 10, 'no', 0),
(2561, 8, 2, 12, 0, 1, 3, 1, 80, 'no', 0),
(2562, 8, 2, 12, 0, 1, 3, 2, 5, 'no', 0),
(2563, 8, 2, 12, 0, 1, 3, 3, 5, 'no', 0),
(2564, 8, 2, 12, 0, 1, 3, 4, 5, 'no', 0),
(2565, 8, 2, 12, 0, 1, 3, 5, 5, 'no', 0),
(2566, 4, 2, 1, 0, 1, 3, 1, 80, 'no', 0),
(2567, 4, 2, 1, 0, 1, 3, 6, 5, 'no', 0),
(2568, 4, 2, 1, 0, 1, 3, 7, 5, 'no', 0),
(2569, 4, 2, 1, 0, 1, 3, 8, 5, 'no', 0),
(2570, 4, 2, 1, 0, 1, 3, 9, 5, 'no', 0),
(2571, 4, 2, 1, 0, 1, 3, 15, 80, 'no', 0),
(2572, 4, 2, 1, 0, 1, 3, 16, 5, 'no', 0),
(2573, 4, 2, 1, 0, 1, 3, 17, 5, 'no', 0),
(2574, 4, 2, 1, 0, 1, 3, 18, 5, 'no', 0),
(2575, 4, 2, 1, 0, 1, 3, 19, 5, 'no', 0),
(2576, 4, 2, 2, 0, 1, 3, 1, 80, 'no', 0),
(2577, 4, 2, 2, 0, 1, 3, 6, 5, 'no', 0),
(2578, 4, 2, 2, 0, 1, 3, 7, 5, 'no', 0),
(2579, 4, 2, 2, 0, 1, 3, 8, 5, 'no', 0),
(2580, 4, 2, 2, 0, 1, 3, 9, 5, 'no', 0),
(2581, 4, 2, 2, 0, 1, 3, 15, 80, 'no', 0),
(2582, 4, 2, 2, 0, 1, 3, 16, 5, 'no', 0),
(2583, 4, 2, 2, 0, 1, 3, 17, 5, 'no', 0),
(2584, 4, 2, 2, 0, 1, 3, 18, 5, 'no', 0),
(2585, 4, 2, 2, 0, 1, 3, 19, 5, 'no', 0),
(2586, 4, 2, 3, 0, 1, 3, 1, 80, 'no', 0),
(2587, 4, 2, 3, 0, 1, 3, 11, 5, 'no', 0),
(2588, 4, 2, 3, 0, 1, 3, 13, 5, 'no', 0),
(2589, 4, 2, 3, 0, 1, 3, 20, 10, 'no', 0),
(2590, 4, 2, 5, 0, 1, 3, 1, 60, 'no', 0),
(2591, 4, 2, 5, 0, 1, 3, 10, 10, 'no', 0),
(2592, 4, 2, 5, 0, 1, 3, 11, 10, 'no', 0),
(2593, 4, 2, 5, 0, 1, 3, 12, 20, 'no', 0),
(2594, 4, 2, 6, 0, 1, 3, 1, 50, 'no', 0),
(2595, 4, 2, 7, 0, 1, 3, 1, 0, 'no', 0),
(2596, 4, 2, 8, 0, 1, 3, 1, 0, 'no', 0),
(2597, 4, 2, 9, 0, 1, 3, 1, 0, 'no', 0),
(2598, 4, 2, 10, 0, 1, 3, 1, 80, 'no', 0),
(2599, 4, 2, 10, 0, 1, 3, 11, 10, 'no', 0),
(2600, 4, 2, 10, 0, 1, 3, 13, 10, 'no', 0),
(2601, 4, 2, 11, 0, 1, 3, 1, 80, 'no', 0),
(2602, 4, 2, 11, 0, 1, 3, 11, 10, 'no', 0),
(2603, 4, 2, 11, 0, 1, 3, 14, 10, 'no', 0),
(2604, 7, 1, 1, 0, 1, 3, 1, 80, 'no', 0),
(2605, 7, 1, 1, 0, 1, 3, 6, 5, 'no', 0),
(2606, 7, 1, 1, 0, 1, 3, 7, 5, 'no', 0),
(2607, 7, 1, 1, 0, 1, 3, 8, 5, 'no', 0),
(2608, 7, 1, 1, 0, 1, 3, 9, 5, 'no', 0),
(2609, 7, 1, 1, 0, 1, 3, 15, 80, 'no', 0),
(2610, 7, 1, 1, 0, 1, 3, 16, 5, 'no', 0),
(2611, 7, 1, 1, 0, 1, 3, 17, 5, 'no', 0),
(2612, 7, 1, 1, 0, 1, 3, 18, 5, 'no', 0),
(2613, 7, 1, 1, 0, 1, 3, 19, 5, 'no', 0),
(2614, 7, 1, 2, 0, 1, 3, 1, 80, 'no', 0),
(2615, 7, 1, 2, 0, 1, 3, 6, 5, 'no', 0),
(2616, 7, 1, 2, 0, 1, 3, 7, 5, 'no', 0),
(2617, 7, 1, 2, 0, 1, 3, 8, 5, 'no', 0),
(2618, 7, 1, 2, 0, 1, 3, 9, 5, 'no', 0),
(2619, 7, 1, 2, 0, 1, 3, 15, 80, 'no', 0),
(2620, 7, 1, 2, 0, 1, 3, 16, 5, 'no', 0),
(2621, 7, 1, 2, 0, 1, 3, 17, 5, 'no', 0),
(2622, 7, 1, 2, 0, 1, 3, 18, 5, 'no', 0),
(2623, 7, 1, 2, 0, 1, 3, 19, 5, 'no', 0),
(2624, 7, 1, 3, 0, 1, 3, 1, 80, 'no', 0),
(2625, 7, 1, 3, 0, 1, 3, 11, 5, 'no', 0),
(2626, 7, 1, 3, 0, 1, 3, 13, 5, 'no', 0),
(2627, 7, 1, 3, 0, 1, 3, 20, 10, 'no', 0),
(2628, 7, 1, 5, 0, 1, 3, 1, 60, 'no', 0),
(2629, 7, 1, 5, 0, 1, 3, 10, 10, 'no', 0),
(2630, 7, 1, 5, 0, 1, 3, 11, 10, 'no', 0),
(2631, 7, 1, 5, 0, 1, 3, 12, 20, 'no', 0),
(2632, 7, 1, 6, 0, 1, 3, 1, 50, 'no', 0),
(2633, 7, 1, 7, 0, 1, 3, 1, 0, 'no', 0),
(2634, 7, 1, 8, 0, 1, 3, 1, 0, 'no', 0),
(2635, 7, 1, 9, 0, 1, 3, 1, 0, 'no', 0),
(2636, 7, 1, 10, 0, 1, 3, 1, 80, 'no', 0),
(2637, 7, 1, 10, 0, 1, 3, 11, 10, 'no', 0),
(2638, 7, 1, 10, 0, 1, 3, 13, 10, 'no', 0),
(2639, 7, 1, 11, 0, 1, 3, 1, 80, 'no', 0),
(2640, 7, 1, 11, 0, 1, 3, 11, 10, 'no', 0),
(2641, 7, 1, 11, 0, 1, 3, 14, 10, 'no', 0),
(2642, 7, 1, 12, 0, 1, 3, 1, 80, 'no', 0),
(2643, 7, 1, 12, 0, 1, 3, 2, 5, 'no', 0),
(2644, 7, 1, 12, 0, 1, 3, 3, 5, 'no', 0),
(2645, 7, 1, 12, 0, 1, 3, 4, 5, 'no', 0),
(2646, 7, 1, 12, 0, 1, 3, 5, 5, 'no', 0),
(2647, 7, 2, 1, 0, 1, 3, 1, 80, 'no', 0),
(2648, 7, 2, 1, 0, 1, 3, 6, 5, 'no', 0),
(2649, 7, 2, 1, 0, 1, 3, 7, 5, 'no', 0),
(2650, 7, 2, 1, 0, 1, 3, 8, 5, 'no', 0),
(2651, 7, 2, 1, 0, 1, 3, 9, 5, 'no', 0),
(2652, 7, 2, 1, 0, 1, 3, 15, 80, 'no', 0),
(2653, 7, 2, 1, 0, 1, 3, 16, 5, 'no', 0),
(2654, 7, 2, 1, 0, 1, 3, 17, 5, 'no', 0),
(2655, 7, 2, 1, 0, 1, 3, 18, 5, 'no', 0),
(2656, 7, 2, 1, 0, 1, 3, 19, 5, 'no', 0),
(2657, 7, 2, 2, 0, 1, 3, 1, 80, 'no', 0),
(2658, 7, 2, 2, 0, 1, 3, 6, 5, 'no', 0),
(2659, 7, 2, 2, 0, 1, 3, 7, 5, 'no', 0),
(2660, 7, 2, 2, 0, 1, 3, 8, 5, 'no', 0),
(2661, 7, 2, 2, 0, 1, 3, 9, 5, 'no', 0),
(2662, 7, 2, 2, 0, 1, 3, 15, 80, 'no', 0),
(2663, 7, 2, 2, 0, 1, 3, 16, 5, 'no', 0),
(2664, 7, 2, 2, 0, 1, 3, 17, 5, 'no', 0),
(2665, 7, 2, 2, 0, 1, 3, 18, 5, 'no', 0),
(2666, 7, 2, 2, 0, 1, 3, 19, 5, 'no', 0),
(2667, 7, 2, 3, 0, 1, 3, 1, 80, 'no', 0),
(2668, 7, 2, 3, 0, 1, 3, 11, 5, 'no', 0),
(2669, 7, 2, 3, 0, 1, 3, 13, 5, 'no', 0),
(2670, 7, 2, 3, 0, 1, 3, 20, 10, 'no', 0),
(2671, 7, 2, 5, 0, 1, 3, 1, 60, 'no', 0),
(2672, 7, 2, 5, 0, 1, 3, 10, 10, 'no', 0),
(2673, 7, 2, 5, 0, 1, 3, 11, 10, 'no', 0),
(2674, 7, 2, 5, 0, 1, 3, 12, 20, 'no', 0),
(2675, 7, 2, 6, 0, 1, 3, 1, 50, 'no', 0),
(2676, 7, 2, 7, 0, 1, 3, 1, 0, 'no', 0),
(2677, 7, 2, 8, 0, 1, 3, 1, 0, 'no', 0),
(2678, 7, 2, 9, 0, 1, 3, 1, 0, 'no', 0),
(2679, 7, 2, 10, 0, 1, 3, 1, 80, 'no', 0),
(2680, 7, 2, 10, 0, 1, 3, 11, 10, 'no', 0),
(2681, 7, 2, 10, 0, 1, 3, 13, 10, 'no', 0),
(2682, 7, 2, 11, 0, 1, 3, 1, 80, 'no', 0),
(2683, 7, 2, 11, 0, 1, 3, 11, 10, 'no', 0),
(2684, 7, 2, 11, 0, 1, 3, 14, 10, 'no', 0),
(2685, 7, 2, 12, 0, 1, 3, 1, 80, 'no', 0),
(2686, 7, 2, 12, 0, 1, 3, 2, 5, 'no', 0),
(2687, 7, 2, 12, 0, 1, 3, 3, 5, 'no', 0),
(2688, 7, 2, 12, 0, 1, 3, 4, 5, 'no', 0),
(2689, 7, 2, 12, 0, 1, 3, 5, 5, 'no', 0),
(2690, 5, 1, 1, 0, 1, 3, 1, 80, 'no', 0),
(2691, 5, 1, 1, 0, 1, 3, 6, 5, 'no', 0),
(2692, 5, 1, 1, 0, 1, 3, 7, 5, 'no', 0),
(2693, 5, 1, 1, 0, 1, 3, 8, 5, 'no', 0),
(2694, 5, 1, 1, 0, 1, 3, 9, 5, 'no', 0),
(2695, 5, 1, 1, 0, 1, 3, 15, 80, 'no', 0),
(2696, 5, 1, 1, 0, 1, 3, 16, 5, 'no', 0),
(2697, 5, 1, 1, 0, 1, 3, 17, 5, 'no', 0),
(2698, 5, 1, 1, 0, 1, 3, 18, 5, 'no', 0),
(2699, 5, 1, 1, 0, 1, 3, 19, 5, 'no', 0),
(2700, 5, 1, 2, 0, 1, 3, 1, 80, 'no', 0),
(2701, 5, 1, 2, 0, 1, 3, 6, 5, 'no', 0),
(2702, 5, 1, 2, 0, 1, 3, 7, 5, 'no', 0),
(2703, 5, 1, 2, 0, 1, 3, 8, 5, 'no', 0),
(2704, 5, 1, 2, 0, 1, 3, 9, 5, 'no', 0),
(2705, 5, 1, 2, 0, 1, 3, 15, 80, 'no', 0),
(2706, 5, 1, 2, 0, 1, 3, 16, 5, 'no', 0),
(2707, 5, 1, 2, 0, 1, 3, 17, 5, 'no', 0),
(2708, 5, 1, 2, 0, 1, 3, 18, 5, 'no', 0),
(2709, 5, 1, 2, 0, 1, 3, 19, 5, 'no', 0),
(2710, 5, 1, 3, 0, 1, 3, 1, 80, 'no', 0),
(2711, 5, 1, 3, 0, 1, 3, 11, 5, 'no', 0),
(2712, 5, 1, 3, 0, 1, 3, 13, 5, 'no', 0),
(2713, 5, 1, 3, 0, 1, 3, 20, 10, 'no', 0),
(2714, 5, 1, 5, 0, 1, 3, 1, 60, 'no', 0),
(2715, 5, 1, 5, 0, 1, 3, 10, 10, 'no', 0),
(2716, 5, 1, 5, 0, 1, 3, 11, 10, 'no', 0),
(2717, 5, 1, 5, 0, 1, 3, 12, 20, 'no', 0),
(2718, 5, 1, 6, 0, 1, 3, 1, 50, 'no', 0),
(2719, 5, 1, 7, 0, 1, 3, 1, 0, 'no', 0),
(2720, 5, 1, 8, 0, 1, 3, 1, 0, 'no', 0),
(2721, 5, 1, 9, 0, 1, 3, 1, 0, 'no', 0),
(2722, 5, 1, 10, 0, 1, 3, 1, 80, 'no', 0),
(2723, 5, 1, 10, 0, 1, 3, 11, 10, 'no', 0),
(2724, 5, 1, 10, 0, 1, 3, 13, 10, 'no', 0),
(2725, 5, 1, 11, 0, 1, 3, 1, 80, 'no', 0),
(2726, 5, 1, 11, 0, 1, 3, 11, 10, 'no', 0),
(2727, 5, 1, 11, 0, 1, 3, 14, 10, 'no', 0),
(2728, 6, 1, 1, 0, 1, 3, 1, 80, 'no', 0),
(2729, 6, 1, 1, 0, 1, 3, 6, 5, 'no', 0),
(2730, 6, 1, 1, 0, 1, 3, 7, 5, 'no', 0),
(2731, 6, 1, 1, 0, 1, 3, 8, 5, 'no', 0),
(2732, 6, 1, 1, 0, 1, 3, 9, 5, 'no', 0),
(2733, 6, 1, 1, 0, 1, 3, 15, 80, 'no', 0),
(2734, 6, 1, 1, 0, 1, 3, 16, 5, 'no', 0),
(2735, 6, 1, 1, 0, 1, 3, 17, 5, 'no', 0),
(2736, 6, 1, 1, 0, 1, 3, 18, 5, 'no', 0),
(2737, 6, 1, 1, 0, 1, 3, 19, 5, 'no', 0),
(2738, 6, 1, 2, 0, 1, 3, 1, 80, 'no', 0),
(2739, 6, 1, 2, 0, 1, 3, 6, 5, 'no', 0),
(2740, 6, 1, 2, 0, 1, 3, 7, 5, 'no', 0),
(2741, 6, 1, 2, 0, 1, 3, 8, 5, 'no', 0),
(2742, 6, 1, 2, 0, 1, 3, 9, 5, 'no', 0),
(2743, 6, 1, 2, 0, 1, 3, 15, 80, 'no', 0),
(2744, 6, 1, 2, 0, 1, 3, 16, 5, 'no', 0),
(2745, 6, 1, 2, 0, 1, 3, 17, 5, 'no', 0),
(2746, 6, 1, 2, 0, 1, 3, 18, 5, 'no', 0),
(2747, 6, 1, 2, 0, 1, 3, 19, 5, 'no', 0),
(2748, 6, 1, 3, 0, 1, 3, 1, 80, 'no', 0),
(2749, 6, 1, 3, 0, 1, 3, 11, 5, 'no', 0),
(2750, 6, 1, 3, 0, 1, 3, 13, 5, 'no', 0),
(2751, 6, 1, 3, 0, 1, 3, 20, 10, 'no', 0),
(2752, 6, 1, 5, 0, 1, 3, 1, 60, 'no', 0),
(2753, 6, 1, 5, 0, 1, 3, 10, 10, 'no', 0),
(2754, 6, 1, 5, 0, 1, 3, 11, 10, 'no', 0),
(2755, 6, 1, 5, 0, 1, 3, 12, 20, 'no', 0),
(2756, 6, 1, 6, 0, 1, 3, 1, 50, 'no', 0),
(2757, 6, 1, 7, 0, 1, 3, 1, 0, 'no', 0),
(2758, 6, 1, 8, 0, 1, 3, 1, 0, 'no', 0),
(2759, 6, 1, 9, 0, 1, 3, 1, 0, 'no', 0),
(2760, 6, 1, 10, 0, 1, 3, 1, 80, 'no', 0),
(2761, 6, 1, 10, 0, 1, 3, 11, 10, 'no', 0),
(2762, 6, 1, 10, 0, 1, 3, 13, 10, 'no', 0),
(2763, 6, 1, 11, 0, 1, 3, 1, 80, 'no', 0),
(2764, 6, 1, 11, 0, 1, 3, 11, 10, 'no', 0),
(2765, 6, 1, 11, 0, 1, 3, 14, 10, 'no', 0),
(2766, 6, 1, 12, 0, 1, 3, 1, 80, 'no', 0),
(2767, 6, 1, 12, 0, 1, 3, 2, 5, 'no', 0),
(2768, 6, 1, 12, 0, 1, 3, 3, 5, 'no', 0),
(2769, 6, 1, 12, 0, 1, 3, 4, 5, 'no', 0),
(2770, 6, 1, 12, 0, 1, 3, 5, 5, 'no', 0),
(2771, 5, 2, 1, 0, 1, 3, 1, 80, 'no', 0),
(2772, 5, 2, 1, 0, 1, 3, 6, 5, 'no', 0),
(2773, 5, 2, 1, 0, 1, 3, 7, 5, 'no', 0),
(2774, 5, 2, 1, 0, 1, 3, 8, 5, 'no', 0),
(2775, 5, 2, 1, 0, 1, 3, 9, 5, 'no', 0),
(2776, 5, 2, 1, 0, 1, 3, 15, 80, 'no', 0),
(2777, 5, 2, 1, 0, 1, 3, 16, 5, 'no', 0),
(2778, 5, 2, 1, 0, 1, 3, 17, 5, 'no', 0),
(2779, 5, 2, 1, 0, 1, 3, 18, 5, 'no', 0),
(2780, 5, 2, 1, 0, 1, 3, 19, 5, 'no', 0),
(2781, 5, 2, 2, 0, 1, 3, 1, 80, 'no', 0),
(2782, 5, 2, 2, 0, 1, 3, 6, 5, 'no', 0),
(2783, 5, 2, 2, 0, 1, 3, 7, 5, 'no', 0),
(2784, 5, 2, 2, 0, 1, 3, 8, 5, 'no', 0),
(2785, 5, 2, 2, 0, 1, 3, 9, 5, 'no', 0),
(2786, 5, 2, 2, 0, 1, 3, 15, 80, 'no', 0),
(2787, 5, 2, 2, 0, 1, 3, 16, 5, 'no', 0),
(2788, 5, 2, 2, 0, 1, 3, 17, 5, 'no', 0),
(2789, 5, 2, 2, 0, 1, 3, 18, 5, 'no', 0),
(2790, 5, 2, 2, 0, 1, 3, 19, 5, 'no', 0),
(2791, 5, 2, 3, 0, 1, 3, 1, 80, 'no', 0),
(2792, 5, 2, 3, 0, 1, 3, 11, 5, 'no', 0),
(2793, 5, 2, 3, 0, 1, 3, 13, 5, 'no', 0),
(2794, 5, 2, 3, 0, 1, 3, 20, 10, 'no', 0),
(2795, 5, 2, 5, 0, 1, 3, 1, 60, 'no', 0),
(2796, 5, 2, 5, 0, 1, 3, 10, 10, 'no', 0),
(2797, 5, 2, 5, 0, 1, 3, 11, 10, 'no', 0),
(2798, 5, 2, 5, 0, 1, 3, 12, 20, 'no', 0),
(2799, 5, 2, 6, 0, 1, 3, 1, 50, 'no', 0),
(2800, 5, 2, 7, 0, 1, 3, 1, 0, 'no', 0),
(2801, 5, 2, 8, 0, 1, 3, 1, 0, 'no', 0),
(2802, 5, 2, 9, 0, 1, 3, 1, 0, 'no', 0),
(2803, 5, 2, 10, 0, 1, 3, 1, 80, 'no', 0),
(2804, 5, 2, 10, 0, 1, 3, 11, 10, 'no', 0),
(2805, 5, 2, 10, 0, 1, 3, 13, 10, 'no', 0),
(2806, 5, 2, 11, 0, 1, 3, 1, 80, 'no', 0),
(2807, 5, 2, 11, 0, 1, 3, 11, 10, 'no', 0),
(2808, 5, 2, 11, 0, 1, 3, 14, 10, 'no', 0),
(2809, 6, 2, 1, 0, 1, 3, 1, 80, 'no', 0),
(2810, 6, 2, 1, 0, 1, 3, 6, 5, 'no', 0),
(2811, 6, 2, 1, 0, 1, 3, 7, 5, 'no', 0),
(2812, 6, 2, 1, 0, 1, 3, 8, 5, 'no', 0),
(2813, 6, 2, 1, 0, 1, 3, 9, 5, 'no', 0),
(2814, 6, 2, 1, 0, 1, 3, 15, 80, 'no', 0),
(2815, 6, 2, 1, 0, 1, 3, 16, 5, 'no', 0),
(2816, 6, 2, 1, 0, 1, 3, 17, 5, 'no', 0),
(2817, 6, 2, 1, 0, 1, 3, 18, 5, 'no', 0),
(2818, 6, 2, 1, 0, 1, 3, 19, 5, 'no', 0),
(2819, 6, 2, 2, 0, 1, 3, 1, 80, 'no', 0),
(2820, 6, 2, 2, 0, 1, 3, 6, 5, 'no', 0),
(2821, 6, 2, 2, 0, 1, 3, 7, 5, 'no', 0),
(2822, 6, 2, 2, 0, 1, 3, 8, 5, 'no', 0),
(2823, 6, 2, 2, 0, 1, 3, 9, 5, 'no', 0),
(2824, 6, 2, 2, 0, 1, 3, 15, 80, 'no', 0),
(2825, 6, 2, 2, 0, 1, 3, 16, 5, 'no', 0),
(2826, 6, 2, 2, 0, 1, 3, 17, 5, 'no', 0),
(2827, 6, 2, 2, 0, 1, 3, 18, 5, 'no', 0),
(2828, 6, 2, 2, 0, 1, 3, 19, 5, 'no', 0),
(2829, 6, 2, 3, 0, 1, 3, 1, 80, 'no', 0),
(2830, 6, 2, 3, 0, 1, 3, 11, 5, 'no', 0),
(2831, 6, 2, 3, 0, 1, 3, 13, 5, 'no', 0),
(2832, 6, 2, 3, 0, 1, 3, 20, 10, 'no', 0),
(2833, 6, 2, 5, 0, 1, 3, 1, 60, 'no', 0),
(2834, 6, 2, 5, 0, 1, 3, 10, 10, 'no', 0),
(2835, 6, 2, 5, 0, 1, 3, 11, 10, 'no', 0),
(2836, 6, 2, 5, 0, 1, 3, 12, 20, 'no', 0),
(2837, 6, 2, 6, 0, 1, 3, 1, 50, 'no', 0),
(2838, 6, 2, 7, 0, 1, 3, 1, 0, 'no', 0),
(2839, 6, 2, 8, 0, 1, 3, 1, 0, 'no', 0),
(2840, 6, 2, 9, 0, 1, 3, 1, 0, 'no', 0),
(2841, 6, 2, 10, 0, 1, 3, 1, 80, 'no', 0),
(2842, 6, 2, 10, 0, 1, 3, 11, 10, 'no', 0),
(2843, 6, 2, 10, 0, 1, 3, 13, 10, 'no', 0),
(2844, 6, 2, 11, 0, 1, 3, 1, 80, 'no', 0),
(2845, 6, 2, 11, 0, 1, 3, 11, 10, 'no', 0),
(2846, 6, 2, 11, 0, 1, 3, 14, 10, 'no', 0),
(2847, 6, 2, 12, 0, 1, 3, 1, 80, 'no', 0),
(2848, 6, 2, 12, 0, 1, 3, 2, 5, 'no', 0),
(2849, 6, 2, 12, 0, 1, 3, 3, 5, 'no', 0),
(2850, 6, 2, 12, 0, 1, 3, 4, 5, 'no', 0),
(2851, 6, 2, 12, 0, 1, 3, 5, 5, 'no', 0),
(2852, 3, 1, 1, 0, 1, 3, 1, 80, 'no', 0),
(2853, 3, 1, 1, 0, 1, 3, 6, 5, 'no', 0),
(2854, 3, 1, 1, 0, 1, 3, 7, 5, 'no', 0),
(2855, 3, 1, 1, 0, 1, 3, 8, 5, 'no', 0),
(2856, 3, 1, 1, 0, 1, 3, 9, 5, 'no', 0),
(2857, 3, 1, 1, 0, 1, 3, 15, 80, 'no', 0),
(2858, 3, 1, 1, 0, 1, 3, 16, 5, 'no', 0),
(2859, 3, 1, 1, 0, 1, 3, 17, 5, 'no', 0),
(2860, 3, 1, 1, 0, 1, 3, 18, 5, 'no', 0),
(2861, 3, 1, 1, 0, 1, 3, 19, 5, 'no', 0),
(2862, 3, 1, 2, 0, 1, 3, 1, 80, 'no', 0),
(2863, 3, 1, 2, 0, 1, 3, 6, 5, 'no', 0),
(2864, 3, 1, 2, 0, 1, 3, 7, 5, 'no', 0),
(2865, 3, 1, 2, 0, 1, 3, 8, 5, 'no', 0),
(2866, 3, 1, 2, 0, 1, 3, 9, 5, 'no', 0),
(2867, 3, 1, 2, 0, 1, 3, 15, 80, 'no', 0),
(2868, 3, 1, 2, 0, 1, 3, 16, 5, 'no', 0),
(2869, 3, 1, 2, 0, 1, 3, 17, 5, 'no', 0),
(2870, 3, 1, 2, 0, 1, 3, 18, 5, 'no', 0),
(2871, 3, 1, 2, 0, 1, 3, 19, 5, 'no', 0),
(2872, 3, 1, 3, 0, 1, 3, 1, 80, 'no', 0),
(2873, 3, 1, 3, 0, 1, 3, 11, 5, 'no', 0),
(2874, 3, 1, 3, 0, 1, 3, 13, 5, 'no', 0),
(2875, 3, 1, 3, 0, 1, 3, 20, 10, 'no', 0),
(2876, 3, 1, 5, 0, 1, 3, 1, 60, 'no', 0),
(2877, 3, 1, 5, 0, 1, 3, 10, 10, 'no', 0),
(2878, 3, 1, 5, 0, 1, 3, 11, 10, 'no', 0),
(2879, 3, 1, 5, 0, 1, 3, 12, 20, 'no', 0),
(2880, 3, 1, 6, 0, 1, 3, 1, 50, 'no', 0),
(2881, 3, 1, 7, 0, 1, 3, 1, 0, 'no', 0),
(2882, 3, 1, 8, 0, 1, 3, 1, 0, 'no', 0),
(2883, 3, 1, 9, 0, 1, 3, 1, 0, 'no', 0),
(2884, 3, 1, 10, 0, 1, 3, 1, 80, 'no', 0),
(2885, 3, 1, 10, 0, 1, 3, 11, 10, 'no', 0),
(2886, 3, 1, 10, 0, 1, 3, 13, 10, 'no', 0),
(2887, 3, 1, 11, 0, 1, 3, 1, 80, 'no', 0),
(2888, 3, 1, 11, 0, 1, 3, 11, 10, 'no', 0),
(2889, 3, 1, 11, 0, 1, 3, 14, 10, 'no', 0),
(2890, 1, 1, 1, 0, 1, 2, 1, 0, 'no', 0),
(2891, 1, 1, 1, 0, 1, 2, 2, 0, 'no', 0),
(2892, 1, 1, 1, 0, 1, 2, 3, 0, 'no', 0),
(2893, 1, 1, 1, 0, 1, 2, 4, 0, 'no', 0),
(2894, 1, 1, 1, 0, 1, 2, 5, 0, 'no', 0),
(2895, 1, 1, 2, 0, 1, 2, 1, 0, 'no', 0),
(2896, 1, 1, 2, 0, 1, 2, 2, 0, 'no', 0),
(2897, 1, 1, 2, 0, 1, 2, 3, 0, 'no', 0),
(2898, 1, 1, 2, 0, 1, 2, 4, 0, 'no', 0),
(2899, 1, 1, 2, 0, 1, 2, 5, 0, 'no', 0),
(2900, 1, 1, 3, 0, 1, 2, 1, 0, 'no', 0),
(2901, 1, 1, 3, 0, 1, 2, 2, 0, 'no', 0),
(2902, 1, 1, 3, 0, 1, 2, 3, 0, 'no', 0),
(2903, 1, 1, 3, 0, 1, 2, 4, 0, 'no', 0),
(2904, 1, 1, 3, 0, 1, 2, 5, 0, 'no', 0),
(2905, 1, 1, 4, 0, 1, 2, 1, 0, 'no', 0),
(2906, 1, 1, 4, 0, 1, 2, 2, 0, 'no', 0),
(2907, 1, 1, 4, 0, 1, 2, 3, 0, 'no', 0),
(2908, 1, 1, 4, 0, 1, 2, 4, 0, 'no', 0),
(2909, 1, 1, 4, 0, 1, 2, 5, 0, 'no', 0),
(2910, 1, 1, 5, 0, 1, 2, 1, 0, 'no', 0),
(2911, 1, 1, 5, 0, 1, 2, 2, 0, 'no', 0),
(2912, 1, 1, 5, 0, 1, 2, 3, 0, 'no', 0),
(2913, 1, 1, 5, 0, 1, 2, 4, 0, 'no', 0),
(2914, 1, 1, 5, 0, 1, 2, 5, 0, 'no', 0),
(2915, 1, 1, 6, 0, 1, 2, 1, 0, 'no', 0);

-- --------------------------------------------------------

--
-- Table structure for table `health_category`
--

CREATE TABLE `health_category` (
  `id` int(11) NOT NULL,
  `health_id` int(11) NOT NULL,
  `health_point` int(11) NOT NULL,
  `description` text NOT NULL
) ENGINE=InnoDB DEFAULT CHARSET=latin1;

--
-- Dumping data for table `health_category`
--

INSERT INTO `health_category` (`id`, `health_id`, `health_point`, `description`) VALUES
(1, 1, 1, 'Excellent'),
(2, 1, 2, 'Satisfactory'),
(3, 1, 3, 'Needs to harness energy towards academics'),
(4, 1, 4, 'Consistent hardwork needed'),
(5, 2, 1, 'Fluid'),
(6, 2, 2, 'Improving consistently'),
(7, 2, 3, 'Learning and usage needs enhancement'),
(8, 2, 4, 'Proactive learning required'),
(9, 3, 1, 'Polite, decent and courteous'),
(10, 3, 2, 'Friendly, polite and courteous'),
(11, 3, 3, 'Wayward and impolite'),
(12, 3, 4, 'Needs to be more responsible and careful'),
(13, 4, 1, 'Exceptional'),
(14, 4, 2, 'Satisfactory'),
(15, 4, 3, 'Average'),
(16, 4, 4, 'Needs Improvement'),
(17, 5, 1, 'Focus towards academics and meaningful inter-action is excellent'),
(18, 5, 2, 'Enhancement in constructive focus is required'),
(19, 5, 3, 'Attentiveness and alertness required'),
(20, 5, 4, 'Need to be pro-active and consistently productive'),
(21, 6, 1, 'Excellent'),
(22, 6, 2, 'Satisfactory'),
(23, 6, 3, 'Average'),
(24, 6, 4, 'Needs Improvement');

-- --------------------------------------------------------

--
-- Table structure for table `login`
--

CREATE TABLE `login` (
  `id` int(5) NOT NULL,
  `name` varchar(50) NOT NULL,
  `gender` text NOT NULL,
  `username` varchar(50) NOT NULL,
  `password` text NOT NULL,
  `class` int(2) NOT NULL,
  `section` int(2) NOT NULL,
  `subject` varchar(30) NOT NULL,
  `role` int(3) NOT NULL,
  `test` varchar(2) NOT NULL,
  `flag` int(3) NOT NULL COMMENT '1=sector, 2=pratap'
) ENGINE=InnoDB DEFAULT CHARSET=utf8;

--
-- Dumping data for table `login`
--

INSERT INTO `login` (`id`, `name`, `gender`, `username`, `password`, `class`, `section`, `subject`, `role`, `test`, `flag`) VALUES
(40, 'Shailendra Somani', 'Male', 'admin', '6e566c08889b1f8b95981b87ef3b4040', 6, 1, '5', 2, '9', 2),
(41, 'REKHA DENDOR ', 'Male', 'rekha', '5f4dcc3b5aa765d61d8327deb882cf99', 1, 1, '8', 1, '10', 2),
(42, 'Ankita Joshi', 'Female', 'ankita.joshi', '5f4dcc3b5aa765d61d8327deb882cf99', 1, 1, '5', 1, '11', 2),
(43, 'Dhrupad S Kacchawa', 'Male', 'dhrupad.kacchawa', '5f4dcc3b5aa765d61d8327deb882cf99', 6, 1, '10', 1, '12', 2),
(44, 'KARTAVYA DAVE ', 'Male', 'kartavya', '5f4dcc3b5aa765d61d8327deb882cf99', 1, 1, '9', 1, '13', 2),
(45, 'DEEPIKA CHAUHAN', 'Female', 'deepika', '5f4dcc3b5aa765d61d8327deb882cf99', 4, 1, '1', 1, '14', 2),
(46, 'Kalpana Bulbule', 'Female', 'kalpana.bulbule', '5f4dcc3b5aa765d61d8327deb882cf99', 3, 1, '11', 1, '15', 2),
(47, 'Manju Lohar', 'Female', 'manju.lohar', '5f4dcc3b5aa765d61d8327deb882cf99', 1, 1, '3', 1, '16', 2),
(48, 'MADALSA KUNWAR', 'Female', 'madalsa', '5f4dcc3b5aa765d61d8327deb882cf99', 1, 1, '2', 1, '17', 2),
(49, 'Nitesh Ameta', 'Male', 'nitesh.ameta', '5f4dcc3b5aa765d61d8327deb882cf99', 2, 1, '4', 1, '18', 2),
(50, 'Pinal Jain', 'Female', 'pinal.jain', '5f4dcc3b5aa765d61d8327deb882cf99', 4, 1, '3', 1, '19', 2),
(51, 'RAJNI SAXENA', 'Female', 'rajni', '5f4dcc3b5aa765d61d8327deb882cf99', 1, 1, '7', 1, '20', 2),
(52, 'Rakhi Saxena', 'Female', 'rakhi.saxena', '5f4dcc3b5aa765d61d8327deb882cf99', 5, 1, '2', 1, '21', 2),
(53, 'Shahina Siddiqui', 'Female', 'shahina.siddiqui', '5f4dcc3b5aa765d61d8327deb882cf99', 7, 1, '1', 1, '22', 2),
(54, 'PURVI MEHTA', 'Female', 'purvi', '5f4dcc3b5aa765d61d8327deb882cf99', 1, 1, '1', 1, '23', 2),
(55, 'Tapati D Samanta', 'Female', 'tapati.samanta', '5f4dcc3b5aa765d61d8327deb882cf99', 7, 1, '11', 1, '24', 2),
(56, 'SHRIYA JAIN ', 'Male', 'shriya', '5f4dcc3b5aa765d61d8327deb882cf99', 8, 1, '3', 1, '25', 2),
(57, 'Tripti Shrimali', 'Female', 'tripti.shrimali', '5f4dcc3b5aa765d61d8327deb882cf99', 9, 1, '16', 1, '26', 2),
(58, 'HEMLATA PALIWAL', 'Female', 'hemlata', '5f4dcc3b5aa765d61d8327deb882cf99', 10, 1, '2', 1, '27', 2),
(70, 'Mahima Sharma', 'Female', 'mahi', 'f6959aa47e030b960cb4d4b7020cef50', 6, 1, '5', 1, '', 1),
(71, 'Gaurav Ramanuj', 'Male', 'gaurav', '5f4dcc3b5aa765d61d8327deb882cf99', 9, 1, '3,0', 1, '', 1),
(72, 'Kamal Kumar', 'Male', 'kamal', '5f4dcc3b5aa765d61d8327deb882cf99', 6, 1, '10,0', 1, '', 1),
(73, 'Kakoli Bhattacharya', 'Female', 'kakoli', '5f4dcc3b5aa765d61d8327deb882cf99', 5, 1, '11,0', 1, '', 1),
(74, 'Asha Yadav', 'Female', 'aasha', '5f4dcc3b5aa765d61d8327deb882cf99', 4, 1, '1,0', 1, '', 1),
(75, 'Reema Vaishnav', 'Female', 'reema', '5f4dcc3b5aa765d61d8327deb882cf99', 1, 1, '2,0', 1, '', 1),
(76, 'Palak Sharma', 'Female', 'palak', '5f4dcc3b5aa765d61d8327deb882cf99', 10, 1, '10,0', 1, '', 1),
(77, 'Abhivyakti Tamhankar', 'Female', 'abhivyakti', '5f4dcc3b5aa765d61d8327deb882cf99', 1, 1, '1,0', 1, '', 1),
(78, 'Deepika Nahta', 'Female', 'deepika.nahta', '5f4dcc3b5aa765d61d8327deb882cf99', 1, 1, '1,0', 1, '', 1),
(79, 'Ritu Gupta', 'Female', 'ritu', '5f4dcc3b5aa765d61d8327deb882cf99', 8, 1, '12', 1, '', 1),
(80, 'Raju Mali', 'Male', 'raju', '5f4dcc3b5aa765d61d8327deb882cf99', 8, 1, '8,0', 1, '', 1);

-- --------------------------------------------------------

--
-- Table structure for table `mapping_section`
--

CREATE TABLE `mapping_section` (
  `id` int(20) NOT NULL,
  `class_id` int(20) NOT NULL,
  `section_id` int(20) NOT NULL
) ENGINE=InnoDB DEFAULT CHARSET=utf8;

--
-- Dumping data for table `mapping_section`
--

INSERT INTO `mapping_section` (`id`, `class_id`, `section_id`) VALUES
(1, 1, 1),
(2, 1, 2),
(3, 2, 1),
(4, 2, 2),
(5, 3, 1),
(6, 3, 2),
(7, 4, 1),
(8, 4, 2),
(9, 5, 1),
(10, 5, 2),
(11, 6, 1),
(12, 6, 2),
(13, 7, 1),
(14, 7, 2),
(15, 8, 1),
(16, 8, 2),
(17, 9, 1),
(18, 9, 2),
(20, 10, 1),
(21, 10, 2),
(22, 10, 6),
(23, 11, 3),
(24, 11, 4),
(25, -1, 1),
(26, -1, 2),
(29, -4, 1),
(30, -3, 1),
(31, -2, 1),
(32, -2, 2),
(33, -1, 6),
(34, 9, 6),
(35, 12, 3),
(36, 12, 4),
(37, 11, 5),
(38, 1, 6);

-- --------------------------------------------------------

--
-- Table structure for table `master_architecture`
--

CREATE TABLE `master_architecture` (
  `id` int(11) NOT NULL,
  `class_id` int(11) NOT NULL,
  `section_id` int(11) NOT NULL,
  `marksheet_term_id` int(11) NOT NULL,
  `term_id` int(11) NOT NULL,
  `category_id` int(11) NOT NULL,
  `sub_category_id` int(11) NOT NULL
) ENGINE=InnoDB DEFAULT CHARSET=latin1;

--
-- Dumping data for table `master_architecture`
--

INSERT INTO `master_architecture` (`id`, `class_id`, `section_id`, `marksheet_term_id`, `term_id`, `category_id`, `sub_category_id`) VALUES
(8, 1, 2, 1, 1, 1, 0),
(9, 1, 2, 1, 1, 3, 0),
(10, 2, 1, 1, 1, 1, 0),
(11, 2, 1, 1, 1, 3, 0),
(12, 2, 2, 1, 1, 1, 0),
(13, 2, 2, 1, 1, 3, 0),
(14, 3, 1, 1, 1, 1, 0),
(15, 3, 1, 1, 1, 3, 0),
(16, 3, 2, 1, 1, 1, 0),
(17, 3, 2, 1, 1, 3, 0),
(18, 4, 1, 1, 1, 1, 0),
(19, 4, 1, 1, 1, 3, 0),
(20, 4, 2, 1, 1, 1, 0),
(21, 4, 2, 1, 1, 3, 0),
(22, 5, 1, 1, 1, 1, 0),
(23, 5, 1, 1, 1, 3, 0),
(24, 5, 2, 1, 1, 1, 0),
(25, 5, 2, 1, 1, 3, 0),
(26, 6, 1, 1, 1, 1, 0),
(27, 6, 1, 1, 1, 3, 0),
(28, 6, 2, 1, 1, 1, 0),
(29, 6, 2, 1, 1, 3, 0),
(30, 7, 1, 1, 1, 1, 0),
(31, 7, 1, 1, 1, 3, 0),
(32, 7, 2, 1, 1, 1, 0),
(33, 7, 2, 1, 1, 3, 0),
(34, 8, 1, 1, 1, 1, 0),
(35, 8, 1, 1, 1, 3, 0),
(36, 8, 2, 1, 1, 1, 0),
(37, 8, 2, 1, 1, 3, 0),
(38, 9, 1, 1, 1, 1, 0),
(39, 9, 1, 1, 1, 3, 0),
(40, 9, 2, 1, 1, 1, 0),
(41, 9, 2, 1, 1, 3, 0),
(42, 9, 6, 1, 1, 1, 0),
(43, 9, 6, 1, 1, 3, 0),
(44, 10, 1, 1, 1, 1, 0),
(45, 10, 1, 1, 1, 3, 0),
(46, 10, 2, 1, 1, 1, 0),
(47, 10, 2, 1, 1, 3, 0),
(48, 10, 6, 1, 1, 1, 0),
(49, 10, 6, 1, 1, 3, 0),
(50, 1, 1, 1, 1, 1, 0),
(51, 1, 1, 1, 1, 2, 0),
(52, 1, 1, 1, 1, 3, 0);

-- --------------------------------------------------------

--
-- Table structure for table `master_class`
--

CREATE TABLE `master_class` (
  `id` int(11) NOT NULL,
  `class` varchar(50) NOT NULL,
  `roman` varchar(15) NOT NULL
) ENGINE=InnoDB DEFAULT CHARSET=utf8;

--
-- Dumping data for table `master_class`
--

INSERT INTO `master_class` (`id`, `class`, `roman`) VALUES
(-4, 'PG & PN', 'Play Group'),
(-3, 'Nursary', 'Nursary'),
(-2, 'LKG', 'LKG'),
(-1, 'HKG', 'HKG'),
(1, 'First', 'I'),
(2, 'Second', 'II'),
(3, 'Third', 'III'),
(4, 'Fouth', 'IV'),
(5, 'Fifth', 'V'),
(6, 'Sixth', 'VI'),
(7, 'Seventh', 'VII'),
(8, 'Eighth', 'VIII'),
(9, 'Ninth', 'IX'),
(10, 'Tenth', 'X'),
(11, 'Eleventh', 'XI'),
(12, 'Twelfth', 'XII'),
(13, 'PASS OUT', 'pass');

-- --------------------------------------------------------

--
-- Table structure for table `master_grade`
--

CREATE TABLE `master_grade` (
  `id` int(11) NOT NULL,
  `class_id` int(11) NOT NULL,
  `section_id` int(11) NOT NULL,
  `range_from` int(11) NOT NULL,
  `range_to` int(11) NOT NULL,
  `grade` varchar(500) NOT NULL,
  `grade_point` varchar(10) NOT NULL
) ENGINE=InnoDB DEFAULT CHARSET=latin1;

-- --------------------------------------------------------

--
-- Table structure for table `master_health`
--

CREATE TABLE `master_health` (
  `id` int(11) NOT NULL,
  `health_type` text NOT NULL,
  `parameter` varchar(200) NOT NULL
) ENGINE=InnoDB DEFAULT CHARSET=latin1;

--
-- Dumping data for table `master_health`
--

INSERT INTO `master_health` (`id`, `health_type`, `parameter`) VALUES
(1, 'SCHOLATIC', 'Points'),
(2, 'LANGUAGE SKILLS', 'Points'),
(3, 'ATTITUDE IN GENERAL', 'Points'),
(4, 'DISCIPLINE', 'Points'),
(5, 'CLASS PRESENCE AND ATTENTIVENSS', 'Points'),
(6, 'PARTICIPATION IN SCHOOL ACTIVITES', 'Points');

-- --------------------------------------------------------

--
-- Table structure for table `master_scalling`
--

CREATE TABLE `master_scalling` (
  `id` int(11) NOT NULL,
  `class_id` int(11) NOT NULL,
  `section_id` int(11) NOT NULL,
  `term_id` varchar(30) NOT NULL,
  `category_id` varchar(150) NOT NULL,
  `maximum_of_category` int(11) NOT NULL COMMENT 'select best of Category',
  `scale` int(11) NOT NULL COMMENT 'in Percentage(%)'
) ENGINE=InnoDB DEFAULT CHARSET=latin1;

-- --------------------------------------------------------

--
-- Table structure for table `master_section`
--

CREATE TABLE `master_section` (
  `id` int(11) NOT NULL,
  `section` varchar(50) NOT NULL
) ENGINE=InnoDB DEFAULT CHARSET=utf8;

--
-- Dumping data for table `master_section`
--

INSERT INTO `master_section` (`id`, `section`) VALUES
(1, 'A'),
(2, 'B'),
(3, 'Maths-PE'),
(4, 'BIO-PE'),
(5, 'Comm-PE'),
(6, 'C');

-- --------------------------------------------------------

--
-- Table structure for table `master_sub_subject`
--

CREATE TABLE `master_sub_subject` (
  `id` int(11) NOT NULL,
  `name` text NOT NULL
) ENGINE=InnoDB DEFAULT CHARSET=latin1;

--
-- Dumping data for table `master_sub_subject`
--

INSERT INTO `master_sub_subject` (`id`, `name`) VALUES
(1, 'Theory'),
(2, 'Practical');

-- --------------------------------------------------------

--
-- Table structure for table `master_term`
--

CREATE TABLE `master_term` (
  `id` int(2) NOT NULL,
  `name` varchar(50) NOT NULL,
  `block` int(1) NOT NULL
) ENGINE=InnoDB DEFAULT CHARSET=utf8;

--
-- Dumping data for table `master_term`
--

INSERT INTO `master_term` (`id`, `name`, `block`) VALUES
(1, 'Term-1', 0),
(2, 'Term-2', 1);

-- --------------------------------------------------------

--
-- Table structure for table `modules`
--

CREATE TABLE `modules` (
  `id` int(30) NOT NULL,
  `name` varchar(60) NOT NULL,
  `main_menu` text NOT NULL,
  `main_menu_icon` varchar(30) NOT NULL,
  `sub_menu` varchar(20) NOT NULL,
  `sub_menu_icon` varchar(30) NOT NULL,
  `page_name_url` text NOT NULL,
  `icon_class_name` varchar(30) NOT NULL,
  `query_string` text NOT NULL,
  `target` varchar(50) NOT NULL,
  `seq` int(11) NOT NULL
) ENGINE=InnoDB DEFAULT CHARSET=utf8;

--
-- Dumping data for table `modules`
--

INSERT INTO `modules` (`id`, `name`, `main_menu`, `main_menu_icon`, `sub_menu`, `sub_menu_icon`, `page_name_url`, `icon_class_name`, `query_string`, `target`, `seq`) VALUES
(1, ' Dashboard', '', '', '', '', 'index.php', 'fa fa-home', '', '', 1),
(2, ' Add Section', 'Master', 'fa fa-book', '', '', 'section.php', 'fa fa-search-plus', '', '', 3),
(3, ' Section-Mapping', 'Master', 'fa fa-book', '', '', 'cls_sec.php', 'fa fa-edit', '', '', 4),
(4, ' Subject-Mapping', 'Master', 'fa fa-book', '', '', 'cls_sub.php', 'fa fa-book ', '', '', 8),
(5, ' Assign Max Marks', 'Master', 'fa fa-book', '', '', 'max_marks.php', 'fa fa-male', '', '', 14),
(7, ' Assign-Elective', 'Master', 'fa fa-book', '', '', 'elective.php', 'fa fa-bar-chart-o', '', '', 9),
(8, ' Add', 'Student Register', 'fa fa-child', '', '', 'student_reg.php', 'fa fa-user', '', '', 4),
(9, ' Download Excel', ' Marks', 'fa fa-edit', '', '', 'marks.php', 'fa fa-picture-o ', '', '', 3),
(10, 'Upload Excel', ' Marks', 'fa fa-edit', '', '', 'upload_marks.php', 'fa fa-thumbs-o-up ', '', '', 4),
(11, 'Marksheet View', ' Marks', 'fa fa-edit', '', '', 'marksheet.php', 'fa fa-picture-o ', '', '', 5),
(12, ' Edit Class Wise', ' Marks', 'fa fa-edit', '', '', 'number_view.php', 'fa fa-ticket ', '', '', 6),
(15, 'Activate Exam', 'Master', 'fa fa-book', '', '', 'term_block.php', 'fa fa-eye ', '', '', 17),
(16, ' Add', ' Faculty', 'fa fa-group', '', '', 'register.php', 'fa \nfa-check-square-o ', '', '', 5),
(18, 'View', ' Faculty', 'fa fa-group', '', '', 'staff_view.php', 'fa fa-level-up', '', '', 6),
(19, ' Password', ' Settings', 'fa fa-gears', '', '', 'password.php', 'fa fa-lock', '', '', 6),
(20, 'User Privileges', ' Settings', 'fa fa-gears', '', '', 'user.php', '', '', '', 7),
(21, 'Exam Mapping', 'Master', 'fa fa-book', '', '', 'assign_mark.php', '', '', '', 13),
(22, ' View', 'Student Register', 'fa fa-child', '', '', 'student_updt.php', 'fa fa-book', '', '', 5),
(23, ' Edit Subject Wise', ' Marks', 'fa fa-edit', '', '', 'number_sub_view.php', 'fa fa-edit', '', '', 7),
(28, 'Class Wise', 'Report', 'fa fa-file', '', '', 'report_view.php', '', '', '', 11),
(29, 'Subject Wise', 'Report', 'fa fa-file', '', '', 'report_sub_view.php', '', '', '', 12),
(30, 'Faculty Wise', 'Report', 'fa fa-file', '', '', 'report_faculty.php', '', '', '', 13),
(31, ' Download Excel', ' Attendance', 'fa fa-gavel', '', '', 'attendance_format.php', 'fa fa-eye ', '', '', 7),
(32, ' Upload Excel', ' Attendance', 'fa fa-gavel', '', '', 'attendance_upload.php', 'fa fa-thumbs-o-up ', '', '', 8),
(37, ' Attendance Edit', ' Attendance', 'fa fa-gavel', '', '', 'attendance_view.php', 'fa fa-edit', '', '', 9),
(38, ' Class Wise', 'Remove', 'fa fa-thumbs-o-down ', '', '', 'remove.php', 'fa fa-cross', '', '', 9),
(39, ' Result', '', '', '', '', 'status.php', 'fa fa-thumbs-o-up ', '', '', 10),
(40, ' Subject Wise', 'Remove', 'fa fa-thumbs-o-down ', '', '', 'remove_sub.php', 'fa fa-danger', '', '', 10),
(42, 'Category', 'Master', 'fa fa-book', '', '', 'master_exam_category.php', '', '', '', 11),
(43, 'Category Type', 'Master', 'fa fa-book', '', '', 'master_exam_category_type.php', '', '', '', 12),
(44, 'Term', 'Master', 'fa fa-book', '', '', 'master_term.php', '', '', '', 10),
(45, 'Architecture', 'Master', 'fa fa-book', '', '', 'architecture.php', '', '', '', 15),
(46, 'Add Class', 'Master', 'fa fa-book', '', '', 'master_class.php', '', '', '', 2),
(47, 'Grade', 'Master', 'fa fa-book', '', '', 'master_grade.php', '', '', '', 16),
(48, 'Subject', 'Master', 'fa fa-book', '', '', 'master_subject.php', '', '', '', 5),
(50, 'Download', 'Health Status', 'fa fa-user-md', '', '', 'helth.php', '', '', '', 8),
(51, 'Upload', 'Health Status', 'fa fa-user-md', '', '', 'upload_health.php', '', '', '', 9),
(52, 'Edit', 'Health Status', 'fa fa-user-md', '', '', 'health_view.php', '', '', '', 10),
(53, ' Delete', ' Attendance', 'fa fa-gavel', '', '', 'remove_attendance.php', 'fa fa-warning', '', '', 10),
(54, 'Duty Charts', ' Faculty', 'fa fa-group', '', '', 'deuty_chart.php', 'fa \r\nfa-check-square-o ', '', '', 5),
(55, 'Roll No Allocation', 'Student Register', 'fa fa-child', '', '', 'roll_no_allocation.php', 'fa fa-user', '', '', 4),
(56, 'Time Table', 'Report', 'fa fa-file', '', '', 'time_table.php', '', '', '', 13),
(57, 'Roll No', 'Report', 'fa fa-file', '', '', 'roll_no.php', '', '', '', 14),
(58, 'Seating Arrangement', 'Report', 'fa fa-file', '', '', 'seat_arang.php', '', '', '', 15),
(59, 'Cross Class List', 'Report', 'fa fa-file', '', '', 'cross_class.php', '', '', '', 16),
(60, 'Cross Section List', 'Report', 'fa fa-file', '', '', 'cross_section.php', '', '', '', 17),
(61, 'Attendance', 'Report', 'fa fa-file', '', '', 'attendance_report.php', '', '', '', 18),
(62, 'Change section & Roll No', 'Student Register', 'fa fa-child', '', '', 'esit_student_section.php', 'fa fa-user', '', '', 4),
(63, 'Grade Subject', 'Master', 'fa fa-book', '', '', 'grade_subject.php', '', '', '', 7),
(64, 'Sub Subject', 'Master', 'fa fa-book', '', '', 'master_sub_subject.php', '', '', '', 6),
(65, 'Students details', 'Report', 'fa fa-file', '', '', 'detail.php', '', '', '', 16);

-- --------------------------------------------------------

--
-- Table structure for table `role`
--

CREATE TABLE `role` (
  `id` int(5) NOT NULL,
  `role` varchar(50) NOT NULL
) ENGINE=InnoDB DEFAULT CHARSET=utf8;

--
-- Dumping data for table `role`
--

INSERT INTO `role` (`id`, `role`) VALUES
(1, 'Faculty'),
(2, 'Admin');

-- --------------------------------------------------------

--
-- Table structure for table `school`
--

CREATE TABLE `school` (
  `id` int(11) NOT NULL,
  `school` text NOT NULL,
  `address` text NOT NULL,
  `affiliation_no` text NOT NULL,
  `agis` text NOT NULL,
  `logo` text NOT NULL
) ENGINE=InnoDB DEFAULT CHARSET=latin1;

--
-- Dumping data for table `school`
--

INSERT INTO `school` (`id`, `school`, `address`, `affiliation_no`, `agis`, `logo`) VALUES
(1, 'MDS PUBLIC SCHOOL', 'Udaipur (Raj.)', '', '', 'mds.gif');

-- --------------------------------------------------------

--
-- Table structure for table `staff_class`
--

CREATE TABLE `staff_class` (
  `id` int(11) NOT NULL,
  `staff_id` int(5) NOT NULL,
  `class_id` int(5) NOT NULL,
  `section_id` int(5) NOT NULL,
  `subject` int(5) NOT NULL
) ENGINE=InnoDB DEFAULT CHARSET=utf8;

--
-- Dumping data for table `staff_class`
--

INSERT INTO `staff_class` (`id`, `staff_id`, `class_id`, `section_id`, `subject`) VALUES
(1, 41, 1, 1, 8),
(2, 41, 1, 2, 8),
(3, 41, 2, 1, 8),
(4, 41, 2, 2, 8),
(5, 41, 3, 1, 8),
(6, 41, 3, 2, 8),
(7, 41, 4, 1, 8),
(8, 41, 4, 2, 8),
(9, 41, 5, 1, 8),
(10, 41, 5, 2, 8),
(11, 41, 7, 1, 8),
(12, 41, 7, 2, 8),
(13, 41, 6, 1, 8),
(14, 41, 6, 2, 8),
(15, 41, 8, 1, 8),
(16, 41, 8, 2, 8),
(17, 41, 9, 1, 8),
(18, 41, 9, 2, 8),
(19, 41, 9, 3, 8),
(20, 41, 10, 1, 8),
(21, 41, 10, 2, 8),
(22, 41, 10, 3, 8),
(23, 42, 1, 1, 5),
(24, 42, 1, 2, 5),
(25, 42, 5, 1, 5),
(26, 42, 5, 2, 5),
(27, 42, 4, 1, 5),
(28, 42, 4, 2, 5),
(29, 42, 2, 1, 5),
(30, 42, 2, 2, 5),
(31, 42, 3, 1, 5),
(32, 42, 3, 2, 5),
(33, 43, 6, 1, 10),
(34, 43, 6, 2, 10),
(35, 43, 7, 1, 10),
(36, 43, 7, 2, 10),
(37, 43, 8, 1, 10),
(38, 43, 8, 2, 10),
(39, 43, 9, 1, 14),
(40, 43, 9, 1, 15),
(41, 43, 9, 2, 14),
(42, 43, 9, 2, 15),
(43, 43, 9, 3, 14),
(44, 43, 9, 3, 15),
(45, 43, 10, 1, 14),
(46, 43, 10, 1, 15),
(47, 43, 10, 2, 14),
(48, 43, 10, 2, 15),
(49, 43, 10, 3, 14),
(50, 43, 10, 3, 15),
(51, 44, 1, 1, 9),
(52, 44, 1, 2, 9),
(53, 44, 2, 1, 9),
(54, 44, 2, 2, 9),
(55, 44, 3, 1, 9),
(56, 44, 3, 2, 9),
(57, 44, 4, 1, 9),
(58, 44, 4, 2, 9),
(59, 44, 6, 1, 9),
(60, 44, 6, 2, 9),
(61, 44, 5, 1, 9),
(62, 44, 5, 2, 9),
(63, 44, 8, 1, 9),
(64, 44, 8, 2, 9),
(65, 44, 7, 1, 9),
(66, 44, 7, 2, 9),
(67, 45, 5, 1, 1),
(68, 45, 5, 2, 1),
(71, 45, 6, 1, 1),
(72, 45, 6, 2, 1),
(73, 46, 3, 1, 6),
(74, 46, 3, 1, 11),
(75, 46, 3, 2, 6),
(76, 46, 3, 2, 11),
(77, 46, 4, 1, 6),
(78, 46, 4, 1, 11),
(79, 46, 4, 2, 6),
(80, 46, 4, 2, 11),
(81, 46, 5, 1, 11),
(82, 46, 5, 2, 11),
(83, 47, 1, 1, 3),
(84, 47, 1, 1, 4),
(85, 47, 1, 1, 6),
(86, 47, 1, 2, 3),
(87, 47, 1, 2, 4),
(88, 47, 1, 2, 6),
(89, 47, 2, 1, 3),
(90, 47, 2, 1, 6),
(91, 47, 2, 2, 3),
(92, 47, 2, 2, 6),
(93, 47, 3, 1, 3),
(94, 47, 3, 2, 3),
(95, 48, 1, 1, 2),
(96, 48, 1, 2, 2),
(97, 48, 2, 1, 2),
(98, 48, 2, 2, 2),
(99, 48, 3, 1, 2),
(100, 48, 3, 2, 2),
(103, 49, 3, 1, 10),
(104, 49, 3, 2, 10),
(105, 49, 4, 1, 10),
(106, 49, 4, 2, 10),
(107, 49, 5, 1, 6),
(108, 49, 5, 1, 10),
(109, 49, 5, 2, 6),
(110, 49, 5, 2, 10),
(111, 49, 6, 1, 6),
(112, 49, 6, 2, 6),
(113, 49, 7, 1, 6),
(114, 49, 7, 2, 6),
(115, 49, 8, 1, 6),
(116, 49, 8, 2, 6),
(117, 50, 4, 1, 3),
(118, 50, 4, 2, 3),
(119, 50, 5, 1, 3),
(120, 50, 5, 2, 3),
(121, 50, 6, 1, 3),
(122, 50, 6, 1, 11),
(123, 50, 6, 2, 3),
(124, 50, 6, 2, 11),
(125, 50, 7, 1, 3),
(126, 50, 7, 2, 3),
(127, 51, 1, 1, 7),
(128, 51, 1, 2, 7),
(129, 51, 2, 1, 7),
(130, 51, 2, 2, 7),
(131, 51, 3, 1, 7),
(132, 51, 3, 2, 7),
(133, 51, 4, 1, 7),
(134, 51, 4, 2, 7),
(135, 51, 5, 1, 7),
(136, 51, 5, 2, 7),
(137, 51, 6, 1, 7),
(138, 51, 6, 2, 7),
(139, 51, 7, 1, 7),
(140, 51, 7, 2, 7),
(141, 51, 8, 1, 7),
(142, 51, 8, 2, 7),
(145, 52, 7, 1, 2),
(146, 52, 7, 2, 2),
(147, 52, 9, 1, 2),
(148, 52, 9, 2, 2),
(149, 52, 9, 3, 2),
(150, 52, 10, 1, 2),
(151, 52, 10, 2, 2),
(152, 52, 10, 3, 2),
(155, 53, 8, 1, 1),
(156, 53, 8, 2, 1),
(157, 53, 10, 1, 1),
(158, 53, 10, 2, 1),
(159, 53, 10, 3, 1),
(160, 53, 9, 1, 1),
(161, 53, 9, 2, 1),
(162, 53, 9, 3, 1),
(163, 54, 1, 1, 1),
(164, 54, 1, 2, 1),
(165, 54, 3, 1, 1),
(166, 54, 3, 2, 1),
(167, 54, 2, 1, 1),
(168, 54, 2, 2, 1),
(169, 55, 7, 1, 11),
(170, 55, 7, 2, 11),
(171, 55, 8, 1, 11),
(172, 55, 8, 2, 11),
(173, 55, 9, 1, 11),
(174, 55, 9, 2, 11),
(175, 55, 9, 3, 11),
(176, 55, 10, 1, 11),
(177, 55, 10, 2, 11),
(178, 55, 10, 3, 11),
(179, 56, 8, 1, 3),
(180, 56, 8, 1, 5),
(181, 56, 8, 2, 3),
(182, 56, 8, 2, 5),
(184, 56, 9, 2, 3),
(185, 56, 9, 3, 3),
(186, 56, 10, 1, 3),
(187, 56, 10, 2, 3),
(188, 56, 10, 3, 3),
(191, 56, 7, 1, 5),
(192, 56, 7, 2, 5),
(193, 57, 9, 1, 16),
(194, 57, 9, 2, 16),
(195, 57, 9, 3, 16),
(196, 57, 10, 1, 16),
(197, 57, 10, 2, 16),
(198, 57, 10, 3, 16),
(211, 58, 7, 1, 12),
(212, 58, 7, 2, 12),
(217, 56, 7, 1, 5),
(218, 56, 7, 2, 5),
(231, 56, 6, 1, 4),
(232, 56, 6, 1, 5),
(233, 56, 6, 2, 4),
(234, 56, 6, 2, 5),
(235, 45, 4, 1, 1),
(236, 45, 4, 2, 1),
(237, 53, 7, 1, 1),
(238, 53, 7, 2, 1),
(243, 51, 10, 1, 7),
(244, 51, 10, 2, 7),
(245, 51, 9, 1, 7),
(246, 51, 9, 2, 7),
(247, 49, 2, 1, 4),
(248, 49, 2, 1, 10),
(249, 49, 2, 2, 4),
(250, 49, 2, 2, 10),
(251, 58, 6, 1, 12),
(252, 58, 6, 2, 12),
(253, 58, 8, 1, 12),
(254, 58, 8, 2, 12),
(255, 52, 6, 1, 2),
(256, 52, 6, 2, 2),
(257, 52, 8, 1, 2),
(258, 52, 8, 2, 2),
(259, 58, 5, 1, 2),
(260, 58, 5, 2, 2),
(261, 58, 9, 1, 12),
(262, 58, 9, 2, 12),
(263, 58, 10, 1, 12),
(264, 58, 10, 2, 12),
(265, 48, 4, 1, 2),
(266, 48, 4, 2, 2),
(271, 65, 12, 5, 14),
(272, 65, 12, 6, 14),
(273, 33, 11, 5, 14),
(274, 33, 11, 6, 14),
(275, 33, 12, 6, 14),
(276, 33, 12, 5, 14),
(283, 34, 11, 5, 15),
(284, 34, 11, 6, 15),
(285, 56, 9, 1, 3),
(288, 70, 7, 1, 4),
(289, 70, 7, 2, 4);

-- --------------------------------------------------------

--
-- Table structure for table `student`
--

CREATE TABLE `student` (
  `id` int(11) NOT NULL,
  `name` varchar(100) NOT NULL,
  `father_name` varchar(100) NOT NULL,
  `mother_name` varchar(100) NOT NULL,
  `dob` date NOT NULL,
  `address` text NOT NULL,
  `scholar_no` varchar(100) NOT NULL,
  `roll_no` int(50) NOT NULL,
  `class_id` int(11) NOT NULL,
  `section_id` int(11) NOT NULL,
  `faculty` varchar(50) NOT NULL,
  `batch` varchar(50) NOT NULL,
  `pdf_path` varchar(200) NOT NULL,
  `pdf_update_date` date NOT NULL,
  `hold` int(1) NOT NULL
) ENGINE=InnoDB DEFAULT CHARSET=utf8;

--
-- Dumping data for table `student`
--

INSERT INTO `student` (`id`, `name`, `father_name`, `mother_name`, `dob`, `address`, `scholar_no`, `roll_no`, `class_id`, `section_id`, `faculty`, `batch`, `pdf_path`, `pdf_update_date`, `hold`) VALUES
(2, 'AARAV BAMANIYA', 'MR. AJAY KUMAR BAMANIYA', 'MRS. PRAVEENA BAMANIYA', '2011-06-26', 'QTR. NO. 4/5, IWDP COLONY PRATAP NAGAR ', 'MDS-SS-3439', 0, 1, 1, '', '', '', '0000-00-00', 0),
(3, 'ANJEL CHUNDAWAT', 'MR. SHAKTI SINGH', 'MRS. NEETU KUNWAR', '2011-02-27', '27, MEERA NAGAR DHEEKLI ROAD', 'MDS-SS-2281', 0, 1, 1, '', '', '', '0000-00-00', 0),
(4, 'AYUSHMAN SINGH CHUNDAWAT ', 'MR. SHAILENDRA SINGH', 'MRS. JAYA RATHORE', '2011-06-27', '5, SHANTI NATH NAGAR CHANDRA COLONY', 'MDS-SS-3442', 0, 1, 1, '', '', '', '0000-00-00', 0),
(5, 'BHAVIL CHOUBISA', 'MR. PRAVEEN CHOUBISA', 'MRS. NEETU CHOUBISA', '2010-10-04', '75, KRISHNA VIHAR BEHIND MDS SCHOOL OLD RTO ', 'MDS-SS-2530', 0, 1, 1, '', '', '', '0000-00-00', 0),
(6, 'BHAVYA VERMA', 'MR. SURENDRA KUMAR VERMA', 'MRS. ANJANA VERMA', '2011-07-15', 'H. NO. 13, BAIRWAY NAGAR BEDWAS', 'MDS-SS-2157', 0, 1, 1, '', '', '', '0000-00-00', 0),
(7, 'CHINMAY CHOUBISA', 'MR. TARUN CHOUBISA', 'MRS. NEELAM CHOUBISA', '2010-11-16', '66,CHANDR COLONY,PRATAP NAGAR,UDAIPUR', 'MDS-SS-2778', 0, 1, 1, '', '', '', '0000-00-00', 0),
(8, 'CHITRANKSHI RATHORE', 'MR. PUSHPENDRA SINGH RATHORE', 'MRS. MEENA KUNWAR', '2010-09-25', '105, BEHIND NAKODA COMPLEX NAKODA NAGAR III RAKAMPURA  ROAD BEDWAS', 'MDS-SS-4058', 0, 1, 1, '', '', '', '0000-00-00', 0),
(9, 'CHITRESH SINGH RAO', 'MR. BHOPAL SINGH RAO', 'MRS. SANDHYA RAO', '2011-02-08', 'BHOPAL SINGH RAO 24, NAKODA NAGAR I NEAR NCA SCHOOL', 'MDS-SS-3735', 0, 1, 1, '', '', '', '0000-00-00', 0),
(10, 'DHEERAJ KUMAR KURIYA', 'MR. BHERU LAL GAMETI', 'MRS. VINIKI DEVI', '2011-01-05', 'KURIYO KI GUADI , DHEEKLI', 'MDS-SS-2477', 0, 1, 1, '', '', '', '0000-00-00', 0),
(11, 'DHRUV NADGA', 'MR. RAMESH CHANDRA NAGDA', 'MRS. NIRMALA NAGDA', '2011-02-01', 'VILLAGE &POST BHESDA KHURD THE. GIRWA DISTT. UDR.', 'MDS-SS-4084', 0, 1, 1, '', '', '', '0000-00-00', 0),
(12, 'DIGWI BAPNA', 'MR. SHURVEER SINGH BAPNA', 'MRS. CHETANA JAIN', '2010-07-13', 'SHANTI LAL BAPNA VILLAGE DHIKLI VAYA PRATAP NAGAR ', 'MDS-SS-3455', 0, 1, 1, '', '', '', '0000-00-00', 0),
(13, 'HEMANSHI VAISHNAV', 'MR. RAMESH VAISHNAV', 'MRS. REKHA VAISHNAV', '2010-10-31', 'OLD RTO PRATAP NAGAR  DHIKHLI ROAD OPP. MDS SCHOOL 24, RAJ COMPLEX', 'MDS - SS - 2536', 0, 1, 1, '', '', '', '0000-00-00', 0),
(14, 'HIREN KHANDIA', 'MR. RAJ KUMAR KHANDIA', 'MRS. MANJU JINGAR', '2010-06-16', '98, N.B. NAGAR DHAU JI KI BAWARI BEDWAS PRATAP NAGAR', 'MDS-SS-2566', 0, 1, 1, '', '', '', '0000-00-00', 0),
(15, 'ISHIKA CHUNDAWAT', 'MR. RAGHUNATH SINGH', 'MRS. TEJ KUNWAR', '2011-02-12', 'H2, N.B. NAGAR COMPLEX PRATAP NAGAR', 'MDS-SS-2504', 0, 1, 1, '', '', '', '0000-00-00', 0),
(16, 'KANISHKA BANSIWAL', 'MR. MANISH BANSIWAL', 'MRS. NEELAM BANSIWAL', '2011-03-15', '72, RAVINDRA NAGAR  PRATAP NAGAR', 'MDS-SS-3467', 0, 1, 1, '', '', '', '0000-00-00', 0),
(17, 'KHUSHWARDHAN SINGH CHOUHAN', 'MR. DEVENDRA SINGH', 'MRS. REKHA CHOUHAN', '2011-02-03', '25, SHRI RAM COLONY ', 'MDS-SS-3695', 0, 1, 1, '', '', '', '0000-00-00', 0),
(18, 'KISHAN PATEL', 'MR. PRAKASH PATEL', 'MRS. SARSI PATEL', '2011-04-24', 'CHANDRA COLONY BEHIND ANKIT PUBLIC SCHOOL OLD RTO ROAD', 'MDS-SS2621', 0, 1, 1, '', '', '', '0000-00-00', 0),
(19, 'KRISHNA PAL SINGH RANAWAT', 'MR. MAHENDRA SINGH RANAWAT', 'MRS. LALITHA KUNWAR', '2011-01-01', 'H. NO. -13, NAKODA NAGAR -3 NEAR NAKODA COMPLEX', 'MDS-SS-4088', 0, 1, 1, '', '', '', '0000-00-00', 0),
(20, 'KRISHNA SHARMA', 'MR. JITENDRA SHARMA', 'MRS SUMAN SHARMA', '2011-05-06', '25-E INDUSTRIAL AREA PRATAP NAGAR ', 'MDS-SS-2539', 0, 1, 1, '', '', '', '0000-00-00', 0),
(21, 'MONIKA MEGHWAL', 'MR. SHANKER MEGHWAL', 'MRS. SOVANI MEGHWAL', '2010-05-20', 'NEAR MDS SCHOOL ', 'MDS-SS-3664', 0, 1, 1, '', '', '', '0000-00-00', 0),
(22, 'NANDANI PUROHIT', 'MR. SUNIL PUROHIT', 'MRS SIMMY PUROHIT ', '2010-11-10', '22, SOBHYAG NAGAR NAKODA NAGAR ', 'MDS-SS-4057', 0, 1, 1, '', '', '', '0000-00-00', 0),
(23, 'NARENDRA JAKHAR', 'MR. VINOD JAKHAR', 'MRS. SHARMILA JAKHAR', '2010-10-10', '1/231, RHB COLONY NEAR SAMUDAYIK BHAWAN PRATAP NAGAR', 'MDS-SS-3476', 0, 1, 1, '', '', '', '0000-00-00', 0),
(24, 'NARESH PATEL', 'MR. GOUTAM LAL PATEL', 'MRS. KANKU DEVI', '2011-06-04', '22, BASANT VIHAR NEAR MDS SCHOOL PRATAP NAGAR', 'MDS-SS-2151', 0, 1, 1, '', '', '', '0000-00-00', 0),
(25, 'PADMA KUMARI KURIYA', 'MR. BHURI LAL GAMETI', 'MRS. DEVLI BAI GAMETI', '2009-12-10', 'KURIYO KI GUADI, DHEEKLI', 'MDS-SS-2478', 0, 1, 1, '', '', '', '0000-00-00', 0),
(26, 'PRIYANSHU KUMAWAT', 'MR. VINOD KUMAWAT', 'MRS. SHARDA KUMAWAT', '2011-11-21', 'OLD RTO ROAD SHIV COLONY', 'MDS-SS-2532', 0, 1, 1, '', '', '', '0000-00-00', 0),
(27, 'RAGHAV SHARMA', 'MR. VIJENDRA SHARMA', 'MRS. SUNITA SHARMA', '2010-03-24', '83, CHANDRA COLONY OLD RTO OPP. SURYA GAS GODWAN', 'MDS-SS-2546', 0, 1, 1, '', '', '', '0000-00-00', 0),
(28, 'RISHIMA ABHILASH SHARMA', 'MR. ABHILASH SHARMA', 'MRS. MAMTA SHARMA', '2011-09-29', 'E- 70 PRATAP NAGAR NEAR SHIV MANDIR PRATAP NAGAR', 'MDS-SS-3493', 0, 1, 1, '', '', '', '0000-00-00', 0),
(29, 'RITIKA KUNWAR RAO', 'MR. PUSHPENDRA SINGH RAO', 'MRS.JYOTSANA RAO', '2011-07-10', '103, NAKOD NAGAR DHAU JI KI BAVRI ', 'MDS-SS-2738', 0, 1, 1, '', '', '', '0000-00-00', 0),
(30, 'RUDRA PRATAP SINGH RAO', 'MR. KARAN SINGH RAO', 'MRS. DEEPIKA RAO', '2010-09-23', '54, UIT COLONY PRATAP NAGAR OLD RTO ROAD ', 'MDS-SS-4061', 0, 1, 1, '', '', '', '0000-00-00', 0),
(31, 'SHIVENDRA SINGH SOLANKI', 'MR. PRITHVI SINGH', 'MRS. MITTU KUNWAR', '2011-03-11', '65, KRISHNA VIHAR DHEEKLI ROAD', 'MDS-SS-2529', 0, 1, 1, '', '', '', '0000-00-00', 0),
(32, 'YASH PALIWAL', 'MR. JAGDISH PALIWAL', 'MRS. RADHA PALIWAL', '2011-03-25', '21, ASHAPURA COLONY  AIRPORT ROAD', 'MDS-SS-4118', 0, 1, 1, '', '', '', '0000-00-00', 0),
(33, 'YASHIKA BANSIWAL', 'MR. GITESH BANSIWAL', 'MRS. MAMTA BANSIWAL', '2011-08-09', '72, RAVINDRA NAGAR  PRATAP NAGAR', 'MDS-SS-3515', 0, 1, 1, '', '', '', '0000-00-00', 0),
(34, 'ANJALI DANGI', 'MR. GOPAL JI DANGI', 'MRS. MANGI DANGI', '2010-03-19', '35, CHANDRA COLONY PRATAP NAGAR GALI NO. 1 OLD RTO ROAD', 'MDS-SS-2060', 0, 2, 1, '', '', '', '0000-00-00', 0),
(35, 'BHAVYA MENARIA', 'MR. MULSHANKER ', 'MRS. SUSHEELA MENARIA', '2011-01-31', '643,  NEAR ANKIT PUBLIC SCHOOL CHANDRA NAGAR OLD RTO UDR.', 'MDS-SS-4067', 0, 2, 1, '', '', '', '0000-00-00', 0),
(36, 'BHAVYA SHARMA', 'MR.MUKESH SHARMA', 'MRS. LALITA SHARMA', '2009-08-04', 'RAKAMPURA  DHAU JI KI BAWARI ', 'MDS-SS-2079', 0, 2, 1, '', '', '', '0000-00-00', 0),
(37, 'BHUMIKA REBARI', 'LATE MR. NARAYAN REBARI', 'MRS. PUSHPA REBARI', '2010-06-30', 'REBARIYON KA GUDA DHEEKHLI ', 'MDS-SS-2054', 0, 2, 1, '', '', '', '0000-00-00', 0),
(38, 'CHARVI BAGDI', 'MR. HEMANT BAGDI KHATIK', 'MRS. AKSHA BAGDI', '2009-11-29', '208, CENTER CHOURAHA VILL. POST SAKRODA THE. GIRWA DEBARI', 'MDS-SS-1692', 0, 2, 1, '', '', '', '0000-00-00', 0),
(39, 'DAKSHRAJ SINGH DEORA', 'MR. RAJENDRA SINGH DEORA', 'MRS. RAJKUMARI DEORA', '2011-02-16', 'H. NO. 197-198, VAISHALI NAGAR PACIFIC UNIVERSITY ROAD ', 'MDS-SS-3459', 0, 2, 1, '', '', '', '0000-00-00', 0),
(40, 'HANSIKA SHAKTAWAT', 'MR. MAHENDRA SINGH SHAKTAWAT', 'MRS. PARAS KUNWAR', '2010-06-15', '3A MEERA NAGAR DHIKLI ROAD PRATAP NAGAR', 'MDS-SS-3461', 0, 2, 1, '', '', '', '0000-00-00', 0),
(41, 'HARSHIT MEENA', 'MR. VEDRAJ MEENA', 'MRS. VENU KUMARI', '2010-01-03', 'NEAR NEW GAYAN CHETNA SCHOOL OLD RTO ROAD', 'MDS - SS - 2480', 0, 2, 1, '', '', '', '0000-00-00', 0),
(42, 'HIMANSHU LABANA', 'MR. PANKAJ LABANA', 'MRS. REKHA DEVI', '2010-04-23', 'NEAR PAMKAY UPBHOKTA BHANDAR SEC. 3 HIRAN MAGRI ', 'MDS-SS-3464', 0, 2, 1, '', '', '', '0000-00-00', 0),
(43, 'ISHIKA NAGDA', 'MR. JAGDISH NAGDA', 'MRS. HEMLATA NAGDA', '2010-05-14', 'SHIV COLONY NEAR OLD RTO DHIKLI ROAD PRATAP NAGAR', 'MDS-SS-1876', 0, 2, 1, '', '', '', '0000-00-00', 0),
(44, 'ISHIKA SHARMA', 'MR. PRAKASH SHARMA', 'MRS. MANJU LATA SHARMA', '2009-12-01', 'BEDWAS RAIL WAY LINE', 'MDS-SS-2077', 0, 2, 1, '', '', '', '0000-00-00', 0),
(45, 'JAHNVI MEGHWAL', 'MR. MANISH MEGHWAL', 'MR.NIRMALA MEGHWAL', '2010-07-27', '139, KRISHNA VIHAR BEDWAS MDS SCHOOL OLD RTO', 'MDS-SS-1854', 0, 2, 1, '', '', '', '0000-00-00', 0),
(46, 'JIYANSH JAIN', 'MR.RAJESH JAIN', ' MRS.JAYSHREE JAIN', '2010-03-12', 'C/O ASHA IT DHABHAI, DHABHAI COMPLEX NB NAGAR, BEDWAS,UDAIPUR', 'MDS-SS-4121', 0, 2, 1, '', '', '', '0000-00-00', 0),
(47, 'JYENA TIGAYA', 'MR. SUKH DEV PRASAD TIGAYA', 'MRS. ANITA TIGAYA', '2010-07-25', '113, CHANDRA COLONY BEHIND SURYA GAS GODOWN', 'MDS-SS-2063', 0, 2, 1, '', '', '', '0000-00-00', 0),
(48, 'KAMAKSHI RAJAWAT', 'MR. SHAKTI SINGH RAJAWAT', 'MRS. REKHA KUNWAR', '2010-04-20', 'NEAR GOV. SCHOOL REBARIYON KA GUDA', 'MDS-SS-2356', 0, 2, 1, '', '', '', '0000-00-00', 0),
(49, 'KAUSHAL RAJ JHALA', 'MR. BAHADUR SINGH JHALA', 'MRS. MADALSA KUNWAR', '2010-10-01', '254, UIT COLONY SCHEME PRATAP NAGAR', 'MDS-SS-1779', 0, 2, 1, '', '', '', '0000-00-00', 0),
(50, 'KAVYA BAYA', 'MR. LAL CHAND BAYA', 'MRS. ANTIM BALA BAYA', '2010-06-13', 'S-20, NAKODA NAGAR DHAU JI KI BAVRI ', 'MDS-SS-3010', 0, 2, 1, '', '', '', '0000-00-00', 0),
(51, 'MANMOHAN SINGH RATHORE', 'MR. DEVI SINGH RATHORE', 'MRS. LAKSHMI KUNWAR', '2010-02-01', '54, TULSI NAGAR PRATAP NAGAR', 'MDS-SS-2031', 0, 2, 1, '', '', '', '0000-00-00', 0),
(52, 'MITANSHU BOHARA', 'MR. LALIT SINGH BOHARA', 'LATE MAYA BOHARA', '2010-07-15', 'G-5, DESIGNER HEIGHT APARTMENT DHIKLI ROAD OLD RTO NEAR GAS GODAM', 'MDS-SS-4054', 0, 2, 1, '', '', '', '0000-00-00', 0),
(53, 'MONARK NOGIYA', 'MR. C.P. NOGIYA', 'MRS. MEENAKSHI NOGIYA', '2010-10-06', '113, CHANDRA COLONY BEHIND SURYA GAS GODOWN PRATAP NAGAR', 'MDS-SS-2064', 0, 2, 1, '', '', '', '0000-00-00', 0),
(54, 'POORVA SINGH', 'MR. BHANWAR VIJENDRA SINGH', 'MRS. KIRAN KANWAR', '2010-12-28', '123,KRISHNA VIHAR BEHIND MDS SCHOOL DHIKHLI ROAD', 'MDS-SS-3891', 0, 2, 1, '', '', '', '0000-00-00', 0),
(55, 'PURVIL MEENA ', 'MR. MANMOHAN SINGH MEENA', 'MRS. RASHMI DEVEND', '2010-01-07', 'OLD RTO OFFICE ROAD BASANT BIHAR NEAR(SHIV MANDIR) DHIKLI ROAD ', 'MDS-SS-4060', 0, 2, 1, '', '', '', '0000-00-00', 0),
(56, 'RACHIT SHARMA', 'MR. PRAHLAD SHARMA', 'MRS. SONAL', '2010-09-11', '97, CHANDRA COLONY GALI NO. 2 OLD RTO OFFICE ROAD', 'MDS-SS-3497', 0, 2, 1, '', '', '', '0000-00-00', 0),
(57, 'RAJRANI SHAKTAWAT', 'MR. DASHRATH SINGH ', 'MRS. DASHRATH KUNWAR ', '2010-02-04', 'OLD RTO OFFICE NEAR MDS SCHOOL', 'MDS-SS-3649', 0, 2, 1, '', '', '', '0000-00-00', 0),
(58, 'RITESH MEENA', 'MR. RAM BABU MEENA', 'MRS. SEEMA MEENA', '2009-03-14', '13/417, SOUTH SUNDERWAS', 'MDS - SS - 2488', 0, 2, 1, '', '', '', '0000-00-00', 0),
(59, 'TANAY PRAMOD SUNNE', 'MR. PRAMOD RAMESH SUNNE', 'MRS. PRIYA PRAMOD SUNNE', '2010-11-07', 'H. NO. B5 GAYATRI NAGAR SOUTH SUNDERWAS NEAR SBI COLONY ', 'MDS-SS-3744', 0, 2, 1, '', '', '', '0000-00-00', 0),
(60, 'TEJASHWARI BHATI', 'MR. RAJENDRA SINGH BHATI', 'MRS. NIRMLA KUNWAR BHATI', '2009-12-15', '11, NEW MEERA NAGAR DHIKLI ROAD OLD RTO PRATAP NAGAR ', 'MDS-SS-2522', 0, 2, 1, '', '', '', '0000-00-00', 0),
(61, 'URVASHI SHARMA', 'MR. PUSHKAR LAL SUTHAR', 'MRS. GEETA SUTHAR', '2009-03-03', 'RAKAMPURA ,NEAR BY NB NAGAR', 'MDS-SS-3672', 0, 2, 1, '', '', '', '0000-00-00', 0),
(62, 'VAIBHAV MALI', 'MR. MUKESH MALI', 'MRS. VIMALA MALI', '2010-08-05', '141, CHANDRA COLONY PRATAP NAGAR', 'MDS-SS-1770', 0, 2, 1, '', '', '', '0000-00-00', 0),
(63, 'VISHAL SAHU', 'MR. GANESH SAHU', 'MRS. RADHA SAHU', '2010-02-22', '69-NAKODA NAGAR,DHAN JI KI BAWRI,BEDWAS', 'MDS-SS-3518', 0, 2, 1, '', '', '', '0000-00-00', 0),
(64, 'YASHVEE DETHA', 'MR. LALIT SINGH', 'MRS. RAJAL ', '2010-02-11', 'PRATAP NAGAR B BLOCK 291 NEAR KV SCHOOL', 'MDS-SS-4132', 0, 2, 1, '', '', '', '0000-00-00', 0),
(65, 'YUVRAJ SINGH RATHORE', 'MR. GOPAL SINGH RATHORE', 'MRS. BHAWAR KUNWAR', '2010-09-13', 'MEERA NAGAR PRATAP NAGAR ', 'MDS-SS-2496', 0, 2, 1, '', '', '', '0000-00-00', 0),
(66, 'ALISHA JAIN', 'MR. BHARAT KUMAR JAIN', 'MRS. URMILA JAIN', '2009-08-20', 'DHIKLI ROAD OPP. MDS SCHOOL PRATAP NAGAR', 'MDS-SS-1396', 0, 3, 1, '', '', '', '0000-00-00', 0),
(67, 'ANJANI KUNWAR CHOUHAN', 'MR. DHAN SINGH CHOUHAN ', 'MRS. SUNITA KUNWAR', '2008-11-29', '35,36 MEERA NAGAR -3 OPP. OLD RTO OFFICE, DHIKALI ROAD, UDAIPUR ', 'MDS-SS-4130', 0, 3, 1, '', '', '', '0000-00-00', 0),
(68, 'ANKIT VAISHNAV', 'MR. BHARAT DAS VAISHNAV', 'MRS. LALITA DEVI VAISHNAV', '2008-06-29', 'SHIV COLONY REBARIYON KA GUDA', 'MDS-SS-2482', 0, 3, 1, '', '', '', '0000-00-00', 0),
(69, 'ASHUTOSH VAISHNAV', 'MR. GANPAT DAS VAISHNAV', 'MRS.ANITA VAISHNAV', '2010-04-18', '20, REBARIYON KA GUDA DHIKLI ', 'MDS-SS-1485', 0, 3, 1, '', '', '', '0000-00-00', 0),
(70, 'BHUMIKA VAISHNAV', 'MR. OM PRAKASH VAISHNAV', 'MRS. AANITA VAISHNAV', '2009-04-17', 'OLD RTO PRATAP NAGAR DHIKLI ROAD', 'MDS-SS-2057', 0, 3, 1, '', '', '', '0000-00-00', 0),
(71, 'BHUMIT MEGHWAL', 'LATE MR. SANTOSH MEGHWAL', 'MRS. KANTA MEGHWAL', '2013-06-10', '448/36, JYOTI COLONY -2 GLASS FACTORY SUNDERWAS ', 'MDS-SS-3447', 0, 3, 1, '', '', '', '0000-00-00', 0),
(72, 'BHUPENDRA SINGH CHUNDAWAT', 'MR. HARI SINGH CHUNDAWAT', 'MRS. BHAWAR KUNWAR', '2008-03-03', '33, MEERA NAGAR ', 'MDS-SS-2524', 0, 3, 1, '', '', '', '0000-00-00', 0),
(73, 'DAKSH CHOUDHARY', 'MR. MANOHAR LAL CHOUDHARY', 'MRS. ASHA CHOUDHARY', '2009-10-31', '23, UIT COLONY DHIKLI ROAD PRATAP NAGAR', 'MDS-SS-1658', 0, 3, 1, '', '', '', '0000-00-00', 0),
(74, 'DHRUVI JAIN', 'MR. YOGESH JAIN', 'MRS. SAKUNTALA JAIN', '2009-02-20', 'DEVDO KA SAKRODA NEAR JAIN MANDIR GIRWA', 'MDS-SS-1634', 0, 3, 1, '', '', '', '0000-00-00', 0),
(75, 'DHRUVI VAISHNAV', 'MR. HARI PRASAD', 'MRS. MAMTA VAISHNAV', '2009-08-31', 'REBARIYON KA GUDA', 'MDS-SS-1703', 0, 3, 1, '', '', '', '0000-00-00', 0),
(76, 'GARV PUJARI ', 'MR. SATYANARAYAN PUJARI ', 'MRS. RAJANI PUJARI', '2009-06-13', 'HOUSE NO. 5, (1 BHK) AIIMS NEAR TRANSPORT NAGAR  AIRPORT ROAD', 'MDS-SS-4125', 0, 3, 1, '', '', '', '0000-00-00', 0),
(77, 'GARVITRAJ SINGH RATHORE', 'MR. BHAGWAN SINGH RATHORE', 'MRS. SHIVA KUNWAR', '2009-04-20', '2, OLD RTO PRATAP NAGAR DHIKLI ROAD MEERA NAGAR', 'MDS-SS-1659', 0, 3, 1, '', '', '', '0000-00-00', 0),
(78, 'KARTIK SHARMA', 'MR. NARESH KUMAR SHARMA', 'MRS. MAMTA VYAS', '2009-04-02', '77-78 CHANDRA COLONY DHIKHLI ROAD PRATAP NAGAR', 'MDS-SS-3733', 0, 3, 1, '', '', '', '0000-00-00', 0),
(79, 'KINJAL JOSHI', 'MR. PURAN JOSHI', 'MRS. NIMA JOSHI', '2009-06-23', '30, NEAR ANKIT SCHOOL SHIV COLONY DHIKLI ROAD OLD RTO ', 'MDS-SS-2763', 0, 3, 1, '', '', '', '0000-00-00', 0),
(80, 'KISHAN PATEL', 'MR. TEJA PATEL', 'MRS. KAJU BAI', '2005-09-05', 'MEERA NAGAR LAXMI NAGAR', 'MDS-SS-3001', 0, 3, 1, '', '', '', '0000-00-00', 0),
(81, 'KUNDAN HAMRAJ SINGH CHAUHAN', 'MR. HAMRAJ SINGH N. CHAUHAN', 'MRS. KOMAL HAMRAJ SINGH CHAUHAN', '2009-02-07', '99, MEERA NAGAR OLD RTO PRATAP NAGAR', 'MDS-SS-3662', 0, 3, 1, '', '', '', '0000-00-00', 0),
(82, 'LAKSHIT JAIN', 'MR. MAHAVEER JAIN', 'MRS. PRITI JAIN', '2010-07-06', 'VIDHA SADAN C/O BHARAT TRADERS ZINK CHOWRAYA KURABAD ROAD', 'MDS-SS-2038', 0, 3, 1, '', '', '', '0000-00-00', 0),
(83, 'LAKSHYA RAJ SINGH CHUNDAWAT', 'MR. RAGHU NATH SINGH', 'MRS. TEJ KUNWAR', '2008-10-11', 'H2, N.B.  COMPLEX PRATAP NAGAR', 'MDS-SS-1286', 0, 3, 1, '', '', '', '0000-00-00', 0),
(84, 'LAVISH VAISHNAV', 'MR. MAGI DAS VAISHNAV', 'MRS. GANGA VAISHNAV', '2008-02-13', 'PRITHVI SINGH JI KHEDA POWER HOUSE', 'MDS-SS-1660', 0, 3, 1, '', '', '', '0000-00-00', 0),
(85, 'LOVERAJ SINGH JHALA', 'MR. MAHIPAL SINGH JHALA', 'MRS. MONIKA KUNWAR', '2007-06-01', 'MEERA NAGAR OLD RTO OFFICE DHEEKHLI ROAD ', 'MDS-SS-4124', 0, 3, 1, '', '', '', '0000-00-00', 0),
(86, 'MEGHANSHI SARANGDEVOT', 'MR. BHOPAL SINGH SARANGDEVOT ', 'MRS. SEEMA KUWAR', '2009-10-14', '6, NEW MEERA NAGAR DHIKHLI ROAD', 'MDS-SS-2955', 0, 3, 1, '', '', '', '0000-00-00', 0),
(87, 'MINAL CHOUDHARY', 'MR. NARENDRA CHOUDHARY', 'MRS. RUKMANI CHOUDHARY', '2009-04-06', 'CHOUDHARYON KA MOHALLA VILLAGE DHIKLI', 'MDS-SS-1596', 0, 3, 1, '', '', '', '0000-00-00', 0),
(88, 'NAKUL PALIWAL', 'MR. ASHOK PALIWAL', 'MRS. MEENAKSHI PALIWAL', '2008-09-25', '15. MEHTA BHAWAN SUNDERWAS', 'MDS-SS-3020', 0, 3, 1, '', '', '', '0000-00-00', 0),
(89, 'NARESH PATEL', 'MR. VALA RAM PATEL', 'MRS. VALE BAI', '2005-09-07', 'MEERA NAGAR LAXMI NAGAR', 'MDS-SS-2834', 0, 3, 1, '', '', '', '0000-00-00', 0),
(90, 'NISHTHA VAISHNAV', 'MR. LEELADHAR VAISHNAV', 'MRS. SUMAN LATA VAISHNAV', '2009-07-31', '68, SHREE RAM COLONY ', 'MDS-SS-1388', 0, 3, 1, '', '', '', '0000-00-00', 0),
(91, 'OM PRATAP SINGH CHUNDAWAT', 'MR. NARENDRA SINGH CHUNDAWAT', 'MRS. JYOTI', '2009-08-15', '8, MEERA NAGAR OLD RTO OFFICE DHIKLI ROAD PRATAP NAGAR', 'MDS-SS-2027', 0, 3, 1, '', '', '', '0000-00-00', 0),
(92, 'PAVNEET KAUR ARORA', 'MR. BHAGAT SINGH', 'MRS. SIMRAN KAUR', '2010-03-29', 'H. NO. 1/140, HOUSING BOARD COLONY ', 'MDS-SS-2400', 0, 3, 1, '', '', '', '0000-00-00', 0),
(93, 'PAYAL PATEL', 'MR. GAUTAM LAL PATEL', 'MRS. KANKU DEVI', '2008-03-23', '22, BASANT VIHAR NEAR MDS SCHOOL PRATAP NAGAR', 'MDS-SS-2071', 0, 3, 1, '', '', '', '0000-00-00', 0),
(94, 'PIYUSH MALI ', 'MR. FATEH LAL MALI', 'MRS. LAKSHMI MALI', '2008-10-26', '144, KRISHNA VIHAR NEAR MDS SHOOL', 'MDS-SS-3487', 0, 3, 1, '', '', '', '0000-00-00', 0),
(95, 'PRINCE MALVIYA', 'MR. BHAGWATI LAL LOHAR', 'MRS. MEENA LOHAR', '2009-02-13', '34, ZINC COMPLEX ZERNO KI SARAY DEBARI', 'MDS-SS-3715', 0, 3, 1, '', '', '', '0000-00-00', 0),
(96, 'PRIYANSHI ACHARYA', 'MR. LOKESH KUMAR ACHARYA', 'MRS. REKHA SHARMA', '2009-10-01', '42, KAPIL VIHAR BEDWAS', 'MDS-SS-2420', 0, 3, 1, '', '', '', '0000-00-00', 0),
(97, 'RAKESH REBARI ', 'MR. SOHAN LAL REBARI ', 'MRS. LAXMI BAI', '2007-02-08', 'REBARIYO KA GUDA DHINKLI ROAD UDAIPUR', 'MDS - SS - 2075', 0, 3, 1, '', '', '', '0000-00-00', 0),
(98, 'RINKU KUMARI CHOUHAN', 'MR. NARENDRA SINGH CHOUHAN', 'MRS. CHANDRA CHOUHAN', '2009-07-12', '177, KRISHNA VIHAR BEHIND MDS SCHOOL', 'MDS-SS-3039', 0, 3, 1, '', '', '', '0000-00-00', 0),
(99, 'RITURAJ SINGH RANAWAT', 'MR. JORAWAR SINGH RANAWAT', 'MRS. RENU KUNWAR RANAWAT', '2009-04-10', 'DHEEKHLI ROAD PRATAP NAGAR NEAR UPBHOKTA BAZAR', 'MDS-SS-1629', 0, 3, 1, '', '', '', '0000-00-00', 0),
(100, 'RUDRA JOSHI', 'MR. POORAN JOSHI', 'MRS. CHANCHAL JOSHI', '2009-06-04', '531, RAHAT WALI GHATI DHIKLI UDR.', 'MDS-SS-2783', 0, 3, 1, '', '', '', '0000-00-00', 0),
(101, 'SAKSHI KUMAWAT', 'MR. DINESH KUMAR KUMAWAT', 'MRS. REKHA ', '0000-00-00', '18, MEERA NAGAR OLD RTO OFFICE PRATAP NAGAR ', 'MDS-SS-2750', 0, 3, 1, '', '', '', '0000-00-00', 0),
(102, 'SHIV NATH CHOUHAN', 'MR. BAHADUR NATH CHAUHAN', 'MRS. UMA KUNWAR CHAUHAN', '2009-05-18', 'SHIV COLONY MEERA NAGAR DHIKLI ROAD NEAR OLD RTO PRATAP NAGAR', 'MDS-SS-1382', 0, 3, 1, '', '', '', '0000-00-00', 0),
(103, 'SHUDHA JAIN', 'MR. VIKRAM JAIN', 'MRS, SARITA JAIN', '2009-07-25', '3/- CHANDRA COLONY GALI NO. 1 OLD RTO DHEEKLI ROAD ', 'MDS-SS-4050', 0, 3, 1, '', '', '', '0000-00-00', 0),
(104, 'SWARA AMETA', 'MR. DINESH CHANDRA AMETA', 'MRS. KUMUD AMETA', '2009-06-14', '20, MEERA NAGAR OLD RTO ROAD PRATAP NAGAR', 'MDS-SS-1608', 0, 3, 1, '', '', '', '0000-00-00', 0),
(105, 'TANISHKA MITTAL', 'MR. LEKHRAJ MITTAL', 'MRS. MEENA MITTAL', '2009-01-15', '21, A ,N. BHAIRVAI NAGAR BEDWAS', 'MDS-SS-1372', 0, 3, 1, '', '', '', '0000-00-00', 0),
(106, 'TANISHQ MEHTA', 'MR. PRINCE MEHTA', 'MRS. POOJA MEHTA', '2008-11-26', 'CHANDRA COLONY OLD RTO OFFICE', 'MDS-SS-3502', 0, 3, 1, '', '', '', '0000-00-00', 0),
(107, 'VIDIT DEV SINGH CHUNDAWAT', 'MR. BHANWAR SIGH CHUNDAWAT', 'MRS. INDIRA KUNWAR', '2010-05-15', '280, UIT COLONY PRATAP NAGAR', 'MDS-SS-1747', 0, 3, 1, '', '', '', '0000-00-00', 0),
(108, 'YASHASVI SHAKTAWAT', 'MR. VIKRAM SINGH  ', 'MRS. ASHA KANWAR', '2009-07-05', '46-B JANKPURI TRANSPORT NAGAR', 'MDS-SS-2731', 0, 3, 1, '', '', '', '0000-00-00', 0),
(109, 'YOGESH VAISHNAV', 'MR. POORAN DAS', 'MRS. BHAGWANT', '2009-11-18', 'RAHAT WALI GHAT G.P. DHIKLI THE. BADGAON', 'MDS-SS-2768', 0, 3, 1, '', '', '', '0000-00-00', 0),
(110, 'AAYUSH SUTHAR', 'MR. HEMANT SUTHAR', 'MRS PRATIBHA SUTHAR', '2008-09-19', 'NEAR JAIN  TEMPLE MAIN ROAD BHUWANA', 'MDS-SS-3440', 0, 4, 1, '', '', '', '0000-00-00', 0),
(111, 'ADITYA SHARMA', 'MR. DINESH SHARMA', 'MRS. REKHA SHARMA', '2008-01-19', '88, NAKODA NAGAR III GHOLI MANGRI BEDWAS', 'MDS-SS-4073', 0, 4, 1, '', '', '', '0000-00-00', 0),
(112, 'AKSHANSH PUROHIT', 'MR. JAGDISH PUROHIT', 'MRS. ANJU PUROHIT', '2008-08-20', '69, SHOBHAGYA NAGAR  RAKAMPURA ROAD', 'MDS-SS-1267', 0, 4, 1, '', '', '', '0000-00-00', 0),
(113, 'ANIRUDRA PRATAP SINGH DEORA', 'MR. MOHAN SINGH DEORA', 'MRS.VIJAYLAXMI DEORA', '2007-11-21', '93 MEERA NAGAR I OLD RTO', 'MDS-SS-1574', 0, 4, 1, '', '', '', '0000-00-00', 0),
(114, 'BHAVIKA BANSAL', 'MR. HARI PRAKASH BANSAL', 'MRS. KAMLA BANSAL', '2007-10-19', 'G-2, DESIGNER HIGHT COMPLEX PRATAP NAGAR ', 'MDS-SS-3454', 0, 4, 1, '', '', '', '0000-00-00', 0),
(115, 'DEEPSHIKA DEWRA', 'MR. JAIPAL SINGH DEVDA', 'MRS. MAYA KUNWAR', '2008-03-14', 'SHIV COLONY OLD RTO OFFICE PRATAP NAGAR', 'MDS-SS-1243', 0, 4, 1, '', '', '', '0000-00-00', 0),
(116, 'DEVENDRA NAGDA', 'MR. HEMANT NAGDA', 'MRS. SONA NAGDA', '2007-07-07', 'TALIO KA KUA V.P.O. DHIKLI THE. BUDGAV ', 'MDS-SS-2779', 0, 4, 1, '', '', '', '0000-00-00', 0),
(117, 'DEVWRATH SINGH CHOUHAN', 'MR. KALYAN SINGH CHOUHAN', 'MRS. MITHU KUNWAR', '2008-01-14', 'OLD RTO ROAD PRATAP NAGAR 6-NEW MEERA NAGAR DHIKLI', 'MDS-SS-2214', 0, 4, 1, '', '', '', '0000-00-00', 0),
(118, 'DIVYARAJ SINGH SARANGDEVOT', 'MR. PREM SINGH SARANGDEVOT', 'MRS. PRAKASH KUNWAR', '2008-09-16', '18, PARIVAHAN COMPLEX SHIVA NAGAR UDR.', 'MDS-SS-4053', 0, 4, 1, '', '', '', '0000-00-00', 0),
(119, 'DRASHTI JHALA', 'MR. UPENDRA SINGH JHALA', 'MRS. HIMMAT KUNWAR', '2009-01-31', 'DEBARI NEAR TRANSPORT', 'MDS-SS-3457', 0, 4, 1, '', '', '', '0000-00-00', 0),
(120, 'GARVIT MEGHWAL', 'MR. GIRISH MEGHWAL', 'MRS. RADHA KUMARI MEGHWAL', '2008-10-11', '448/36, JYOTI COLONY -NO.2  SUNDERWAS ', 'MDS-SS-2702', 0, 4, 1, '', '', '', '0000-00-00', 0),
(121, 'HARSHVARDHAN SINGH CHUNDAWAT', 'MR. JITENDRA SINGH CHUNDAWAT', 'MRS. KAMLESH KUNWAR', '2006-11-11', '46, B BLOCK JANAKPURI TRANSPORT NAGAR', 'MDS-SS-2749', 0, 4, 1, '', '', '', '0000-00-00', 0),
(122, 'HEMANK NAVAL', 'MR. VIRENDRA NAVAL', 'MRS. NEETA NAVAL', '2009-02-08', '113, CHANDRA COLONY BEHIND SURYA GAS GODAM PRATAP NAGAR ', 'MDS-SS-1306', 0, 4, 1, '', '', '', '0000-00-00', 0),
(123, 'HEMENDRA SINGH DEVRA', 'MR. MAKHAN SINGH DEVRA', 'MRS. BHANWAR KUNWAR DEVRA', '2007-02-18', 'SINGAWATO KA WADA DEBARI TEH. GIRWA', 'MDS-SS-2516', 0, 4, 1, '', '', '', '0000-00-00', 0),
(124, 'JHANVI VAIRAGI', 'MR. OM PRAKASH VAIRAGI', 'MRS. VIDHYA VAIRAGI', '2009-01-04', 'TIRUPATI NAGAR DHIKLI ROAD RANA PRATAP NAGAR', 'MDS-SS-3019', 0, 4, 1, '', '', '', '0000-00-00', 0),
(125, 'KAPIL VAISHNAV', 'MR. SHANTI DAS', 'MRS. DURGA VAISHNAV', '2009-02-06', 'REBARIYO KA GUDA DHIKLI ROAD PRATAP NAGAR', 'MDS-SS-2509', 0, 4, 1, '', '', '', '0000-00-00', 0),
(126, 'LOKENDRA SINGH GEHLOT ', 'MR. LAL SINGH GEHLOT', 'MRS. MEERA KUNWAR', '2008-11-22', 'P. NO. 17, NEAR MDS SCHOOL OLD RTO DHIKLI ROAD PRATAP NAGAR', 'MDS-SS-1939', 0, 4, 1, '', '', '', '0000-00-00', 0),
(127, 'MAITREYA NAGDA', 'MR. AMBA LAL NAGDA', 'MRS. KHUSHWANTI NAGDA', '2008-12-19', '60, OLD RTO FRONT MEERA NAGAR ', 'MDS-SS-1670', 0, 4, 1, '', '', '', '0000-00-00', 0),
(128, 'MANISH REBARI', 'MR. FATEH LAL REBARI', 'MRS. NARBADA REBARI', '2006-09-21', 'REBARIYON KA GUDA', 'MDS-SS-2074', 0, 4, 1, '', '', '', '0000-00-00', 0),
(129, 'NANDNI JHALA', 'MR. HARI SINGH JHALA', 'MRS. SAROJ JHALA', '2007-11-11', 'NAKODA NAGAR II DHAU JI KI BADI', 'MDS-SS-2348', 0, 4, 1, '', '', '', '0000-00-00', 0),
(130, 'NIKITA KOTHARI', 'MR. SUSHIL KOTHARI', 'MRS. MEENA KOTHARI', '2008-06-16', '302,SHRI NAKODA APPARTMENT RAKAM PURA ROAD NAKODA NAGAR', 'MDS-SS-3753', 0, 4, 1, '', '', '', '0000-00-00', 0),
(131, 'PRAGYAN RAJ SINGH RATHORE', 'MR. SATYENDRA PAL SINGH ', 'MRS. MEENA KUNWAR', '2006-08-27', '202, SUBHASH NAGAR ', 'MDS-SS-3028', 0, 4, 1, '', '', '', '0000-00-00', 0),
(132, 'PRIYANSHU SHARMA', 'MR. PRAKASH SHARMA', 'MRS. MANJU LATA SHARMA', '2008-01-01', 'BEDWAS RAIL WAY LINE', 'MDS-SS-0938', 0, 4, 1, '', '', '', '0000-00-00', 0),
(133, 'RAHUL PATEL', 'MR. PURA LAL PATEL', 'MRS. DEVI BAI', '2007-07-24', '7, NEAR MDS SCHOOL OLD RTO', 'MDS-SS-1098', 0, 4, 1, '', '', '', '0000-00-00', 0),
(134, 'RAJ JOSHI', 'MR. LALURAM JOSHI', 'MRS. SUNITA JOSHI', '2007-06-23', 'DHIKLI , SHASTRI CIRCLE', 'MDS-SS-1093', 0, 4, 1, '', '', '', '0000-00-00', 0),
(135, 'RISHI RAJ PATEL', 'MR. MAWA RAM PATEL', 'MRS. CHANDA DEVI', '2008-08-09', '78, LAXMI NAGAR II DHIKLI ROAD PRATAP NAGAR', 'MDS-SS-1292', 0, 4, 1, '', '', '', '0000-00-00', 0),
(136, 'RITIK POONIA', 'MR. SOMVEER SINGH POONIA', 'MRS. SURESHTA POONIA', '2008-11-19', '98, NAKODA NAGAR II DHAU JI KI BAWARI RAKAMPURA ROAD', 'MDS-SS-3494', 0, 4, 1, '', '', '', '0000-00-00', 0),
(137, 'RUDRA PRATAP SINGH DEVRA', 'MR. TAKHAT SINGH', 'MRS. RADHA KUNWAR', '2007-09-14', 'DABARI (NORA)', 'MDS-SS-1648', 0, 4, 1, '', '', '', '0000-00-00', 0),
(138, 'SIDDHARTH JAIN', 'MR. RAKESH JAIN ', 'MRS. MONIKA JAIN', '2008-07-22', 'ZINC SMELTAR DEBARI KE PASS DEVARO KA SAKRODA', 'MDS-SS-1635', 0, 4, 1, '', '', '', '0000-00-00', 0),
(139, 'TAMANNA MALI', 'MR. SUNDER LAL MALI', 'MRS. LAXMI DEVI', '2008-09-10', '28, TULSI NAGAR PRATAP NAGAR', 'MDS-SS-2042', 0, 4, 1, '', '', '', '0000-00-00', 0),
(140, 'TANMAY SINGH', 'MR. RAJEEV RANJAN PRASAD SINGH', 'MRS. SUJATA KUMARI', '2009-03-20', 'C/O, NIRMALA JAYSWAL, 55 N.B. COMPLEX NEAR PRATAP NAGAR CHOURAHA', 'MDS-SS-4051', 0, 4, 1, '', '', '', '0000-00-00', 0),
(141, 'YASHWANT SUTHAR', 'MR. PURAN MAL SUTHAR', 'MRS. HEMLATA SUTHAR', '2008-10-05', 'PURAN MAL SUTHAR SUTHAR KA MOHALA DHIKHLI', 'MDS-SS-2606', 0, 4, 1, '', '', '', '0000-00-00', 0),
(142, 'YUG DAGLIYA', 'MR. HITESH DAGLIYA', 'MRS. SHEELA DAGLIYA', '2008-05-22', 'FLAT NO. 205, DESINER HEIGHT COMPLEX DHIKLI ROAD OLD RTO PRATAP NAGAR', 'MDS-SS-2656', 0, 4, 1, '', '', '', '0000-00-00', 0),
(143, 'YUVRAJ LABANA', 'MR. BALVEER LABANA', 'MRS. SHARDA DEVI', '2007-12-22', 'NEAR PAMKAJ UPBHOKTA BHANDAR SEC. 3 HIRAN MAGRI ', 'MDS-SS-3514', 0, 4, 1, '', '', '', '0000-00-00', 0),
(144, 'ADITI SINGH CHUNDAWAT', 'MR. NARENDRA SINGH CHUNDAWAT', 'MRS. JYOTI', '2007-04-19', '8, MEERA NAGAR III OLD RTO OFFICE DHIKLI ROAD PRATAP NAGAR', 'MDS-SS-2304', 0, 5, 1, '', '', '', '0000-00-00', 0),
(145, 'ADITYA CHOUDHARY', 'MR. RAJESH CHOUDHARY', 'MRS. SEEMA CHOUDHARY', '2007-03-25', 'VILLAGE & POST DHIKLI NEAR PRATAP NAGAR TEH. BADGAON', 'MDS-SS-0945', 0, 5, 1, '', '', '', '0000-00-00', 0),
(146, 'ADITYA KOUNDAL', 'MR. ABDESH KOUNDAL', 'MRS. ANU BALA', '2006-08-01', '125, AMBAFLA GUPTESHWAR ROAD TEETARDI NEAR GEETANJALI HOSPITAL', 'MDS-SS-1681', 0, 5, 1, '', '', '', '0000-00-00', 0),
(147, 'APARNA VAISHNAV', 'MR. RAMESH VAISHNAV', 'MRS. LAXMI VAISHNAV', '0000-00-00', '68, SHREE RAM COLONY ', 'MDS-SS-0777', 0, 5, 1, '', '', '', '0000-00-00', 0),
(148, 'BHARAT PATEL', 'MR. DAVI LAL PATEL', 'MRS. SARITA PATEL', '2006-01-28', '78, SHIV COLONY NEAR OLD RTO OFFICE PRATAP NAGAR ', 'MDS-SS-0970', 0, 5, 1, '', '', '', '0000-00-00', 0),
(149, 'CHHAVI MITTAL ', 'MR. LEKHRAJ MITTAL', 'MRS. MEENA MITTAL', '2006-12-07', '21, AN. BHAIRVAI NAGAR BEDWAS', 'MDS-SS-1371', 0, 5, 1, '', '', '', '0000-00-00', 0),
(150, 'DHRUVIKA DAYMA', 'MR. NAVEEN KUMAR DAYMA', 'MRS. KAMLA DEVI', '2007-07-28', '25, LAXMI NAGAR DHEEKLI ROAD ', 'MDS-SS-2154', 0, 5, 1, '', '', '', '0000-00-00', 0),
(151, 'DIVYA CHUNDAWAT', 'MR. BHANWAR SIGH CHUNDAWAT', 'MRS. INDIRA KUNWAR', '2008-10-10', '280, UIT COLONY PRATAP NAGAR', 'MDS-SS-1746', 0, 5, 1, '', '', '', '0000-00-00', 0),
(152, 'DIYA MENARIA', 'MR. MULSHANKER', 'MRS. SUSHEELA MENARIA', '2007-11-20', '643, NEAR ANKIT PUBLIC SCHOOL CHANDRA NAGAR OLD RTO OFFICE', 'MDS-SS-4071', 0, 5, 1, '', '', '', '0000-00-00', 0),
(153, 'GARVIT JOSHI', 'MR. KAMALESH JOSHI', 'MRS. PREMLATA JOSHI', '2007-08-27', '52, BLOCK -C VAISHALI NAGAR NEAR PACIFIC UNIVERCITY AIRPORT ROAD DEBARI', 'MDS-SS-2564', 0, 5, 1, '', '', '', '0000-00-00', 0),
(154, 'GIRISH VERMA', 'MR. SURENDRA KUMAR VERMA', 'MRS. ANJANA VERMA', '2007-04-13', 'H. NO. 13, N. BHARWAY NAGAR BEDWAS', 'MDS-SS-1942', 0, 5, 1, '', '', '', '0000-00-00', 0),
(155, 'HARSHVARDHAN SINGH RANAWAT', 'MR. SURAJ PAL SINGH', 'MRS. PRAKASH KUNWAR', '2006-09-17', '12,VASANT VIHAR OLD RTO ,PRATAP NAGAR ,UDAIPUR ', 'MDS-SS-2484', 0, 5, 1, '', '', '', '0000-00-00', 0),
(156, 'KASISH UPADHYAY', 'MR. PRAKASH UPADHYAY', 'MRS. ANJALI UPADHYAY', '2007-09-06', '10, TULSI NAGAR BEDWAS', 'MDS-SS-3468', 0, 5, 1, '', '', '', '0000-00-00', 0),
(157, 'KESHAV KUMAR BASOTIA', 'MR. RAJESH KUMAR BASOTIA', 'MRS. POONAM SHARMA', '2007-04-21', 'JHARNO KI SARAI DEBARI', 'MDS-SS-0975', 0, 5, 1, '', '', '', '0000-00-00', 0),
(158, 'KOMAL RAO', 'MR. BHANWAR SINGH RAO', 'MRS. MAMTA RAO', '2006-06-26', '21-E BLOCK PRATAP NAGAR ', 'MDS-SS-1275', 0, 5, 1, '', '', '', '0000-00-00', 0),
(159, 'KRISH DAYMA', 'MR. NANDKISHORE DAYMA', 'MRS. SUSHILA DEVI', '2008-07-03', 'MAHAVEER COLONY MERTA ROAD DABOK TEH. MAVLI ', 'MDS-SS-4119', 0, 5, 1, '', '', '', '0000-00-00', 0),
(160, 'LAKSHITA SHAKTAWAT', 'MR. MAHENDRA SINGH SHAKTAWAT', 'MRS. PARAS KUNWAR', '2007-09-01', '3A MEERA NAGAR DHIKLI ROAD PRATAP NAGAR', 'MDS-SS-3472', 0, 5, 1, '', '', '', '0000-00-00', 0),
(161, 'LAKSHYA RAJ SINGH RATHORE', 'MR. PARVAT SINGH RATHORE', 'MRS. ASHA RATHORE', '2007-08-20', '92, MEERA NAGAR OLD RTO PRATAP NAGAR', 'MDS-SS-0953', 0, 5, 1, '', '', '', '0000-00-00', 0),
(162, 'LOKENDRA SINGH ', 'MR. HARI SINGH CHUNDAWAT', 'MRS. BHAWAR KUNWAR', '2007-11-06', '33, MEERA NAGAR ', 'MDS - SS - 2525', 0, 5, 1, '', '', '', '0000-00-00', 0),
(163, 'LOVELY VAISHNAV', 'MR. AMRIT DAS VAISHNAV', 'MRS. MEENA VAISHNAV', '2007-10-26', 'REHAT WALI GATI DHIKLI ', 'MDS-SS-2781', 0, 5, 1, '', '', '', '0000-00-00', 0),
(164, 'MANVENDRA SINGH CHUNDAWAT', 'MR. GANPAT SINGH CHUNDAWAT', 'MRS. SUGANA KUNWAR', '2007-10-09', '259, UIT COLONY PRATAP NAGAR', 'MDS-SS-1256', 0, 5, 1, '', '', '', '0000-00-00', 0),
(165, 'PARIDHI SHARMA', 'MR. HEMANT SHARMA', 'MRS. RINKU SHARMA', '2007-10-09', '2 CHANDRA COLONY ROAD NO. 1 OLD RTO MARG PRATAP NAGAR', 'MDS-SS-0972', 0, 5, 1, '', '', '', '0000-00-00', 0),
(166, 'PRIYA KUNWAR RAO', 'MR. BHAWAR SINGH RAO', 'MRS. MAMTA KUNWAR RAO', '2006-11-25', 'NEAR MDS SCHOOL DHIKLI ROAD', 'MDS-SS-3047', 0, 5, 1, '', '', '', '0000-00-00', 0),
(167, 'PUSHPENDRA SINH BHATI', 'MR. LAXMI SINGH BHATI', 'MRS. KAILASH KUNWAR', '2007-07-03', 'MEERA NAGAR DHEEKLI ROAD', 'MDS-SS-1258', 0, 5, 1, '', '', '', '0000-00-00', 0),
(168, 'RAHUL DANGI', 'MR. HEERA LAL DANGI', 'MRS. DURGA DEVI DANGI', '2007-11-22', 'GUDLI DUNGARPURA THE. MAVLI UDAIPUR', 'MDS-SS-1662', 0, 5, 1, '', '', '', '0000-00-00', 0),
(169, 'RINKU POONIA', 'MR. SOMVEER SINGH POONIA', 'MRS. SURESHTA POONIA', '2007-05-17', '98, NAKODA NAGAR II DHAU JI KI BAWARI RAKAMPURA ROAD', 'MDS-SS-3491', 0, 5, 1, '', '', '', '0000-00-00', 0),
(170, 'RUDRAKSH SINGH RAO', 'MR. PUSHPENDRA SINGH RAO', 'MRS.JYOTSANA RAO', '2007-01-15', '103, NAKOD NAGAR DHAU JI KI BAVRI ', 'MDS-SS-2739', 0, 5, 1, '', '', '', '0000-00-00', 0),
(171, 'SURAJ DANGI', 'MR. GEHARI LAL DANGI', 'MRS. PRIYA DEVI DANGI', '2006-07-31', '15, NAKODA NAGAR PURAM ', 'MDS-SS-4113', 0, 5, 1, '', '', '', '0000-00-00', 0),
(172, 'TANUSH PRAMOD SUNNE', 'MR. PRAMOD RAMESH SUNNE', 'MRS. PRIYA PRAMOD SUNNE', '2007-12-07', 'H. NO. B5 GAYATRI NAGAR SOUTH SUNDERWAS NEAR SBI BANK', 'MDS-SS-3743', 0, 5, 1, '', '', '', '0000-00-00', 0),
(173, 'VARUN SINGH RANAWAT', 'MR. NARESH SINGH RANAWAT', 'MRS. SUMAN KUNWAR ', '2007-09-14', 'H. NO.29, TULSI NAGAR OLD RTO ROAD PRATAP NAGAR DISTT. UDR.', 'MDS-SS-2766', 0, 5, 1, '', '', '', '0000-00-00', 0),
(174, 'VISHISTHA MEGHWAL', 'MR. RAMESH MEGHWAL', 'MRS. KIRAN MEGHWAL', '2007-10-01', '43, REBARIYO KA GUDA PRATAP NAGAR DHIKLI ROAD', 'MDS-SS-2987', 0, 5, 1, '', '', '', '0000-00-00', 0),
(175, 'AAYUSHI ACHARYA', 'MR. LOKESH KUMAR ACHARYA', 'MRS. REKHA SHARMA', '2007-01-19', '42, KAPIL VIHAR BEDWAS', 'MDS-SS-2419', 0, 6, 1, '', '', '', '0000-00-00', 0),
(176, 'AKSHIT JHAGRAWAT', 'MR. RAJESH JHAGRAWAT', 'MRS. MEENAKSHI JHAGRAWAT', '2006-05-06', '36, SHASTRI NAGAR KHEMPURA ', 'MDS-SS-1948', 0, 6, 1, '', '', '', '0000-00-00', 0),
(177, 'ANIRUDH BHATI', 'MR. RAJENDRA SINGH BHATI', 'MRS. NIRMLA KUNWAR BHATI', '2005-06-23', '11, NEW MEERA NAGAR DHIKLI ROAD OLD RTO PRATAP NAGAR ', 'MDS-SS-1294', 0, 6, 1, '', '', '', '0000-00-00', 0),
(178, 'ARVIND SINGH JHALA', 'MR. BRIJBHAN SINGH JHALA', 'MRS. SUMITRA JHALA', '2006-08-16', '64, PH ZINC COMPLEX JHARANO KI SARAY', 'MDS-SS-1189', 0, 6, 1, '', '', '', '0000-00-00', 0),
(179, 'ARYAVRAT SINGH RATHORE', 'MR. SATYENDRA PAL SINGH ', 'MRS. MEENA KUNWAR', '2005-09-06', '202, SUBHASH NAGAR ', 'MDS-SS-3027', 0, 6, 1, '', '', '', '0000-00-00', 0),
(180, 'ASTHA JHAGRAWAT', 'MR. DUNGRESH JHAGRAWAT', 'MRS. VANITA JHAGRAWAT', '2007-03-02', '36, SHASTRI NAGAR KHEMPURA ', 'MDS-SS-1949', 0, 6, 1, '', '', '', '0000-00-00', 0),
(181, 'BHAWANA PATEL', 'MR. GOUTAM LAL PATEL', 'MRS. KANKU DEVI', '2004-07-01', '22, BASANT VIHAR NEAR MDS SCHOOL PRATAP NAGAR', 'MDS-SS-2070', 0, 6, 1, '', '', '', '0000-00-00', 0),
(182, 'DAKSH KALAL', 'MR. DEVI LAL KALAL', 'MRS. JASHODA DEVI', '2005-08-23', 'PRATAP NAGAR NEAR AAPNI DHANI GUGLASHVER COLONY', 'MDS-SS-4108', 0, 6, 1, '', '', '', '0000-00-00', 0),
(183, 'DEEPIKA RATHORE', 'MR. BHARAT SINGH RATHORE', 'MRS. BHAWAR  KUNWAR RATHORE', '2004-12-19', '29, RAJ COMPLEX MEERA NAGAR PRATAP NAGAR', 'MDS-SS-2061', 0, 6, 1, '', '', '', '0000-00-00', 0),
(184, 'DIVYA RATHORE', 'MR. JAY SINGH', 'MRS. JEEVAN KUNWAR', '2006-10-01', '24/25, CHANDRA COLONY OLD RTO ROAD', 'MDS-SS-1841', 0, 6, 1, '', '', '', '0000-00-00', 0),
(185, 'DIVYA VAISHNAV', 'MR. OM PRAKASH VAISHNAV', 'MRS. ANITA VAISHNAV', '2005-11-12', 'OLD RTO PRATAP NAGAR DHIKLI ROAD', 'MDS-SS-2058', 0, 6, 1, '', '', '', '0000-00-00', 0),
(186, 'GAGAN MEGHWAL', 'MR. NARENDRA MEGHWAL', 'MRS.REENA MEGHWAL', '2006-11-27', '5, ARVIND NAGAR MAIN ROAD SUNDERWAS', 'MDS-SS-1886', 0, 6, 1, '', '', '', '0000-00-00', 0),
(187, 'GOKUL PARMAR', 'MR. AMRIT LAL PARMAR', 'MRS. SURAJ PARMAR', '2002-04-24', 'GOVT. MODEL RESIDENTIAL PUBLIC SCHOOL TRIBAL DHEEKLI UDAIPUR', 'MDS-SS-1254', 0, 6, 1, '', '', '', '0000-00-00', 0),
(188, 'HIMANSHU SAHU', 'MR. RAM NARAYAN SAHU', 'MRS. YASHODA SAHU', '2006-05-05', '69, NAKODA NAGAR -3, DHAU JI KI BAWARI', 'MDS-SS-0817', 0, 6, 1, '', '', '', '0000-00-00', 0),
(189, 'JIGYASA VEERWAL', 'MR. SANTOSH VEERWAL', 'MRS. LALITA VEERWAL', '2006-04-21', 'KRISHNA VIHAR OLD RTO OFFICE PRATAP NAGAR', 'MDS-SS-3659', 0, 6, 1, '', '', '', '0000-00-00', 0),
(190, 'KANISHKA CHOUDHARY', 'MR. LOKESH CHOUDHARY', 'MRS. REKHA CHOUDHARY', '2006-04-08', 'V&P DHINKLI NEAR PRATAP NAGAR THE. BADGAON', 'MDS-SS-0544', 0, 6, 1, '', '', '', '0000-00-00', 0),
(191, 'KARAN CHOUDHARY', 'MR. NARENDRA CHOUDHARY', 'MRS. RUKMANI CHOUDHARY', '2005-08-30', 'CHOUDHARYON KA MOHALLA VILLAGE DHIKLI', 'MDS-SS-0584', 0, 6, 1, '', '', '', '0000-00-00', 0),
(192, 'KARAN SINGH RAO', 'MR. PARTAP SINGH RAO', 'MRS. PUSHPA KUWAR', '2006-09-17', 'SHIV COLONY OLD RTO PRATAP NAGAR', 'MDS-SS-1628', 0, 6, 1, '', '', '', '0000-00-00', 0),
(193, 'KRISH SHARMA', 'MR. NARESH KUMAR SHARMA', 'MRS. MAMTA VYAS', '2006-05-28', '77-78 CHANDRA COLONY DHIKHLI ROAD PRATAP NAGAR', 'MDS-SS-3732', 0, 6, 1, '', '', '', '0000-00-00', 0),
(194, 'KUNAL DEV REDIYA', 'MR. CHOTHMAL REGAR', 'MRS. GANGESHWARI REGAR', '2006-07-23', 'REDIYA NEWAS 30, NAKODA NAGAR -I BEDWAS NEAR DHAWAJI KI BAWADI PRATAP NAGAR ', 'MDS-SS-2617', 0, 6, 1, '', '', '', '0000-00-00', 0),
(195, 'KUNDAN NATH CHOUHAN', 'MR. VAKTAWAR NATH CHOUHAN', 'MRS SUNDER KUWAR', '2005-12-05', 'DHIKLI ROAD MEERA NAGAR PRATAP NAGAR', 'MDS-SS-2306', 0, 6, 1, '', '', '', '0000-00-00', 0),
(196, 'LAKSHRAJ SINGH CHUNDAWAT', 'MR. YASHWANT SINGH', 'MRS. PAWAN KUNWAR', '2005-06-30', '29, MEERA NAGAR DHIKLI ROAD PRATAP NAGAR', 'MDS-SS-0664', 0, 6, 1, '', '', '', '0000-00-00', 0),
(197, 'LAKSHYARAJ TANWAR', 'MR. BHERU LAL JI', 'MRS. MONIKA TANWAR', '2006-09-11', 'AT PO SANGAWA TA. MAVLI ', 'MDS-SS-4110', 0, 6, 1, '', '', '', '0000-00-00', 0),
(198, 'LALITA KUNWAR DEVRA', 'MR. MAKHAN SINGH DEVRA', 'MRS. BHAWAR KUNWAR DEVRA', '2005-10-18', 'SINGAWATO KA WADA DEBARI TEH. GIRWA', 'MDS-SS-2519', 0, 6, 1, '', '', '', '0000-00-00', 0),
(199, 'LOKESH PATIDAR ', 'MR. SMIL PATIDAR', 'MRS. DURGA PATIDAR', '2006-03-03', '15, UIT COLONY PRATAP NAGAR', 'MDS-SS-3663', 0, 6, 1, '', '', '', '0000-00-00', 0),
(200, 'MANTHAN PARIHAR', 'MR. VINOD PARIHAR', 'MRS. LEELA PARIHAR', '2006-09-21', 'NEAR OLD RTO SHIV COLONY PRATAP NAGAR', 'MDS-SS-3665', 0, 6, 1, '', '', '', '0000-00-00', 0),
(201, 'MONISH TAILOR', 'MR. CHANDRESH TAILOR', 'MRS. ROLI TAILOR', '2006-04-10', '4-A GANPATI NAGAR BOHARA GANESH JI ROAD UDR.', 'MDS-SS-2230', 0, 6, 1, '', '', '', '0000-00-00', 0),
(202, 'NANDINI DETHA', 'MR. LALIT SINGH DETHA', 'MRS. RAJAL ', '2006-06-10', '291, B BLOCK PRATAP NAGAR', 'MDS-SS-2486', 0, 6, 1, '', '', '', '0000-00-00', 0),
(203, 'NARPAT SINGH PADIYAR', 'MR. SAJJAN SINGH PADIYAR', 'MRS. SITA KUNWAR', '2004-11-30', 'CHANDRA COLONY DARSHAN COMPLEX GALLI NO. 2 DHIKLI ROAD', 'MDS-SS-1950', 0, 6, 1, '', '', '', '0000-00-00', 0),
(204, 'NAVEEN KRISHNA GORAWAD', 'MR. KANARAM  MEGHWAL', 'MRS. SONU DEVI', '2003-10-28', 'NEAR ANGAWADI KANDRE REBARIYON KA GUDA', 'MDS-SS-3484', 0, 6, 1, '', '', '', '0000-00-00', 0),
(205, 'NEETI DADHEECH', 'MR. BHAGWATI P. DADHEECH', 'MRS. BINDU DADHEECH', '2006-09-27', 'BHAGAWATI MEDICAL STORE, DHINKLI,UDAIPUR', 'MDS-SS-0518', 0, 6, 1, '', '', '', '0000-00-00', 0),
(206, 'NEHA DEVRA', 'MR. KALYAN SINGH DEVRA', 'MRS. LAXMI KUNWAR DEVRA', '2005-04-27', 'CHANDRA COLONY DHIKLI ROAD PRATAP NAGAR', 'MDS-SS-0633', 0, 6, 1, '', '', '', '0000-00-00', 0),
(207, 'NITIN VAISHNAV', 'MR. BHARAT DAS VAISHNAV', 'MRS. LALITA DEVI VAISHNAV', '2005-12-20', 'OLD RTO ROAD SHIV COLONY REBARIYON KA GUDA', 'MDS-SS-2487', 0, 6, 1, '', '', '', '0000-00-00', 0),
(208, 'PARINEETA RANAWAT', 'MR. SAMAR VEER SINGH', 'MRS. SUMITRA JHALA', '2007-07-02', 'KRISHNA VIHAR COLONY, DHEEKLI ROAD, PRATAP NAGAR, UDAIPUR', 'MDS-SS-3504', 0, 6, 1, '', '', '', '0000-00-00', 0),
(209, 'PAVAN DANGI', 'MR. PRAKASH DANGI', 'MRS. DURGA DANGI', '2005-09-24', 'GUDLI TH. MAVLI ', 'MDS-SS-3495', 0, 6, 1, '', '', '', '0000-00-00', 0),
(210, 'PRANAV JOSHI', 'MR. DILPI KUMAR JOSHI', 'MRS. MAMTA JOSHI', '2006-01-21', '69, TIRUPATI NAGAR OLD RTO DHIKLI ROAD PRATAP NAGAR ', 'MDS-SS-3053', 0, 6, 1, '', '', '', '0000-00-00', 0),
(211, 'PRATIBHA SHAKTAWAT', 'MR. GAJRAJ SINGH SHAKTAWAT', 'MRS. JASWANT KUNWAR', '2006-08-27', '144, SHREE N.B. NAGAR PRATAP NAGAR', 'MDS-SS-0503', 0, 6, 1, '', '', '', '0000-00-00', 0),
(212, 'PRAVESH CHAUHAN', 'MR. VIJAY', 'MRS. MANJU', '2007-01-11', 'NEAR OLD RTO SHIV COLONY PRATAP NAGAR', 'MDS-SS-3673', 0, 6, 1, '', '', '', '0000-00-00', 0),
(213, 'PRIYESH PALIWAL', 'MR. GAJENDRA PALIWAL', 'MRS. BHAWANA PALIWAL', '2005-05-19', '81, NORTH SUNDERWAS VIDHYA VIHAR COLONY', 'MDS-SS-0551', 0, 6, 1, '', '', '', '0000-00-00', 0),
(214, 'RADHESHYAM GURJAR', 'MR. KISHAN LAL GURJAR', 'MRS. BINA GURJAR', '0000-00-00', '141 NB NAGAR BEDWAS AIRPORT ROAD ', 'MDS-SS-1068', 0, 6, 1, '', '', '', '0000-00-00', 0),
(215, 'RAHUL VAISHNAV', 'MR. JEEVAN DAS VAISHNAV', 'MRS. PINKI DEVI VAISHNAV', '2006-06-20', 'RAHAT WALI GATI DHIKLI ', 'MDS-SS-3705', 0, 6, 1, '', '', '', '0000-00-00', 0),
(216, 'SAVITA DANGI', 'MR. HEERA LAL DANGI', 'MRS. DURGA DEVI DANGI', '2006-02-12', 'GUDLI DUNGARPURA THE. MAVLI UDAIPUR', 'MDS-SS-1663', 0, 6, 1, '', '', '', '0000-00-00', 0),
(217, 'SHUBHAM PARIHAR', 'MR. MUKESH PARIHAR', 'MRS. RANI PARIHAR', '2005-04-22', 'GLASS FACTORY CHOURAYA MAIN ROAD SUNDERWAS', 'MDS-SS-1562', 0, 6, 1, '', '', '', '0000-00-00', 0),
(218, 'SUHANI SINGH RANAWAT', 'MR. SURENDRA SINGH ', 'MRS. MADHU KUNWAR', '2006-09-20', 'MEERA NAGAR H. NO. 33 DHIKLI ROAD', 'MDS-SS-1297', 0, 6, 1, '', '', '', '0000-00-00', 0),
(219, 'SUMEET NAGDA', 'MR. RAMESH CHANDRA NAGDA', 'MRS. NIRMALA NAGDA', '2006-01-03', 'VILLAGE &POST BHESDA KHURD THE. GIRWA DISTT. UDR.', 'MDS-SS-4083', 0, 6, 1, '', '', '', '0000-00-00', 0),
(220, 'VIDHI SHAKTAWAT', 'MR. HIMMAT SINGH', 'MRS. VISHNU KUNWAR', '2005-10-21', '26-A MEERA NAGAR OLD RTO ROAD PRATAP NAGAR', 'MDS-SS-0557', 0, 6, 1, '', '', '', '0000-00-00', 0),
(221, 'VINAY SINGH RAO', 'MR. DHARMENDRA SINGH RAO', 'MRS. TRIGUNESHWARI RAO', '2007-03-24', '9, NAKODA NAGAR II UDR. NEAR NCA SCHOOL DHAU JI KI BAWDI', 'MDS-SS-2675', 0, 6, 1, '', '', '', '0000-00-00', 0),
(222, 'VRINDA PUROHIT', 'MR. SUNIL PUROHIT', 'MRS. SIMMY PUROHIT', '2005-12-14', '22, SHOBHYAG NAGAR NAKODA NAGAR ', 'MDS-SS-1432', 0, 6, 1, '', '', '', '0000-00-00', 0),
(223, 'ABHISHEK JAIN', 'MR. ARVIND KUMAR JAIN', 'MRS. SANGEETA JAIN', '2005-04-10', '15, G VARDHAMAN NAGAR NORTH SUNDERWAS', 'MDS-SS-4081', 0, 7, 1, '', '', '', '0000-00-00', 0),
(224, 'ARVIND SINGH CHOUHAN', 'MR. KALYAN SINGH CHOUHAN', 'MRS. MITHU KUNWAR', '2005-01-18', '6, NEW MEERA NAGAR PRATAP NAGAR ', 'MDS-SS-2213', 0, 7, 1, '', '', '', '0000-00-00', 0),
(225, 'ARVIND SINGH SHAKTAWAT', 'MR. RANJEET SINGH SHAKTAWAT', 'MRS. REKHA KUNWAR', '2006-01-05', 'B 48, BHARV VILLA MEERA NAGAR DHIKLI ROAD', 'MDS-SS-2033', 0, 7, 1, '', '', '', '0000-00-00', 0),
(226, 'BHAWANA PATEL', 'MR. TEJA PATEL', 'MRS. KAJU PATEL', '2005-06-05', 'MEERA NAGAR LAXMI NAGAR', 'MDS-SS-2958', 0, 7, 1, '', '', '', '0000-00-00', 0),
(227, 'BHUMIKA SUTHAR', 'MR. PURAN MAL SUTHAR', 'MRS. HEMLATA SUTHAR', '2006-02-24', 'PURAN MAL SUTHAR SUTHAR KA MOHALA', 'MDS-SS-2777', 0, 7, 1, '', '', '', '0000-00-00', 0),
(228, 'DAKSHITA SHARMA', 'MR. SURESH CHANDRA SUTHAR', 'MRS. INDU BALA SHARMA', '2006-01-06', 'NAKODA NAGAR II BEDWAS DHAU JI KI BAVRI ', 'MDS-SS-3452', 0, 7, 1, '', '', '', '0000-00-00', 0),
(229, 'DIGVIJAY SINGH CHOUHAN', 'MR. RAVINDER SINGH', 'MRS. OM KUWAR', '2005-04-08', '42, MEERA NAGAR OLD RTO ROAD ', 'MDS-SS-3788', 0, 7, 1, '', '', '', '0000-00-00', 0),
(230, 'GAJENDRA SINGH DEVRA', 'MR. DULHE SINGH DEVRA', 'MRS. TULSA KUNWAR DEVRA', '2004-03-17', 'PRITHVI SINGH JI KA KHERA POWER HOUSE DEBARI POST ZINC SMELTER', 'MDS-SS-0757', 0, 7, 1, '', '', '', '0000-00-00', 0),
(231, 'HARSH DAYMA', 'MR. NAND KISHORE DAYMA', 'MRS. SUSHILA DEVI', '2006-05-03', 'MAHAVEER COLONY MERTA ROAD DABOK TEH. MAVLI ', 'MDS-SS-4120', 0, 7, 1, '', '', '', '0000-00-00', 0),
(232, 'HIMANSHI SALVI', 'MR. TULSI RAM SALVI', 'MRS. SONIA SALVI', '2005-09-28', '104, REBARIYON KA GUDA TH. BADGAV', 'MDS-SS-1853', 0, 7, 1, '', '', '', '0000-00-00', 0),
(233, 'JAGPAL SINGH ', 'MR. DULHE SINGH RATHORE', 'MRS. HEMLATA RATHORE', '2005-07-21', 'NAKODA NAGAR', 'MDS-SS-1790', 0, 7, 1, '', '', '', '0000-00-00', 0),
(234, 'JAIRAJ SINGH RANAWAT', 'MR. SURENDRA SINGH ', 'MRS. MADHU KUNWAR', '2005-08-19', 'MEERA NAGAR H. NO. 33 DHIKLI ROAD', 'MDS-SS-1295', 0, 7, 1, '', '', '', '0000-00-00', 0),
(235, 'JIGAR JOSHI', 'MR. LALURAM JOSHI', 'MRS. SUNITA JOSHI', '2005-07-14', 'DHIKLI , SHASTRI CIRCLE', 'MDS-SS-1380', 0, 7, 1, '', '', '', '0000-00-00', 0),
(236, 'KHUSH MALI', 'MR. SHANTI LAL MALI', 'MRS. CHANDRAKALA MALI', '2004-08-15', 'H. NO. 144, KRISHNA VIHAR NEAR MDS SCHOOL', 'MDS-SS-3469', 0, 7, 1, '', '', '', '0000-00-00', 0),
(237, 'KRISHNA PRATAP SINGH RAO', 'MR. KARAN SINGH RAO', 'MRS. DEEPIKA RAO', '2005-03-05', '54, UIT COLONY PRATAP NAGAR OLD RTO ROAD ', 'MDS-SS-4062', 0, 7, 1, '', '', '', '0000-00-00', 0),
(238, 'KULDEEP SINGH SHAKTAWAT', 'MR. KALYAN SINGH SHAKTAWAT', 'MRS. KRISHNA SHAKTAWAT', '2004-07-29', '6, MEERA NAGAR OLD RTO ROAD PRATAP NAGAR', 'MDS-SS-1953', 0, 7, 1, '', '', '', '0000-00-00', 0),
(239, 'MADHU VAISHNAV', 'MR. AMRIT DAS VAISHNAV', 'MRS. MEENA VAISHNAV', '2005-09-02', 'RAHAT WALI GATI DHIKLI ', 'MDS-SS-2782', 0, 7, 1, '', '', '', '0000-00-00', 0),
(240, 'MITALI BOHARA', 'MR. LALIT SINGH BOHARA', 'LATE MAYA BOHARA', '2005-03-24', 'G-5, DESIGNER HEIGHT APARTMENT DHIKLI ROAD OLD RTO NEAR GAS GODAM', 'MDS-SS-4055', 0, 7, 1, '', '', '', '0000-00-00', 0),
(241, 'MOHIT PATEL', 'MR. PYARE LAL PATEL', 'MRS. DURGA PATEL ', '2006-04-01', 'PYARE LAL PATEL VILLAGE BICCHADI ZINC SMELTER DEBARI', 'MDS-SS-1671', 0, 7, 1, '', '', '', '0000-00-00', 0),
(242, 'PRINCE VAISHNAV ', 'MR. GANPAT DAS VAISHNAV ', 'MRS. ANITA', '2005-08-02', '20,  ANGUWARI KA PASS , REBADIYA KA GUDA, PETWAR DHIKHLI , UDAIPUR ', 'MDS - SS - 1324', 0, 7, 1, '', '', '', '0000-00-00', 0),
(243, 'RAJPAL SINGH RATHORE', 'MR. BHARU SINGH RATHORE', 'MRS. NATVER KUNWAR RATHORE', '2004-10-05', 'REBARIYON KA GUDA PRATAP NAGAR', 'MDS-SS-0445', 0, 7, 1, '', '', '', '0000-00-00', 0),
(244, 'RAM PRASAD REBARI', 'MR. RAJU LAL REBARI', 'MRS.MOHANI DEVI', '2006-03-16', 'REBARI YON KA GUDA NEAR SHIV MANDIR DHIKLI ROAD PRATAP NAGAR ', 'MDS-SS-1938', 0, 7, 1, '', '', '', '0000-00-00', 0),
(245, 'RANJANA GAYARI', 'MR. PRABHU LAL GAYARI', 'MRS. LALITA GAYARI', '2004-01-15', 'SHYAM NAGAR SOUTH SUNDERWAS ', 'MDS-SS-2995', 0, 7, 1, '', '', '', '0000-00-00', 0),
(246, 'SAMYAK JAIN', 'MR. ANKUSH JAIN', 'MRS. DEEPIKA JAIN', '2004-12-05', '31, N. BHAIRAWAY NAGAR AIR PORT ROAD PRATAP NAGAR ', 'MDS-SS-2822', 0, 7, 1, '', '', '', '0000-00-00', 0),
(247, 'SEJAL DEVRA', 'MR. KESAR SINGH DEVRA', 'MRS. VIJAY LAXMI', '2004-09-26', 'NEAR PETROL PUMP DEBARI', 'MDS-SS-0732', 0, 7, 1, '', '', '', '0000-00-00', 0),
(248, 'SIDDHARTH SINGH RATHORE', 'MR. RAVINDRA SINGH RATHORE', 'MRS. SHAKUNTALA KUNWAR', '2005-01-02', '106, NAKODA NAGAR III DAU JI KI BAWARI PRATAP NAGAR', 'MDS-SS-1069', 0, 7, 1, '', '', '', '0000-00-00', 0),
(249, 'SOMYA LOHAR', 'MR. KAILASH LOHAR', 'MRS. MANJU LOHAR', '2005-09-27', '5, SHANTI NATH NAGAR PRATAP NAGAR', 'MDS-SS-1654', 0, 7, 1, '', '', '', '0000-00-00', 0),
(250, 'SUJAL SINGH MAKWANA', 'MR. RAJENDRA SINGH MAKWANA', 'MRS. SHEETAL MAKWANA', '2004-09-27', '24, UIT COLONY PRATAP NAGAR', 'MDS-SS-0648', 0, 7, 1, '', '', '', '0000-00-00', 0),
(251, 'TARUN MALI', 'MR. SUNDER LAL MALI', 'MRS. LAXMI DEVI', '2005-01-06', '28, TULSI NAGAR OLD RTO OFFICE ', 'MDS-SS-1259', 0, 7, 1, '', '', '', '0000-00-00', 0),
(252, 'VIKRAM MALI', 'MR. BHERU LAL MALI', 'MRS. GANGA MALI', '2003-11-01', '76, NEW RTO GANDHI NAGAR PRATHAM', 'MDS-SS-3503', 0, 7, 1, '', '', '', '0000-00-00', 0),
(253, 'VISHAL SURANA', 'MR. KAILASH SURANA', 'MRS. KUSUM SURANA', '2005-03-11', 'FOUR LANE ROAD, SINGAWATO KA WADA, DEBARI, UDAIPUR', 'MDS-SS-4126', 0, 7, 1, '', '', '', '0000-00-00', 0),
(254, 'VIVEK BAYA', 'MR. LAL CHAND BAYA', 'MRS. ANTIM BALA BAYA', '2004-11-02', 'S-20, NAKODA NAGAR DHAU JI KI BAVRI ', 'MDS-SS-1894', 0, 7, 1, '', '', '', '0000-00-00', 0),
(255, 'VIVEK SWARNKAR', 'MR. HARISH KUMAR SWARNKAR', 'MRS. HEERA SWARNKAR', '2006-04-21', '54, MEERA NAGAR DHEEKLI ROAD ', 'MDS-SS-0973', 0, 7, 1, '', '', '', '0000-00-00', 0),
(256, 'YAMINI SHARMA', 'MR. MUKESH SHARMA', 'MRS. LALITA SHARMA', '2005-04-01', 'RAKAMPURA NEAR VISHWAKARMA TEMPLE POST DEBARI ', 'MDS-SS-4078', 0, 7, 1, '', '', '', '0000-00-00', 0),
(257, 'YASH SUTHAR', 'MR. RAM NARAYAN SUTHAR', 'MRS. PRIYANKA SUTHAR', '2005-01-09', 'RAKAMPURA  NEAR  VISHWAKARMA MANDIR DEBARI', 'MDS-SS-3726', 0, 7, 1, '', '', '', '0000-00-00', 0),
(258, 'YASHPAL SINGH SOLANKI', 'MR. HUKAM SINGH SOLANKI', 'MRS. VINOD KUWAR', '2005-04-30', '49, MEERA NAGAR', 'MDS-SS-4076', 0, 7, 1, '', '', '', '0000-00-00', 0),
(259, 'ABHISHEK SINGH SHAKTAWAT', 'MR. MAHENDRA SINGH', 'MRS. PARWATI KUNWAR', '2003-02-26', 'NEAR MDS SCHOOL OLD RTO OFFICE DHEEKHLI ROAD', 'MDS-SS-3669', 0, 8, 1, '', '', '', '0000-00-00', 0),
(260, 'ANKIT SHRIMALI', 'MR. BHAGWATI LAL SHRIMALI', 'MRS. MAJU SHRIMALI', '2004-03-10', 'NAKODA NAGAR RAKAMPURA', 'MDS-SS-4080', 0, 8, 1, '', '', '', '0000-00-00', 0),
(261, 'ASTHA KAVADIYA', 'MR. TARUN JAIN (KAVDIYA)', 'MRS. SHARDA JAIN (KAVDIYA)', '2004-06-11', 'PHATHO KI MAGRI NEAR SEVAASHRAM ', 'MDS-SS-4075', 0, 8, 1, '', '', '', '0000-00-00', 0),
(262, 'BHARAT KUMAWAT', 'MR. CHUNNI LAL JI', 'MRS. PUSHPA DEVI KUMAWAT', '2004-09-21', '83, CHANDRA COLONY PRATAP NAGAR', 'MDS-SS-3038', 0, 8, 1, '', '', '', '0000-00-00', 0),
(263, 'BHARAT SINGH RAO', 'MR. CHHAGAN SINGH RAO', 'MRS. DHANWANTI KUNWAR RAO', '2003-06-18', '289, UIT COLONY OLD RTO OFFICE ROAD PRATAP NAGAR', 'MDS-SS-0748', 0, 8, 1, '', '', '', '0000-00-00', 0),
(264, 'DILIP SINGH RAO', 'MR. KUBER SINGH RAO', 'MRS. LAXMI KUMARI', '2003-09-12', '643, CHANDRA COLONY OLD RTO OFFICE PRATAP NAGAR ', 'MDS-SS-2573', 0, 8, 1, '', '', '', '0000-00-00', 0),
(265, 'DIVYA SUTHAR', 'MR. MANOHAR SUTHAR', 'MRS. NARABADA SUTHAR', '2003-11-04', 'MEHRO KA GUDDA AMBERI NEAR CHAR BHUJA', 'MDS-SS-2748', 0, 8, 1, '', '', '', '0000-00-00', 0),
(266, 'DIVYESH VEERWAL', 'MR. SANTOSH VEERWAL', 'MRS. LALITA BEN', '2003-12-29', 'KRISHNA VIHAR COLONY NEAR MDS SCHOOL', 'MDS-SS-3655', 0, 8, 1, '', '', '', '0000-00-00', 0),
(267, 'GAJRAJ SINGH SARANGDEVOT', 'MR. DEEP SINGH SARANGDEVOT ', 'MRS. SHAILENDRA KUWAR', '2005-05-28', '55, TULSI NAGAR CHANDRA COLONY OLD RTO OFFICE ', 'MDS-SS-0920', 0, 8, 1, '', '', '', '0000-00-00', 0),
(268, 'GANVENDRA SINGH RATHORE', 'MR. BHUPENDRA SINGH RATHORE', 'MRS. ABHILASHA SINGH RATHORE', '2004-11-29', '59, MEERA NAGAR DHIKLI ROAD', 'MDS-SS-2685', 0, 8, 1, '', '', '', '0000-00-00', 0),
(269, 'HARSHITA BANSAL', 'MR. HARI PRAKASH BANSAL', 'MRS. KAMLA BANSAL', '2004-10-07', 'G-2, DESIGNER HIGHT COMPLEX PRATAP NAGAR ', 'MDS-SS-3466', 0, 8, 1, '', '', '', '0000-00-00', 0),
(270, 'JAINISH JAIN', 'MR.RAJESH JAIN', 'MRS. JAYSHREE JAIN', '2004-06-07', 'C/O ASHA IT DHABHAI, DHABHAI 20 COMPLEX NB NAGAR, BEDWAS,UDAIPUR', 'MDS-SS-4122', 0, 8, 1, '', '', '', '0000-00-00', 0),
(271, 'JHANVI CHOUHAN ', 'MR. LALIT SINGH CHOUHAN', 'MRS. CHENA KUNWAR', '2006-02-18', '6, MEERA NAGAR OLD RTO ROAD PRATAP NAGAR', 'MDS-SS-1815', 0, 8, 1, '', '', '', '0000-00-00', 0),
(272, 'KHUSH JOSHI', 'MR. POORAN JOSHI', 'MRS. CHANCHAL JOSHI', '2004-10-22', '531, RAHAT WALI GHATI DHIKLI UDR.', 'MDS-SS-2780', 0, 8, 1, '', '', '', '0000-00-00', 0),
(273, 'KHUSHAL SURANA', 'MR. KAILASH SURANA', 'MRS. KUSUM SURANA', '2004-01-22', 'FOUR LINE ROAD, SINGAWATO KA WADA, DEBARI, UDAIPUR', 'MDS-SS-4127', 0, 8, 1, '', '', '', '0000-00-00', 0),
(274, 'KHUSHAL VAISHNAV', 'MR. MADAN DAS VAISHNAV', 'MRS. KUSUM VAISHNAV', '2004-03-17', 'RAJ COMPLEX COLONY REBARIYON KA GUDA PRATAP NAGAR', 'MDS-SS-0282', 0, 8, 1, '', '', '', '0000-00-00', 0),
(275, 'KHUSHBOO KUNWAR RANAWAT', 'MR. MAHENDRA SINGH', 'MRS. FEHPA KUNWAR', '2004-03-23', 'ZINC COMPLEX JARNO KI SARAY OPP. DEBARI', 'MDS-SS-2518', 0, 8, 1, '', '', '', '0000-00-00', 0),
(276, 'KHUSHRAJ SINGH JHALA', 'MR.BALVEER SINGH JHALA', 'MRS. SHOBHA KUNWAR JHALA', '2003-07-14', 'DHEEKLI RAOD PRATAP NAGAR NEAR UPBHOKTA BAZAR', 'MDS-SS-3698', 0, 8, 1, '', '', '', '0000-00-00', 0);
INSERT INTO `student` (`id`, `name`, `father_name`, `mother_name`, `dob`, `address`, `scholar_no`, `roll_no`, `class_id`, `section_id`, `faculty`, `batch`, `pdf_path`, `pdf_update_date`, `hold`) VALUES
(277, 'KUSUM KUNWAR DEVRA', 'MR. MOHAN SINGH DEVRA', 'MRS. GULAB KUNWAR', '2002-03-06', 'SINGHWATO KA WADA DEBARI', 'MDS-SS-1217', 0, 8, 1, '', '', '', '0000-00-00', 0),
(278, 'KUSUM MEGHWAL', 'MR. LACCHI RAM MEGHWAL', 'MRS. LEELA MEGHWAL', '2004-06-18', 'VILLAGE NANDWAL POST DABOK THE.. VALLABHNAGAR ', 'MDS-SS-1877', 0, 8, 1, '', '', '', '0000-00-00', 0),
(279, 'LAKSHIT TIGAYA', 'MR. SUKH DEV PRASAD TIGAYA', 'MRS. ANITA TIGAYA', '2004-03-23', '113, CHANDRA COLONY BEHIND SURYA GAS GODOWN', 'MDS-SS-0269', 0, 8, 1, '', '', '', '0000-00-00', 0),
(280, 'LUCKY LOHAR', 'MR. BHAGAWATI LAL LOHAR', 'MRS. MEENA LOHAR', '2004-01-01', '34, ZINC COMPLEX ZERNO KI SARAY DEBARI', 'MDS-SS-3714', 0, 8, 1, '', '', '', '0000-00-00', 0),
(281, 'MANASVI MEGHWAL', 'MR. RAKESH MEGHWAL', 'MRS. LEELA MEGHWAL', '2005-12-05', '154, UIT COLONY PRATAP NAGAR', 'MDS-SS-2347', 0, 8, 1, '', '', '', '0000-00-00', 0),
(282, 'MAYANK PARIHAR', 'MR. VINOD PARIHAR', 'MRS. LEELA PARIHAR', '2004-09-13', 'NEAR OLD RTO SHIV COLONY PRATAP NAGAR', 'MDS-SS-2527', 0, 8, 1, '', '', '', '0000-00-00', 0),
(283, 'MEENAKSHI PATEL', 'MR. BHANWARLAL PATEL', 'MRS. KANTA DEVI', '2003-08-02', 'B- 56, MEERA  NAGAR PRATAP NAGAR', 'MDS-SS-1035', 0, 8, 1, '', '', '', '0000-00-00', 0),
(284, 'MONEEL SEN', 'MR. JAI NARAYAN SEN', 'MRS. RENU SEN', '0000-00-00', '48, B MEERA NAGAR OLD RTO PRATAP NAGAR UDR.', 'MDS-SS-1780', 0, 8, 1, '', '', '', '0000-00-00', 0),
(285, 'NILESH PATEL', 'MR. PURA LAL PATEL', 'MRS. DEVI BAI PATEL', '2004-01-20', '7, NEAR MDS SCHOOL OLD RTO', 'MDS-SS-1096', 0, 8, 1, '', '', '', '0000-00-00', 0),
(286, 'POOJA SOLANKI', 'MR PRITHVI SINGH', 'MRS. MITTU KUNWAR', '2004-07-26', '65, KRISHNA VIHAR DHEEKLI ROAD', 'MDS-SS-0985', 0, 8, 1, '', '', '', '0000-00-00', 0),
(287, 'PRAKSHIT  SHARMA', 'MR. VIJENDRA SHARMA', 'MRS. SUNITA SHARMA', '2003-01-24', '83, CHANDRA COLONY GALI NO. 2, OPP. SURYA GAS GOWDAN OLD RTO PRATAP NAGAR', 'MDS-SS-1668', 0, 8, 1, '', '', '', '0000-00-00', 0),
(288, 'PRATEEK CHOUDHARY', 'MR. VIJAY PAL SINGH', 'MRS. PUSHPA DEVI', '2005-11-18', '19, D VAISHALI NAGAR NEAR PACIFIC UNIVERCITY AIRPORT', 'MDS-SS-2041', 0, 8, 1, '', '', '', '0000-00-00', 0),
(289, 'PRAVEEN MALI', 'MR. SUNDER LAL MALI', 'MRS. LAXMI DEVI', '2003-03-19', '28, TULSI NAGAR OLD RTO OFFICE ', 'MDS-SS-1340', 0, 8, 1, '', '', '', '0000-00-00', 0),
(290, 'PRIYA KUNWAR DEVRA', 'MR. NIRBHAY SINGH DEVRA', 'MRS. PUSHPA KUNWAR DEVRA', '2003-01-11', 'VILLAGE POST DEBARI SINGHAWATO KA WADA', 'MDS-SS-1218', 0, 8, 1, '', '', '', '0000-00-00', 0),
(291, 'RAGINI VAISHNAV', 'MR. MOHAN DAS JI', 'MRS. RADHA VAISHNAV', '2003-11-02', 'REBARIYON KA GUDA NEAR OLD RTO  PRATAP NAGAR', 'MDS-SS-0820', 0, 8, 1, '', '', '', '0000-00-00', 0),
(292, 'RAJVEER SINGH RAO', 'MR. VIJAY SINGH RAO', 'MRS. MOHAN KUNWAR RAO', '2004-09-19', '52, KRISHNA VIHAR NEAR MDS SCHOOL OLD RTO OFFICE ', 'MDS-SS-0647', 0, 8, 1, '', '', '', '0000-00-00', 0),
(293, 'SAMAR PARIHAR', 'MR. RAJESH PARIHAR', 'MRS. SUDHA PARIHAR', '2004-06-08', 'OLD RTO OFFICE SHIV COLONY ', 'MDS-SS-3674', 0, 8, 1, '', '', '', '0000-00-00', 0),
(294, 'SHIVAM JOSHI', 'MR. MUKESH KUMAR JOSHI', 'MRS. MAMTA JOSHI', '2003-04-28', '33, OLD RTO PRATAP NAGAR', 'MDS-SS-2465', 0, 8, 1, '', '', '', '0000-00-00', 0),
(295, 'SUBHASH REBARI', 'MR. KALU LAL REBARI', 'MRS. GATTU BAI REBARI', '2004-10-26', 'REBARIYON KA GUDA DHIKLI ROAD', 'MDS-SS-0805', 0, 8, 1, '', '', '', '0000-00-00', 0),
(296, 'TINA SOLANKI', 'MR. SULTAN SINGH SOLANKI', 'MRS SAROJ KANWAR SOLANKI', '2004-06-24', '2, BASANT VIHAR OLD RTO OFFICE DHIKLI ROAD ', 'MDS-SS-1082', 0, 8, 1, '', '', '', '0000-00-00', 0),
(297, 'AKSHITA JAIN', 'MR. PRAVIN JAIN', 'MRS. DEEPTI JAIN', '2003-08-18', 'SHASHWAT DHAM EVERSET ASHIYANA DABOK ROAD', 'MDS-SS-4095', 0, 9, 1, '', '', '', '0000-00-00', 0),
(298, 'ANUGYA JAIN', 'MR. AJAY JAIN', 'MRS. SONALI JAIN', '2003-01-30', 'SHASHWAT DHAM EVERSET ASHIYANA DABOK ROAD', 'MDS-SS-4093', 0, 9, 1, '', '', '', '0000-00-00', 0),
(299, 'ARUL DEORA', 'MR. MOHAN SINGH DEORA', 'MRS.VIJAYLAXMI DEORA', '2003-04-22', '93, MEERA NAGAR I OLD RTO ', 'MDS-SS-0736', 0, 9, 1, '', '', '', '0000-00-00', 0),
(300, 'ARYAN CHOUDHARY', 'MR. RAJESH CHOUDHARY', 'MRS. SEEMA CHOUDHARY', '2003-09-23', 'VILLAGE & POST DHIKLI NEAR PRATAP NAGAR TEHSIL BADGAON', 'MDS-SS-0215', 0, 9, 1, '', '', '', '0000-00-00', 0),
(301, 'AVNI JAIN', 'MR. AVINASH JAIN', 'MRS. VANDANA JAIN', '2003-08-30', 'SHASHWAT DHAM EVERSET ASHIYANA DABOK ROAD', 'MDS-SS-4097', 0, 9, 1, '', '', '', '0000-00-00', 0),
(302, 'AYUSH ROY', 'MR. RAM PRAVESH ROY', 'MRS. RAGNI ROY', '2002-09-19', 'KRISHNA VIHAR COLONY NEAR MDS SCHOOL', 'MDS-SS-1429', 0, 9, 1, '', '', '', '0000-00-00', 0),
(303, 'BHARAT SINGH DEVRA', 'MR. KALYAN SINGH DEVRA', 'MRS. LAXMI KUNWAR DEVRA', '2002-09-14', 'CHANDRA COLONY DHIKLI ROAD PRATAP NAGAR', 'MDS-SS-0216', 0, 9, 1, '', '', '', '0000-00-00', 0),
(304, 'BHASKER SALVI', 'MR. GOVERDHAN LAL SALVI', 'MRS. RANJANA SALVI', '2003-05-09', '38, SHIV COLONY OPP. ANKIT SCHOOL PRATAP NAGAR', 'MDS-SS-0604', 0, 9, 1, '', '', '', '0000-00-00', 0),
(305, 'DARSHI SHAH', 'MR. MITESH MANGALDAS SHAH', 'MRS. KINJAL MITESH SHAH', '2003-11-06', 'SHAHWAT DHAM , EVEREST AASHIYANA DEBARI ROAD', 'MDS-SS-4114', 0, 9, 1, '', '', '', '0000-00-00', 0),
(306, 'DHRUVI JAIN', 'MR. MUKESH JETMAL JAIN', 'MRS. VARSHA JAIN', '2003-08-05', 'SHAHWAT DHAM , EVEREST AASHIYANA DEBARI ROAD', 'MDS-SS-4115', 0, 9, 1, '', '', '', '0000-00-00', 0),
(307, 'DIVYANI PARMAR', 'MR. AMRIT LAL PARMAR', 'MRS. SURAJ', '2001-11-01', 'GOVT. MODEL RESIDENTIAL PUBLIC SCHOOL TRIBAL DHEEKLI UDAIPUR', 'MDS-SS-1285', 0, 9, 1, '', '', '', '0000-00-00', 0),
(308, 'GUNGUN MEGHWAL', 'MR. NARENDRA MEGHWAL', 'REENA MEGHWAL', '2003-09-09', '5, ARVIND NAGAR MAIN ROAD SUNDERWAS', 'MDS-SS-1887', 0, 9, 1, '', '', '', '0000-00-00', 0),
(309, 'HITESHI JAIN', 'MR. ANAND JAIN', 'MRS. ANJALI JAIN', '2002-07-18', 'SHASHWAT DHAM EVERSET ASHIYANA DABOK ROAD', 'MDS-SS-4101', 0, 9, 1, '', '', '', '0000-00-00', 0),
(310, 'ISHA JETHANI ', 'MR. GIRDHARI LAL JETHANI', 'MRS. VEENA JETHANI ', '2003-05-30', '23, STONE Q. UIT COLONY ROAD ', 'MDS-SS-0217', 0, 9, 1, '', '', '', '0000-00-00', 0),
(311, 'JAHNAVI JAIN', 'MR. SUNIL KUMAR JAIN', 'MRS. JYOTI JAIN', '2002-08-22', 'PLOT NO. 8 DHIKLI NEAR TAYA EYE HOSPITAL PACIFIC DENTAL ROAD DEBARI', 'MDS-SS-3465', 0, 9, 1, '', '', '', '0000-00-00', 0),
(312, 'JAYVEER SINGH SISODIYA', 'MR. NAVIN SINGH SISODIYA', 'MRS. ANJALI SISODIYA', '2003-05-21', '87, NAKODA NAGAR III BEDWAS', 'MDS-SS-2293', 0, 9, 1, '', '', '', '0000-00-00', 0),
(313, 'KAILASH PATEL', 'MR. SHANKER LAL PATEL', 'MRS. NATHI BHAI PATEL', '2001-12-29', 'PRATAP NAGAR DEKLI ROAD BEHIND ANKIT SCHOOL', 'MDS-SS-2620', 0, 9, 1, '', '', '', '0000-00-00', 0),
(314, 'KARNIRAJ SINGH SHAKTAWAT', 'MR. YUVRAJ SINGH SHAKTAWAT', 'MRS. SEEMA KUNWAR', '2002-11-01', 'LAXMI NAGAR MEERA NAGAR OLD RTO DHIKLI ROAD', 'MDS-SS-1255', 0, 9, 1, '', '', '', '0000-00-00', 0),
(315, 'KASHISH JAIN', 'MR. VINAY JAIN', 'MRS. MEENA JAIN', '2003-02-13', 'SHASHWAT DHAM EVERSET ASHIYANA DABOK ROAD', 'MDS-SS-4099', 0, 9, 1, '', '', '', '0000-00-00', 0),
(316, 'KAVITA SHAKTAWAT', 'MR. KALYAN SINGH SHAKTAWAT', 'MRS. KRISHNA SHAKTAWAT', '2002-07-07', '6, MEERA NAGAR OLD RTO ROAD PRATAP NAGAR', 'MDS-SS-1952', 0, 9, 1, '', '', '', '0000-00-00', 0),
(317, 'KHUSH VAIRAGI', 'MR. RADSHYAM VAIRAGI', 'MRS. KALA VAIRAGI', '2003-12-26', 'OPP MDS SCHOOL DHIKLI ROAD PRATAP NAGAR UDAIPUR', 'MDS-SS-0935', 0, 9, 1, '', '', '', '0000-00-00', 0),
(318, 'KIRTAN CHOUDHARY', 'MR. MANOHAR LAL CHOUDHARY', 'MRS. ASHA CHOUDHARY', '2003-11-23', '23, UIT COLONY DHIKLI ROAD PRATAP NAGAR', 'MDS-SS-0494', 0, 9, 1, '', '', '', '0000-00-00', 0),
(319, 'KRUTIKA SHAH', 'MR.KAMLESH SHAH', 'MRS. REKHA SHAH', '2003-08-23', 'SHASHWAT DHAM EVERSET ASHIYANA DABOK ROAD', 'MDS-SS-4103', 0, 9, 1, '', '', '', '0000-00-00', 0),
(320, 'LAKHAN MALI', 'MR. RAMESH MALI', 'MRS. MAYA MALI', '2002-04-15', 'POWER HOUSE CHOURHA MAIN ROAD GUDLI INDUSTRIL AREA', 'MDS-SS-3483', 0, 9, 1, '', '', '', '0000-00-00', 0),
(321, 'LAKSHITA SINGH RANAWAT', 'MR. JORAWAR SINGH RANAWAT', 'MRS. RENU KUNWAR RANAWAT', '2003-05-28', 'DHEEKLI ROAD NEAR UPBHOKTA BAZAR', 'MDS-SS-0223', 0, 9, 1, '', '', '', '0000-00-00', 0),
(322, 'MAHI JAIN', 'MR. MAHAVIR JAIN', 'MRS. VANDANA JAIN', '2003-04-20', 'SHASHWAT DHAM EVERSET ASHIYANA DABOK ROAD', 'MDS-SS-4098', 0, 9, 1, '', '', '', '0000-00-00', 0),
(323, 'MAITRIYA JAIN', 'MR. SHAILESH JAIN', 'MRS. REENA JAIN', '2003-05-19', 'SHASHWAT DHAM EVERSET ASHIYANA DABOK ROAD', 'MDS-SS-4094', 0, 9, 1, '', '', '', '0000-00-00', 0),
(324, 'MANAN KOTHARI ', 'MR. SUSHIL KOTHARI', 'MRS. MEENA KOTHARI', '2007-04-14', '302, NAKODA APPARTMENT RAKAM PURA ROAD NAKODA NAGAR', 'MDS-SS-3619', 0, 9, 1, '', '', '', '0000-00-00', 0),
(325, 'PARINATI JAIN', 'MR. ROMESH JAIN', 'MRS. ANUBHUTI JAIN', '2003-10-12', 'SHASHWAT DHAM EVERSET ASHIYANA DABOK ROAD', 'MDS-SS-4105', 0, 9, 1, '', '', '', '0000-00-00', 0),
(326, 'PIYUSH JHALA', 'MR. KALYAN SINGH JHALA', 'MRS. UMED JHALA', '2004-06-24', 'CHITRAKOOT NAGAR NEAR KHELGAON', 'MDS-SS-0712', 0, 9, 1, '', '', '', '0000-00-00', 0),
(327, 'PIYUSH PRADHAN', 'MR. PRAMOD KUMAR PRADHAN', 'MRS. KIRATI PRADHAN', '2004-12-15', 'PRAYAG VILLA CIN FRONT OLD RTO OFFICE DHIKLI ROAD PRATAP NAGAR ', 'MDS-SS-4091', 0, 9, 1, '', '', '', '0000-00-00', 0),
(328, 'POOJA DANGI', 'MR. HEERA LAL DANGI', 'MRS. DURGA DEVI DANGI', '2003-01-23', 'GUDLI DUNGARPURA THE. MAVLI UDAIPUR', 'MDS-SS-1661', 0, 9, 1, '', '', '', '0000-00-00', 0),
(329, 'PRATEEK SONI', 'MR. RADHESHYAM SONI', 'MRS. BHAVANA SONI', '2004-09-16', 'KAPIL VIHAR BEDWAS ', 'MDS-SS-3713', 0, 9, 1, '', '', '', '0000-00-00', 0),
(330, 'PREKSHA JAIN', 'MR. MAHENDRA JAIN', 'MRS. INDRA JAIN', '2003-12-21', 'SHASHWAT DHAM EVERSET ASHIYANA DABOK ROAD', 'MDS-SS-4100', 0, 9, 1, '', '', '', '0000-00-00', 0),
(331, 'RIDHAM JAIN', 'MR. PAWAN JAIN', 'MRS. CHITRA JAIN', '2003-11-21', 'NEAR JAIN TEMPLE SAKRODA ', 'MDS - SS - 781', 0, 9, 1, '', '', '', '0000-00-00', 0),
(332, 'RUSHIKA JAIN', 'MR. ASHWIN JAIN', 'MRS. VARSHA JAIN', '2003-03-20', 'SHASHWAT DHAM EVERSET ASHIYANA DABOK ROAD', 'MDS-SS-4106', 0, 9, 1, '', '', '', '0000-00-00', 0),
(333, 'SANWALI JAIN', 'MR. JAYANT JAIN', 'MRS. JYOTI JAIN', '2003-07-18', 'SHASHWAT DHAM EVERSET ASHIYANA DABOK ROAD', 'MDS-SS-4096', 0, 9, 1, '', '', '', '0000-00-00', 0),
(334, 'SATVIK PRAJAPAT', 'MR. RANJAN RAJ PRAJAPAT', 'MRS. SUSHEELA PRAJAPAT', '2004-10-02', 'SARSWATI NAGAR 100 FT. ROAD NEAR CHANDRA NIWAS HOSTEL OLD RTO ROAD', 'MDS-SS-3496', 0, 9, 1, '', '', '', '0000-00-00', 0),
(335, 'SEJAL DEVRA', 'MR. TAKHAT SINGH DEVRA', 'MRS. RADHA KUNWAR DEVRA', '2003-09-16', 'DEBARI', 'MDS-SS-0732', 0, 9, 1, '', '', '', '0000-00-00', 0),
(336, 'SHREYA VAISHNAV', 'MR. KALYAN DAS VAISHNAV', 'MRS. REEMA VAISHNAV', '2003-08-02', 'NEAR MDS SCHOOL', 'MDS-SS-0765', 0, 9, 1, '', '', '', '0000-00-00', 0),
(337, 'SHRUTI DAVE', 'MR. JITENDRA DAVE', 'MRS. RADHIKA DAVE', '2003-05-24', '9, A STONE SOCIETY PALIWAL GYM PRATAP NAGAR', 'MDS-SS-4117', 0, 9, 1, '', '', '', '0000-00-00', 0),
(338, 'SIDDHI JAIN', 'MR. MAHESH JAIN', 'MRS. SAMTA JAIN', '2003-12-06', 'SHASHWAT DHAM EVERSET ASHIYANA DABOK ROAD', 'MDS-SS-4092', 0, 9, 1, '', '', '', '0000-00-00', 0),
(339, 'SRISHTI REGAR', 'MR. BANSHILAL REGAR', 'MRS. MOHINI REGAR', '2002-11-01', '176-N- BHERWAY NAGAR ', 'MDS-SS-0281', 0, 9, 1, '', '', '', '0000-00-00', 0),
(340, 'SWANUBHUTI JAIN', 'MR. UDAYMANI JAIN', 'MRS. PRITI JAIN', '2003-09-28', 'SHASHWAT DHAM EVERSET ASHIYANA DABOK ROAD', 'MDS-SS-4102', 0, 9, 1, '', '', '', '0000-00-00', 0),
(341, 'SWASTIKA SINGH SHAKTAWAT', 'MR. INDER SINGH SHAKTAWAT', 'MRS. SHOBHA KUNWAR', '2003-07-17', 'BAMBORA THE. GIRVA DISTT. UDAIPUR', 'MDS-SS-3501', 0, 9, 1, '', '', '', '0000-00-00', 0),
(342, 'TANISHA JAIN', 'MR. RAJVEER JAIN', 'MRS. SAVITA JAIN', '2003-10-09', 'SHASHWAT DHAM EVERSET ASHIYANA DABOK ROAD', 'MDS-SS-4104', 0, 9, 1, '', '', '', '0000-00-00', 0),
(343, 'TARUNA PATEL', 'MR. MAWA RAM PATEL', 'MRS. CHANDA DEVI', '2003-07-09', '78, LAXMI NAGAR II DHIKLI ROAD PRATAP NAGAR', 'MDS-SS-0546', 0, 9, 1, '', '', '', '0000-00-00', 0),
(344, 'VIDHI JAIN', 'MR. MAHAVEER JAIN', 'MRS. PRITI JAIN', '2003-11-11', 'BHARAT TRADERS VIDHA SADAN ZINC CHORYA KURABAD ROAD', 'MDS-SS-0742', 0, 9, 1, '', '', '', '0000-00-00', 0),
(345, 'VIJAY SHARMA', 'MR. RAMESH CHANDRA SHARMA', 'MRS.SHOBHNA SHARMA', '2005-01-24', '20, SUBHASH NAGAR GALI NO. 1', 'MDS-SS-2751', 0, 9, 1, '', '', '', '0000-00-00', 0),
(346, 'VINITA CHAUHAN', 'MR. BAHADUR NATH CHAUHAN', 'MRS. UMA KUNWAR CHAUHAN', '2003-05-31', 'SHIV COLONY MEERA NAGAR DHIKLI ROAD NEAR OLD RTO PRATAP NAGAR', 'MDS-SS-0471', 0, 9, 1, '', '', '', '0000-00-00', 0),
(347, 'VINOD REBARI', 'MR. MANGI LAL JI REBARI', 'MRS. BHALA BAI', '2004-03-21', 'REBARIYO KA GUDA DHIKLI ROAD PRATAP NAGAR', 'MDS-SS-0818', 0, 9, 1, '', '', '', '0000-00-00', 0),
(348, 'ADITYA JOSHI', 'MR. DINESH KUMAR JOSHI', 'MRS. SUNITA JOSHI', '2003-01-07', '25, N.B. NAGAR DHAU JI KI BAWARI BEDWAS', 'MDS-SS-3441', 0, 10, 1, '', '', '', '0000-00-00', 0),
(349, 'AMAN KAVDIYA', 'MR. TARUN KUMAR KAVDIYA', 'MRS. SHARDA', '2002-01-01', 'VILLAGE GUDLI TESHIL MAVLI ', 'MDS-SS-2979', 0, 10, 1, '', '', '', '0000-00-00', 0),
(350, 'ANSHIKA KOUNDAL', 'MR. SANJAY SINGH KOUNDAL ', 'MRS. SHASHI BALA', '2002-09-12', '125, AMBAFLA GUPTESHWAR ROAD TEETARDI NEAR GEETANJALI HOSPITAL', 'MDS-SS-1274', 0, 10, 1, '', '', '', '0000-00-00', 0),
(351, 'ARCHI JAIN', 'MR. ANAND JAIN', 'MRS. ARCHANA JAIN', '2002-08-08', 'SHASHWAT DHAM EVERSET ASHIYANA DABOK ROAD', 'MDS-SS-3444', 0, 10, 1, '', '', '', '0000-00-00', 0),
(352, 'ARYAN PRAKASH', 'MR. P.C. VERMA', 'MRS. MANISHA VERMA', '2003-04-14', '214, PRATAP NAGAR -B OPP. KANDRIYA VIDHYALAY, UDAIPUR', 'MDS-SS-3736', 0, 10, 1, '', '', '', '0000-00-00', 0),
(353, 'AYUSHI SUTHAR', 'MR. RAM NARAYAN SUTHAR', 'MRS. PRIYANKA SUTHAR', '2002-11-18', 'RAKAMPURA  NEAR DEBARI', 'MDS-SS-3725', 0, 10, 1, '', '', '', '0000-00-00', 0),
(354, 'BHAVESH SHARMA', 'DR.. KAILASH CHANDRA SHARMA', 'MRS. MANJU DEVI SHARMA', '2004-02-26', '11/2, IWPD COLONY OPP. VISHAL PETROL PUMP PRATAP NAGAR', 'MDS-SS-3697', 0, 10, 1, '', '', '', '0000-00-00', 0),
(355, 'BHAVY RAJ SINGH SHAKTAWAT', 'MR. GAJENDRA SINGH  SHAKTAWAT ', 'MRS. BINDU  SHAKTAWAT', '2003-07-02', 'P/V- CHARGADIYA VAYA -BHINDER TEHSIL VALLABHNGAR DISTRICT-UDAIPUR', 'MDS-SS-3445', 0, 10, 1, '', '', '', '0000-00-00', 0),
(356, 'BHIM SINGH BHAGROT', 'MR. PREM SINGH BHAGROT', 'MRS. PREM SINGH', '2002-04-03', '175, SHREE N. BHARWAY NAGAR BEDWAS', 'MDS-SS-3448', 0, 10, 1, '', '', '', '0000-00-00', 0),
(357, 'BHUVNESHWARI CHOUHAN', 'MR. DASHRATH SINGH CHOUHAN', 'MRS. SHIV KUNWAR CHOUHAN', '2001-06-08', '5, NEW MEERA NAGAR DHIKLI ROAD OLD RTO PRATAP NAGAR', 'MDS-SS-1268', 0, 10, 1, '', '', '', '0000-00-00', 0),
(358, 'CHANDAN SAHU', 'MR. GOPAL JI SAHU', 'MRS. USHA SAHU', '2002-03-16', 'PRATAP NAGAR OLD RTO OFFICE ROAD IN FRONT OF MDS SCHOOL', 'MDS-SS-0169', 0, 10, 1, '', '', '', '0000-00-00', 0),
(359, 'CHARYA ANUJ PATNI', 'MR. ANUJ PATNI', 'MRS. POONAM PATNI', '2002-08-18', 'SHASHWAT DHAM EVERSET ASHIYANA DABOK ROAD', 'MDS-SS-3451', 0, 10, 1, '', '', '', '0000-00-00', 0),
(360, 'CHINMAY CHOUBISA', 'MR. HEERA LAL CHOUBISA', 'MRS. NEETU CHOUBISA', '2002-11-15', '113, NEAR CAMBRIDGE ACADEMY REBARIYON KA GUDA', 'MDS-SS-2272', 0, 10, 1, '', '', '', '0000-00-00', 0),
(361, 'CHIRAG TRIVEDI', 'MR. DEEPAK TRIVEDI', 'MRS. JYOTI TRIVEDI', '2002-10-21', 'HIRAN MAGRI SEC. 3 HOUSE NO. 335, VIVEK NAGAR', 'MDS-SS-2703', 0, 10, 1, '', '', '', '0000-00-00', 0),
(362, 'DEEPIKA SAHU', 'MR. RAM NARAYAN SAHU', 'MRS. YASHODA SAHU', '2003-07-15', '69, NAKODA NAGAR -3, DHAU JI KI BAWARI', 'MDS-SS-0816', 0, 10, 1, '', '', '', '0000-00-00', 0),
(363, 'DHRUV SHARMA', 'MR. SURESH CHANDRA SUTHAR', 'MRS. INDU BALA SHARMA', '2003-08-09', 'NAKODA NAGAR II BEDWAS DHAU JI KI BAVRI ', 'MDS-SS-3458', 0, 10, 1, '', '', '', '0000-00-00', 0),
(364, 'EKSHA JAIN', 'MR PRADEEP KUMAR JAIN', 'MRS. ALPANA JAIN', '2003-01-07', 'SHASHWAT DHAM EVERSET ASHIYANA DABOK ROAD', 'MDS-SS-3462', 0, 10, 1, '', '', '', '0000-00-00', 0),
(365, 'GARIMA CHOUHAN', 'MR. BAHADUR NATH CHOUHAN', 'MRS. UMA KUNWAR CHAUHAN', '2002-01-14', 'SHIV COLONY MEERA NAGAR ROAD OLD RTO , PRATAP NAGAR UDAIPUR', 'MDS-SS-0470', 0, 10, 1, '', '', '', '0000-00-00', 0),
(366, 'GARIMA JAIN', 'MR. ABHINANDAN JAIN', 'MRS. PRIYANKA JAIN', '2001-05-09', 'SHASHWAT DHAM EVERSET ASHIYANA DABOK ROAD', 'MDS-SS-0739', 0, 10, 1, '', '', '', '0000-00-00', 0),
(367, 'GAURAV AUDICHYA', 'MR. JAI PRAKASH AUDICHYA', 'MRS. GEETA AUDICHYA', '2001-12-30', '197, NB NAGAR DHAU JI KI BAWARI', 'MDS-SS-2686', 0, 10, 1, '', '', '', '0000-00-00', 0),
(368, 'HARI SINGH RATHORE', 'MR. LAXMAN SINGH RATHORE', 'MRS. SHAMBHU KUNWAR', '2001-05-26', 'SHREE RAM COLONY PRATAP NAGAR', 'MDS-SS-0424', 0, 10, 1, '', '', '', '0000-00-00', 0),
(369, 'HARSHVARDHAN SINGH CHUNDAWAT', 'MR. RAJENDRA SINGH CHUNDAWAT', 'MRS. MADAN  KUNWAR', '2004-01-29', '294, UIT COLONY PRATAP NAGAR DHEEKLI ROAD', 'MDS-SS-0442', 0, 10, 1, '', '', '', '0000-00-00', 0),
(370, 'HARSHVARDHAN SINGH MERTIYA', 'MR. SHAILENDRA SINGH', 'MRS. OM SHEKHAWAT', '2002-08-08', '56, MEERA NAGAR DHIKLI ROAD PRATAP NAGAR', 'MDS-SS-0501', 0, 10, 1, '', '', '', '0000-00-00', 0),
(371, 'HIMANJALI AMETA', 'MR. DINESH CHANDRA AMETA', 'MRS. URMILA AMETA', '2003-01-18', '72, CHANDRA COLONY GALI NO. 2 PRATAP NAGAR UDR.', 'MDS-SS-0867', 0, 10, 1, '', '', '', '0000-00-00', 0),
(372, 'JAHANVI UPADHYAY', 'MR. PRAKASH UPADHYAY', 'MRS. ANJALI UPADHYAY', '2003-05-20', '10, TULSI NAGAR BEDWAS', 'MDS-SS-3475', 0, 10, 1, '', '', '', '0000-00-00', 0),
(373, 'KHUSHI JAIN', 'MR. ARVIND JAIN', 'MRS. RACHANA JAIN', '2003-03-31', 'SHASHWAT DHAM EVERSET ASHIYANA DABOK ROAD', 'MDS-SS-3479', 0, 10, 1, '', '', '', '0000-00-00', 0),
(374, 'KIRTI PAL SINGH RATHORE', 'MR. BALVEER SINGH RATHORE', 'MRS. LAXMI RATHORE', '2002-06-11', '139, 140 N. BHARIYA NAGAR BEDWAS', 'MDS-SS-0495', 0, 10, 1, '', '', '', '0000-00-00', 0),
(375, 'KRISHNA PAL SINGH RATHORE', 'MR. BALVEER SINGH RATHORE', 'MRS. LAXMI RATHORE', '2002-06-11', '139, 140 N. BHARIYA NAGAR BEDWAS', 'MDS-SS-0496', 0, 10, 1, '', '', '', '0000-00-00', 0),
(376, 'KUSUM JAIN', 'MR. SANJEEV KUMAR JAIN', 'MRS. RENU JAIN', '2001-04-01', 'SHASHWAT DHAM EVERSET ASHIYANA DABOK ROAD', 'MDS-SS-3480', 0, 10, 1, '', '', '', '0000-00-00', 0),
(377, 'MAHENDRA SINGH SISODIYA', 'MR. BHAWAR SINGH SISODIYA ', 'MRS. GEETA KUNWAR', '2003-02-23', 'H. NO. 26-27, PRATAP NAGAR BLOCK NEAR K.V. SCHOOL', 'MDS-SS-3016', 0, 10, 1, '', '', '', '0000-00-00', 0),
(378, 'MANASI VAISHNAV', 'MR. RAMESH VAISHNAV', 'MRS. LAXMI VAISHNAV', '2002-01-31', '68, SHREE RAM COLONY ', 'MDS-SS-0162', 0, 10, 1, '', '', '', '0000-00-00', 0),
(379, 'MEDHAVI RAO', 'MR. BHOPAL SINGH RAO', 'MRS. SANDHYA RAO', '2003-12-15', 'BHOPAL SINGH RAO 24, NAKODA NAGAR I NEAR NCA SCHOOL', 'MDS-SS-3734', 0, 10, 1, '', '', '', '0000-00-00', 0),
(380, 'NARENDRA DEVRA', 'MR. KESAR SINGH DEVRA', 'MRS. VIJAY LAXMI', '2002-05-06', 'NEAR PETROL PUMP DEBARI', 'MDS-SS-1860', 0, 10, 1, '', '', '', '0000-00-00', 0),
(381, 'NEETU MALI', 'MR. SHANTI LAL MALI', 'MRS. CHANDRAKALA MALI', '2001-01-19', 'H. NO. 144 KRISHNA VIHAR  NEAR MDS SCHOOL', 'MDS-SS-3489', 0, 10, 1, '', '', '', '0000-00-00', 0),
(382, 'NIKITA RATHORE', 'MR. PARVAT SINGH RATHORE', 'MRS. ASHA RATHORE', '2003-04-30', '92, MEERA NAGAR OLD RTO PRATAP NAGAR', 'MDS-SS-0955', 0, 10, 1, '', '', '', '0000-00-00', 0),
(383, 'NIMISHA MAKWANA', 'MR. RAJENDRA SINGH MAKWANA', 'MRS. SHEETAL MAKWANA', '2001-12-13', '24, UIT COLONY PRATAP NAGAR', 'MDS-SS-0164', 0, 10, 1, '', '', '', '0000-00-00', 0),
(384, 'NISHANT SAXENA', 'MR. UMESH SAXENA', 'MRS. RAKHI SAXENA', '2002-03-05', '11 NORTH SUNDERWAS VIDHYA VIHAR COLONY', 'MDS-SS-1106', 0, 10, 1, '', '', '', '0000-00-00', 0),
(385, 'NOOPUR JOSHI', 'MR. DILIP KUMAR JOSHI', 'MRS. MAMTA JOSHI', '2002-09-13', '69, TIRUPATI NAGAR OLD RTO DHIKLI ROAD PRATAP NAGAR ', 'MDS-SS-3054', 0, 10, 1, '', '', '', '0000-00-00', 0),
(386, 'PARTH VAIRAGI', 'MR. OM PRAKASH VAIRAGI', 'MRS. VIDHYA VAIRAGI', '2003-03-22', 'TIRUPATI NAGAR DHIKLI ROAD RANA PRATAP NAGAR', 'MDS-SS-3018', 0, 10, 1, '', '', '', '0000-00-00', 0),
(387, 'PRAGYA JAIN', 'MR. SURESH JAIN', 'MRS. MAMTA JAIN', '2002-09-08', 'SHASHWAT DHAM , EVEREST AASHIYANA DEBARI ROAD', 'MDS-SS-3508', 0, 10, 1, '', '', '', '0000-00-00', 0),
(388, 'PRANEET JHALA', 'MR. BRIJBHAN SINGH JHALA', 'MRS. SUMITRA JHALA', '2002-09-09', 'PH-64, ZINC COMPLEX JHARANO KI SARAY  DEBARI', 'MDS-SS-1893', 0, 10, 1, '', '', '', '0000-00-00', 0),
(389, 'PRIYA VAISHNAV', 'MR. MOHAN DAS JI', 'MRS. RADHA VAISHNAV', '2002-11-12', 'REBARIYON KA GUDA PRATAP NAGAR', 'MDS-SS-1097', 0, 10, 1, '', '', '', '0000-00-00', 0),
(390, 'PRIYANKA SHAKTAWAT', 'MR. GAJRAJ SINGH SHAKTAWAT', 'MRS. JASWANT KUNWAR', '2002-04-15', '144, SHREE N.B. NAGAR PRATAP NAGAR', 'MDS-SS-0433', 0, 10, 1, '', '', '', '0000-00-00', 0),
(391, 'PULKIT CHAUBISA', 'MR. VINOD KUMAR CHAUBISA', 'MRS. KRISHNA CHAUBISA', '2002-01-06', '51NAKODA NAGAR I DHAU JI KI BAWARI ', 'MDS-SS-2024', 0, 10, 1, '', '', '', '0000-00-00', 0),
(392, 'RAJAT JOSHI', 'MR. RAM KISHAN JOSHI', 'MRS. SHEELA TRIPATHI', '2004-10-25', '10, TULSI NAGAR BEDWAS', 'MDS-SS-3008', 0, 10, 1, '', '', '', '0000-00-00', 0),
(393, 'RAMNIWAS REBARI', 'MR. KALU LAL REBARI', 'MRS. GATTU BAI REBARI', '2000-05-15', 'REBARIYON KA GUDA DHIKLI ROAD', 'MDS-SS-0637', 0, 10, 1, '', '', '', '0000-00-00', 0),
(394, 'RIMZIM SANGHVI ', 'MR. VIVEK SANGHVI', 'MRS. PRERNA SANGHVI', '2002-12-21', 'SHASHWAT DHAM , EVEREST AASHIYANA DEBARI ROAD', 'MDS-SS-3509', 0, 10, 1, '', '', '', '0000-00-00', 0),
(395, 'SANTOSH PURI GOSWAMI', 'MR. ROOP PURI GOSWAMI', 'MRS. RADHA GOSWAMI', '2002-12-16', '44, TULSI NAGAR OLD RTO DHEEKLI ROAD ', 'MDS-SS-1249', 0, 10, 1, '', '', '', '0000-00-00', 0),
(396, 'SHAH KHUSHI', 'MR. VIPUL SHAH', 'MRS. SANGEETA SHAH', '2001-12-28', 'SHASHWAT DHAM EVERSET ASHIYANA DABOK ROAD', 'MDS-SS-3510', 0, 10, 1, '', '', '', '0000-00-00', 0),
(397, 'SHAH LABHANSHI SANJAY', 'MR. SHAH SURAKSHA SANJAY', 'MRS. SHAH SANJAY VINOD', '2003-02-08', 'SHASHWAT DHAM EVERSET ASHIYANA DABOK ROAD', 'MDS-SS-3481', 0, 10, 1, '', '', '', '0000-00-00', 0),
(398, 'SHANKAR PATEL', 'MR. RAM LAL PATEL', 'MRS. BHAMARI BAI', '2001-01-13', 'MEERA NAGAR LAXMI NAGAR', 'MDS-SS-2959', 0, 10, 1, '', '', '', '0000-00-00', 0),
(399, 'SHUBHI JAIN', 'MR. SURENDRA JAIN', 'MRS. MANI JAIN', '2003-05-28', 'SHASHWAT DHAM EVERSET ASHIYANA DABOK ROAD', 'MDS-SS-3511', 0, 10, 1, '', '', '', '0000-00-00', 0),
(400, 'SUHANI RAIKWAL', 'MR. OM PRAKASH MEGHWAL', 'MRS. SUMITRA MEGHWAL', '2003-04-26', '209, STREET NO. 2 JYOTI COLONY ', 'MDS-SS-3512', 0, 10, 1, '', '', '', '0000-00-00', 0),
(401, 'VISHUDHI JAIN', 'MR. VIKRAM JAIN', 'MRS. SARITA JAIN', '2002-07-07', '31, CHANDRA COLONY FIRST GALI VIDHYA PEET KE PICHE OLD RTO', 'MDS-SS-3520', 0, 10, 1, '', '', '', '0000-00-00', 0),
(402, 'YASHPAL SINGH RATHORE', 'MR. MAHENDRA SINGH RATHORE', 'MRS. KESHER KUNWAR', '2002-10-20', 'UIT COLONY PRATAP NAGAR HOUSE NO. 11', 'MDS-SS-0398', 0, 10, 1, '', '', '', '0000-00-00', 0);

-- --------------------------------------------------------

--
-- Table structure for table `student_health`
--

CREATE TABLE `student_health` (
  `id` int(11) NOT NULL,
  `scholar_no` varchar(200) NOT NULL,
  `master_health_id` int(11) NOT NULL,
  `value` varchar(30) NOT NULL
) ENGINE=InnoDB DEFAULT CHARSET=latin1;

-- --------------------------------------------------------

--
-- Table structure for table `student_marks`
--

CREATE TABLE `student_marks` (
  `id` int(20) NOT NULL,
  `scholar_no` varchar(100) NOT NULL,
  `subject_id` int(20) NOT NULL,
  `sub_subject_id` int(11) NOT NULL,
  `term_id` int(5) NOT NULL,
  `exam_category_id` int(11) NOT NULL,
  `master_exam_type_id` int(11) NOT NULL,
  `marks` varchar(11) NOT NULL
) ENGINE=InnoDB DEFAULT CHARSET=utf8;

--
-- Dumping data for table `student_marks`
--

INSERT INTO `student_marks` (`id`, `scholar_no`, `subject_id`, `sub_subject_id`, `term_id`, `exam_category_id`, `master_exam_type_id`, `marks`) VALUES
(371, 'MDS-SS-3439', 1, 0, 1, 3, 1, '61'),
(372, 'MDS-SS-3439', 1, 0, 1, 3, 6, '4'),
(373, 'MDS-SS-3439', 1, 0, 1, 3, 7, '5'),
(374, 'MDS-SS-3439', 1, 0, 1, 3, 8, '2'),
(375, 'MDS-SS-3439', 1, 0, 1, 3, 9, '3'),
(376, 'MDS-SS-3439', 1, 0, 1, 3, 15, '72'),
(377, 'MDS-SS-3439', 1, 0, 1, 3, 16, '5'),
(378, 'MDS-SS-3439', 1, 0, 1, 3, 17, '4'),
(379, 'MDS-SS-3439', 1, 0, 1, 3, 18, '4'),
(380, 'MDS-SS-3439', 1, 0, 1, 3, 19, '5'),
(381, 'MDS-SS-2281', 1, 0, 1, 3, 1, '42'),
(382, 'MDS-SS-2281', 1, 0, 1, 3, 6, '4'),
(383, 'MDS-SS-2281', 1, 0, 1, 3, 7, '3'),
(384, 'MDS-SS-2281', 1, 0, 1, 3, 8, '0'),
(385, 'MDS-SS-2281', 1, 0, 1, 3, 9, '2'),
(386, 'MDS-SS-2281', 1, 0, 1, 3, 15, '47'),
(387, 'MDS-SS-2281', 1, 0, 1, 3, 16, '3'),
(388, 'MDS-SS-2281', 1, 0, 1, 3, 17, '3'),
(389, 'MDS-SS-2281', 1, 0, 1, 3, 18, '4'),
(390, 'MDS-SS-2281', 1, 0, 1, 3, 19, '4'),
(391, 'MDS-SS-3442', 1, 0, 1, 3, 1, '59'),
(392, 'MDS-SS-3442', 1, 0, 1, 3, 6, '4'),
(393, 'MDS-SS-3442', 1, 0, 1, 3, 7, '5'),
(394, 'MDS-SS-3442', 1, 0, 1, 3, 8, '2'),
(395, 'MDS-SS-3442', 1, 0, 1, 3, 9, '3'),
(396, 'MDS-SS-3442', 1, 0, 1, 3, 15, '68'),
(397, 'MDS-SS-3442', 1, 0, 1, 3, 16, '5'),
(398, 'MDS-SS-3442', 1, 0, 1, 3, 17, '4'),
(399, 'MDS-SS-3442', 1, 0, 1, 3, 18, '5'),
(400, 'MDS-SS-3442', 1, 0, 1, 3, 19, '5'),
(401, 'MDS-SS-2530', 1, 0, 1, 3, 1, '79'),
(402, 'MDS-SS-2530', 1, 0, 1, 3, 6, '5'),
(403, 'MDS-SS-2530', 1, 0, 1, 3, 7, '5'),
(404, 'MDS-SS-2530', 1, 0, 1, 3, 8, '4'),
(405, 'MDS-SS-2530', 1, 0, 1, 3, 9, '5'),
(406, 'MDS-SS-2530', 1, 0, 1, 3, 15, '71'),
(407, 'MDS-SS-2530', 1, 0, 1, 3, 16, '4'),
(408, 'MDS-SS-2530', 1, 0, 1, 3, 17, '5'),
(409, 'MDS-SS-2530', 1, 0, 1, 3, 18, '5'),
(410, 'MDS-SS-2530', 1, 0, 1, 3, 19, '5'),
(411, 'MDS-SS-2157', 1, 0, 1, 3, 1, '63'),
(412, 'MDS-SS-2157', 1, 0, 1, 3, 6, '3'),
(413, 'MDS-SS-2157', 1, 0, 1, 3, 7, '4'),
(414, 'MDS-SS-2157', 1, 0, 1, 3, 8, '3'),
(415, 'MDS-SS-2157', 1, 0, 1, 3, 9, '0'),
(416, 'MDS-SS-2157', 1, 0, 1, 3, 15, '65'),
(417, 'MDS-SS-2157', 1, 0, 1, 3, 16, '4'),
(418, 'MDS-SS-2157', 1, 0, 1, 3, 17, '4'),
(419, 'MDS-SS-2157', 1, 0, 1, 3, 18, '4'),
(420, 'MDS-SS-2157', 1, 0, 1, 3, 19, '5'),
(421, 'MDS-SS-2778', 1, 0, 1, 3, 1, '60'),
(422, 'MDS-SS-2778', 1, 0, 1, 3, 6, '5'),
(423, 'MDS-SS-2778', 1, 0, 1, 3, 7, '5'),
(424, 'MDS-SS-2778', 1, 0, 1, 3, 8, '1'),
(425, 'MDS-SS-2778', 1, 0, 1, 3, 9, '5'),
(426, 'MDS-SS-2778', 1, 0, 1, 3, 15, '70'),
(427, 'MDS-SS-2778', 1, 0, 1, 3, 16, '4'),
(428, 'MDS-SS-2778', 1, 0, 1, 3, 17, '4'),
(429, 'MDS-SS-2778', 1, 0, 1, 3, 18, '4'),
(430, 'MDS-SS-2778', 1, 0, 1, 3, 19, '5'),
(431, 'MDS-SS-4058', 1, 0, 1, 3, 1, '38'),
(432, 'MDS-SS-4058', 1, 0, 1, 3, 6, '3'),
(433, 'MDS-SS-4058', 1, 0, 1, 3, 7, '5'),
(434, 'MDS-SS-4058', 1, 0, 1, 3, 8, '1'),
(435, 'MDS-SS-4058', 1, 0, 1, 3, 9, '3'),
(436, 'MDS-SS-4058', 1, 0, 1, 3, 15, '37'),
(437, 'MDS-SS-4058', 1, 0, 1, 3, 16, '4'),
(438, 'MDS-SS-4058', 1, 0, 1, 3, 17, '4'),
(439, 'MDS-SS-4058', 1, 0, 1, 3, 18, '4'),
(440, 'MDS-SS-4058', 1, 0, 1, 3, 19, '5'),
(441, 'MDS-SS-3735', 1, 0, 1, 3, 1, '76'),
(442, 'MDS-SS-3735', 1, 0, 1, 3, 6, '5'),
(443, 'MDS-SS-3735', 1, 0, 1, 3, 7, '5'),
(444, 'MDS-SS-3735', 1, 0, 1, 3, 8, '3'),
(445, 'MDS-SS-3735', 1, 0, 1, 3, 9, '4'),
(446, 'MDS-SS-3735', 1, 0, 1, 3, 15, '72'),
(447, 'MDS-SS-3735', 1, 0, 1, 3, 16, '4'),
(448, 'MDS-SS-3735', 1, 0, 1, 3, 17, '5'),
(449, 'MDS-SS-3735', 1, 0, 1, 3, 18, '5'),
(450, 'MDS-SS-3735', 1, 0, 1, 3, 19, '5'),
(451, 'MDS-SS-2477', 1, 0, 1, 3, 1, 'A'),
(452, 'MDS-SS-2477', 1, 0, 1, 3, 6, '3'),
(453, 'MDS-SS-2477', 1, 0, 1, 3, 7, '5'),
(454, 'MDS-SS-2477', 1, 0, 1, 3, 8, '2'),
(455, 'MDS-SS-2477', 1, 0, 1, 3, 9, '0'),
(456, 'MDS-SS-2477', 1, 0, 1, 3, 15, '36'),
(457, 'MDS-SS-2477', 1, 0, 1, 3, 16, '4'),
(458, 'MDS-SS-2477', 1, 0, 1, 3, 17, '4'),
(459, 'MDS-SS-2477', 1, 0, 1, 3, 18, '5'),
(460, 'MDS-SS-2477', 1, 0, 1, 3, 19, '5'),
(461, 'MDS-SS-4084', 1, 0, 1, 3, 1, '79'),
(462, 'MDS-SS-4084', 1, 0, 1, 3, 6, '5'),
(463, 'MDS-SS-4084', 1, 0, 1, 3, 7, '5'),
(464, 'MDS-SS-4084', 1, 0, 1, 3, 8, '2'),
(465, 'MDS-SS-4084', 1, 0, 1, 3, 9, '3'),
(466, 'MDS-SS-4084', 1, 0, 1, 3, 15, '72'),
(467, 'MDS-SS-4084', 1, 0, 1, 3, 16, '5'),
(468, 'MDS-SS-4084', 1, 0, 1, 3, 17, '4'),
(469, 'MDS-SS-4084', 1, 0, 1, 3, 18, '5'),
(470, 'MDS-SS-4084', 1, 0, 1, 3, 19, '5'),
(471, 'MDS-SS-3455', 1, 0, 1, 3, 1, '58'),
(472, 'MDS-SS-3455', 1, 0, 1, 3, 6, '3'),
(473, 'MDS-SS-3455', 1, 0, 1, 3, 7, '3'),
(474, 'MDS-SS-3455', 1, 0, 1, 3, 8, '0'),
(475, 'MDS-SS-3455', 1, 0, 1, 3, 9, '4'),
(476, 'MDS-SS-3455', 1, 0, 1, 3, 15, '48'),
(477, 'MDS-SS-3455', 1, 0, 1, 3, 16, '4'),
(478, 'MDS-SS-3455', 1, 0, 1, 3, 17, '5'),
(479, 'MDS-SS-3455', 1, 0, 1, 3, 18, '5'),
(480, 'MDS-SS-3455', 1, 0, 1, 3, 19, '5'),
(481, 'MDS - SS - 2536', 1, 0, 1, 3, 1, '31'),
(482, 'MDS - SS - 2536', 1, 0, 1, 3, 6, '2'),
(483, 'MDS - SS - 2536', 1, 0, 1, 3, 7, '4'),
(484, 'MDS - SS - 2536', 1, 0, 1, 3, 8, '0'),
(485, 'MDS - SS - 2536', 1, 0, 1, 3, 9, '3'),
(486, 'MDS - SS - 2536', 1, 0, 1, 3, 15, '35'),
(487, 'MDS - SS - 2536', 1, 0, 1, 3, 16, '5'),
(488, 'MDS - SS - 2536', 1, 0, 1, 3, 17, '5'),
(489, 'MDS - SS - 2536', 1, 0, 1, 3, 18, '3'),
(490, 'MDS - SS - 2536', 1, 0, 1, 3, 19, '5'),
(491, 'MDS-SS-2566', 1, 0, 1, 3, 1, '79'),
(492, 'MDS-SS-2566', 1, 0, 1, 3, 6, '5'),
(493, 'MDS-SS-2566', 1, 0, 1, 3, 7, '5'),
(494, 'MDS-SS-2566', 1, 0, 1, 3, 8, '4'),
(495, 'MDS-SS-2566', 1, 0, 1, 3, 9, '4'),
(496, 'MDS-SS-2566', 1, 0, 1, 3, 15, '73'),
(497, 'MDS-SS-2566', 1, 0, 1, 3, 16, '5'),
(498, 'MDS-SS-2566', 1, 0, 1, 3, 17, '5'),
(499, 'MDS-SS-2566', 1, 0, 1, 3, 18, '5'),
(500, 'MDS-SS-2566', 1, 0, 1, 3, 19, '5'),
(501, 'MDS-SS-2504', 1, 0, 1, 3, 1, '78'),
(502, 'MDS-SS-2504', 1, 0, 1, 3, 6, '5'),
(503, 'MDS-SS-2504', 1, 0, 1, 3, 7, '5'),
(504, 'MDS-SS-2504', 1, 0, 1, 3, 8, '4'),
(505, 'MDS-SS-2504', 1, 0, 1, 3, 9, '4'),
(506, 'MDS-SS-2504', 1, 0, 1, 3, 15, '73'),
(507, 'MDS-SS-2504', 1, 0, 1, 3, 16, '5'),
(508, 'MDS-SS-2504', 1, 0, 1, 3, 17, '5'),
(509, 'MDS-SS-2504', 1, 0, 1, 3, 18, '5'),
(510, 'MDS-SS-2504', 1, 0, 1, 3, 19, '5'),
(511, 'MDS-SS-3467', 1, 0, 1, 3, 1, '79'),
(512, 'MDS-SS-3467', 1, 0, 1, 3, 6, '5'),
(513, 'MDS-SS-3467', 1, 0, 1, 3, 7, '5'),
(514, 'MDS-SS-3467', 1, 0, 1, 3, 8, '3'),
(515, 'MDS-SS-3467', 1, 0, 1, 3, 9, '4'),
(516, 'MDS-SS-3467', 1, 0, 1, 3, 15, '70'),
(517, 'MDS-SS-3467', 1, 0, 1, 3, 16, '5'),
(518, 'MDS-SS-3467', 1, 0, 1, 3, 17, '4'),
(519, 'MDS-SS-3467', 1, 0, 1, 3, 18, '5'),
(520, 'MDS-SS-3467', 1, 0, 1, 3, 19, '5'),
(521, 'MDS-SS-3695', 1, 0, 1, 3, 1, '63'),
(522, 'MDS-SS-3695', 1, 0, 1, 3, 6, '4'),
(523, 'MDS-SS-3695', 1, 0, 1, 3, 7, '5'),
(524, 'MDS-SS-3695', 1, 0, 1, 3, 8, '3'),
(525, 'MDS-SS-3695', 1, 0, 1, 3, 9, '3'),
(526, 'MDS-SS-3695', 1, 0, 1, 3, 15, '58'),
(527, 'MDS-SS-3695', 1, 0, 1, 3, 16, '5'),
(528, 'MDS-SS-3695', 1, 0, 1, 3, 17, '4'),
(529, 'MDS-SS-3695', 1, 0, 1, 3, 18, '5'),
(530, 'MDS-SS-3695', 1, 0, 1, 3, 19, '5'),
(531, 'MDS-SS2621', 1, 0, 1, 3, 1, '56'),
(532, 'MDS-SS2621', 1, 0, 1, 3, 6, '4'),
(533, 'MDS-SS2621', 1, 0, 1, 3, 7, '4'),
(534, 'MDS-SS2621', 1, 0, 1, 3, 8, '2'),
(535, 'MDS-SS2621', 1, 0, 1, 3, 9, '4'),
(536, 'MDS-SS2621', 1, 0, 1, 3, 15, '60'),
(537, 'MDS-SS2621', 1, 0, 1, 3, 16, '4'),
(538, 'MDS-SS2621', 1, 0, 1, 3, 17, '4'),
(539, 'MDS-SS2621', 1, 0, 1, 3, 18, '5'),
(540, 'MDS-SS2621', 1, 0, 1, 3, 19, '5'),
(541, 'MDS-SS-4088', 1, 0, 1, 3, 1, '79'),
(542, 'MDS-SS-4088', 1, 0, 1, 3, 6, '5'),
(543, 'MDS-SS-4088', 1, 0, 1, 3, 7, '5'),
(544, 'MDS-SS-4088', 1, 0, 1, 3, 8, '4'),
(545, 'MDS-SS-4088', 1, 0, 1, 3, 9, '5'),
(546, 'MDS-SS-4088', 1, 0, 1, 3, 15, '75'),
(547, 'MDS-SS-4088', 1, 0, 1, 3, 16, '4'),
(548, 'MDS-SS-4088', 1, 0, 1, 3, 17, '4'),
(549, 'MDS-SS-4088', 1, 0, 1, 3, 18, '4'),
(550, 'MDS-SS-4088', 1, 0, 1, 3, 19, '4'),
(551, 'MDS-SS-2539', 1, 0, 1, 3, 1, '54'),
(552, 'MDS-SS-2539', 1, 0, 1, 3, 6, '5'),
(553, 'MDS-SS-2539', 1, 0, 1, 3, 7, '5'),
(554, 'MDS-SS-2539', 1, 0, 1, 3, 8, '3'),
(555, 'MDS-SS-2539', 1, 0, 1, 3, 9, '3'),
(556, 'MDS-SS-2539', 1, 0, 1, 3, 15, '48'),
(557, 'MDS-SS-2539', 1, 0, 1, 3, 16, '4'),
(558, 'MDS-SS-2539', 1, 0, 1, 3, 17, '5'),
(559, 'MDS-SS-2539', 1, 0, 1, 3, 18, '5'),
(560, 'MDS-SS-2539', 1, 0, 1, 3, 19, '5'),
(561, 'MDS-SS-3664', 1, 0, 1, 3, 1, '36'),
(562, 'MDS-SS-3664', 1, 0, 1, 3, 6, '3'),
(563, 'MDS-SS-3664', 1, 0, 1, 3, 7, '5'),
(564, 'MDS-SS-3664', 1, 0, 1, 3, 8, '2'),
(565, 'MDS-SS-3664', 1, 0, 1, 3, 9, '2'),
(566, 'MDS-SS-3664', 1, 0, 1, 3, 15, '35'),
(567, 'MDS-SS-3664', 1, 0, 1, 3, 16, '5'),
(568, 'MDS-SS-3664', 1, 0, 1, 3, 17, '4'),
(569, 'MDS-SS-3664', 1, 0, 1, 3, 18, '4'),
(570, 'MDS-SS-3664', 1, 0, 1, 3, 19, '5'),
(571, 'MDS-SS-4057', 1, 0, 1, 3, 1, '78'),
(572, 'MDS-SS-4057', 1, 0, 1, 3, 6, '4'),
(573, 'MDS-SS-4057', 1, 0, 1, 3, 7, '5'),
(574, 'MDS-SS-4057', 1, 0, 1, 3, 8, '4'),
(575, 'MDS-SS-4057', 1, 0, 1, 3, 9, '4'),
(576, 'MDS-SS-4057', 1, 0, 1, 3, 15, '47'),
(577, 'MDS-SS-4057', 1, 0, 1, 3, 16, '4'),
(578, 'MDS-SS-4057', 1, 0, 1, 3, 17, '5'),
(579, 'MDS-SS-4057', 1, 0, 1, 3, 18, '5'),
(580, 'MDS-SS-4057', 1, 0, 1, 3, 19, '5'),
(581, 'MDS-SS-3476', 1, 0, 1, 3, 1, '60'),
(582, 'MDS-SS-3476', 1, 0, 1, 3, 6, '5'),
(583, 'MDS-SS-3476', 1, 0, 1, 3, 7, '5'),
(584, 'MDS-SS-3476', 1, 0, 1, 3, 8, '2'),
(585, 'MDS-SS-3476', 1, 0, 1, 3, 9, '3'),
(586, 'MDS-SS-3476', 1, 0, 1, 3, 15, '42'),
(587, 'MDS-SS-3476', 1, 0, 1, 3, 16, '4'),
(588, 'MDS-SS-3476', 1, 0, 1, 3, 17, '4'),
(589, 'MDS-SS-3476', 1, 0, 1, 3, 18, '5'),
(590, 'MDS-SS-3476', 1, 0, 1, 3, 19, '5'),
(591, 'MDS-SS-2151', 1, 0, 1, 3, 1, '31'),
(592, 'MDS-SS-2151', 1, 0, 1, 3, 6, '3'),
(593, 'MDS-SS-2151', 1, 0, 1, 3, 7, '3'),
(594, 'MDS-SS-2151', 1, 0, 1, 3, 8, '0'),
(595, 'MDS-SS-2151', 1, 0, 1, 3, 9, '3'),
(596, 'MDS-SS-2151', 1, 0, 1, 3, 15, '32'),
(597, 'MDS-SS-2151', 1, 0, 1, 3, 16, '5'),
(598, 'MDS-SS-2151', 1, 0, 1, 3, 17, '5'),
(599, 'MDS-SS-2151', 1, 0, 1, 3, 18, '4'),
(600, 'MDS-SS-2151', 1, 0, 1, 3, 19, '5'),
(601, 'MDS-SS-2478', 1, 0, 1, 3, 1, '39'),
(602, 'MDS-SS-2478', 1, 0, 1, 3, 6, '2'),
(603, 'MDS-SS-2478', 1, 0, 1, 3, 7, '5'),
(604, 'MDS-SS-2478', 1, 0, 1, 3, 8, '0'),
(605, 'MDS-SS-2478', 1, 0, 1, 3, 9, '4'),
(606, 'MDS-SS-2478', 1, 0, 1, 3, 15, '37'),
(607, 'MDS-SS-2478', 1, 0, 1, 3, 16, '4'),
(608, 'MDS-SS-2478', 1, 0, 1, 3, 17, '4'),
(609, 'MDS-SS-2478', 1, 0, 1, 3, 18, '4'),
(610, 'MDS-SS-2478', 1, 0, 1, 3, 19, '5'),
(611, 'MDS-SS-2532', 1, 0, 1, 3, 1, '33'),
(612, 'MDS-SS-2532', 1, 0, 1, 3, 6, '5'),
(613, 'MDS-SS-2532', 1, 0, 1, 3, 7, '5'),
(614, 'MDS-SS-2532', 1, 0, 1, 3, 8, '1'),
(615, 'MDS-SS-2532', 1, 0, 1, 3, 9, '4'),
(616, 'MDS-SS-2532', 1, 0, 1, 3, 15, '53'),
(617, 'MDS-SS-2532', 1, 0, 1, 3, 16, '4'),
(618, 'MDS-SS-2532', 1, 0, 1, 3, 17, '4'),
(619, 'MDS-SS-2532', 1, 0, 1, 3, 18, '4'),
(620, 'MDS-SS-2532', 1, 0, 1, 3, 19, '4'),
(621, 'MDS-SS-2546', 1, 0, 1, 3, 1, '79'),
(622, 'MDS-SS-2546', 1, 0, 1, 3, 6, '5'),
(623, 'MDS-SS-2546', 1, 0, 1, 3, 7, '4'),
(624, 'MDS-SS-2546', 1, 0, 1, 3, 8, '3'),
(625, 'MDS-SS-2546', 1, 0, 1, 3, 9, '4'),
(626, 'MDS-SS-2546', 1, 0, 1, 3, 15, '73'),
(627, 'MDS-SS-2546', 1, 0, 1, 3, 16, '4'),
(628, 'MDS-SS-2546', 1, 0, 1, 3, 17, '5'),
(629, 'MDS-SS-2546', 1, 0, 1, 3, 18, '5'),
(630, 'MDS-SS-2546', 1, 0, 1, 3, 19, '5'),
(631, 'MDS-SS-3493', 1, 0, 1, 3, 1, '44'),
(632, 'MDS-SS-3493', 1, 0, 1, 3, 6, '2'),
(633, 'MDS-SS-3493', 1, 0, 1, 3, 7, '4'),
(634, 'MDS-SS-3493', 1, 0, 1, 3, 8, '0'),
(635, 'MDS-SS-3493', 1, 0, 1, 3, 9, '3'),
(636, 'MDS-SS-3493', 1, 0, 1, 3, 15, '34'),
(637, 'MDS-SS-3493', 1, 0, 1, 3, 16, '4'),
(638, 'MDS-SS-3493', 1, 0, 1, 3, 17, '5'),
(639, 'MDS-SS-3493', 1, 0, 1, 3, 18, '5'),
(640, 'MDS-SS-3493', 1, 0, 1, 3, 19, '5'),
(641, 'MDS-SS-2738', 1, 0, 1, 3, 1, '52'),
(642, 'MDS-SS-2738', 1, 0, 1, 3, 6, '4'),
(643, 'MDS-SS-2738', 1, 0, 1, 3, 7, '5'),
(644, 'MDS-SS-2738', 1, 0, 1, 3, 8, '0'),
(645, 'MDS-SS-2738', 1, 0, 1, 3, 9, '1'),
(646, 'MDS-SS-2738', 1, 0, 1, 3, 15, '43'),
(647, 'MDS-SS-2738', 1, 0, 1, 3, 16, '4'),
(648, 'MDS-SS-2738', 1, 0, 1, 3, 17, '4'),
(649, 'MDS-SS-2738', 1, 0, 1, 3, 18, '5'),
(650, 'MDS-SS-2738', 1, 0, 1, 3, 19, '5'),
(651, 'MDS-SS-4061', 1, 0, 1, 3, 1, '51'),
(652, 'MDS-SS-4061', 1, 0, 1, 3, 6, '3'),
(653, 'MDS-SS-4061', 1, 0, 1, 3, 7, '5'),
(654, 'MDS-SS-4061', 1, 0, 1, 3, 8, '1'),
(655, 'MDS-SS-4061', 1, 0, 1, 3, 9, '2'),
(656, 'MDS-SS-4061', 1, 0, 1, 3, 15, '51'),
(657, 'MDS-SS-4061', 1, 0, 1, 3, 16, '4'),
(658, 'MDS-SS-4061', 1, 0, 1, 3, 17, '5'),
(659, 'MDS-SS-4061', 1, 0, 1, 3, 18, '4'),
(660, 'MDS-SS-4061', 1, 0, 1, 3, 19, '5'),
(661, 'MDS-SS-2529', 1, 0, 1, 3, 1, '44'),
(662, 'MDS-SS-2529', 1, 0, 1, 3, 6, '5'),
(663, 'MDS-SS-2529', 1, 0, 1, 3, 7, '2'),
(664, 'MDS-SS-2529', 1, 0, 1, 3, 8, '1'),
(665, 'MDS-SS-2529', 1, 0, 1, 3, 9, '3'),
(666, 'MDS-SS-2529', 1, 0, 1, 3, 15, '48'),
(667, 'MDS-SS-2529', 1, 0, 1, 3, 16, '4'),
(668, 'MDS-SS-2529', 1, 0, 1, 3, 17, '5'),
(669, 'MDS-SS-2529', 1, 0, 1, 3, 18, '5'),
(670, 'MDS-SS-2529', 1, 0, 1, 3, 19, '5'),
(671, 'MDS-SS-4118', 1, 0, 1, 3, 1, '62'),
(672, 'MDS-SS-4118', 1, 0, 1, 3, 6, '5'),
(673, 'MDS-SS-4118', 1, 0, 1, 3, 7, '5'),
(674, 'MDS-SS-4118', 1, 0, 1, 3, 8, '4'),
(675, 'MDS-SS-4118', 1, 0, 1, 3, 9, '3'),
(676, 'MDS-SS-4118', 1, 0, 1, 3, 15, '56'),
(677, 'MDS-SS-4118', 1, 0, 1, 3, 16, '4'),
(678, 'MDS-SS-4118', 1, 0, 1, 3, 17, '5'),
(679, 'MDS-SS-4118', 1, 0, 1, 3, 18, '4'),
(680, 'MDS-SS-4118', 1, 0, 1, 3, 19, '5'),
(681, 'MDS-SS-3515', 1, 0, 1, 3, 1, '79'),
(682, 'MDS-SS-3515', 1, 0, 1, 3, 6, '5'),
(683, 'MDS-SS-3515', 1, 0, 1, 3, 7, '5'),
(684, 'MDS-SS-3515', 1, 0, 1, 3, 8, '1'),
(685, 'MDS-SS-3515', 1, 0, 1, 3, 9, '1'),
(686, 'MDS-SS-3515', 1, 0, 1, 3, 15, '75'),
(687, 'MDS-SS-3515', 1, 0, 1, 3, 16, '5'),
(688, 'MDS-SS-3515', 1, 0, 1, 3, 17, '4'),
(689, 'MDS-SS-3515', 1, 0, 1, 3, 18, '5'),
(690, 'MDS-SS-3515', 1, 0, 1, 3, 19, '5'),
(691, 'MDS-SS-3439', 2, 0, 1, 3, 1, '51'),
(692, 'MDS-SS-3439', 2, 0, 1, 3, 6, '2'),
(693, 'MDS-SS-3439', 2, 0, 1, 3, 7, '4'),
(694, 'MDS-SS-3439', 2, 0, 1, 3, 8, '3'),
(695, 'MDS-SS-3439', 2, 0, 1, 3, 9, '4'),
(696, 'MDS-SS-3439', 2, 0, 1, 3, 15, '65'),
(697, 'MDS-SS-3439', 2, 0, 1, 3, 16, '5'),
(698, 'MDS-SS-3439', 2, 0, 1, 3, 17, '5'),
(699, 'MDS-SS-3439', 2, 0, 1, 3, 18, '5'),
(700, 'MDS-SS-3439', 2, 0, 1, 3, 19, '5'),
(701, 'MDS-SS-2281', 2, 0, 1, 3, 1, '67'),
(702, 'MDS-SS-2281', 2, 0, 1, 3, 6, '4'),
(703, 'MDS-SS-2281', 2, 0, 1, 3, 7, '5'),
(704, 'MDS-SS-2281', 2, 0, 1, 3, 8, '4'),
(705, 'MDS-SS-2281', 2, 0, 1, 3, 9, '4'),
(706, 'MDS-SS-2281', 2, 0, 1, 3, 15, '64'),
(707, 'MDS-SS-2281', 2, 0, 1, 3, 16, '5'),
(708, 'MDS-SS-2281', 2, 0, 1, 3, 17, '5'),
(709, 'MDS-SS-2281', 2, 0, 1, 3, 18, '5'),
(710, 'MDS-SS-2281', 2, 0, 1, 3, 19, '5'),
(711, 'MDS-SS-3442', 2, 0, 1, 3, 1, '57'),
(712, 'MDS-SS-3442', 2, 0, 1, 3, 6, '2'),
(713, 'MDS-SS-3442', 2, 0, 1, 3, 7, '3'),
(714, 'MDS-SS-3442', 2, 0, 1, 3, 8, '3'),
(715, 'MDS-SS-3442', 2, 0, 1, 3, 9, '4'),
(716, 'MDS-SS-3442', 2, 0, 1, 3, 15, '70'),
(717, 'MDS-SS-3442', 2, 0, 1, 3, 16, '5'),
(718, 'MDS-SS-3442', 2, 0, 1, 3, 17, '5'),
(719, 'MDS-SS-3442', 2, 0, 1, 3, 18, '5'),
(720, 'MDS-SS-3442', 2, 0, 1, 3, 19, '5'),
(721, 'MDS-SS-2530', 2, 0, 1, 3, 1, '79'),
(722, 'MDS-SS-2530', 2, 0, 1, 3, 6, '5'),
(723, 'MDS-SS-2530', 2, 0, 1, 3, 7, '5'),
(724, 'MDS-SS-2530', 2, 0, 1, 3, 8, '4'),
(725, 'MDS-SS-2530', 2, 0, 1, 3, 9, '5'),
(726, 'MDS-SS-2530', 2, 0, 1, 3, 15, '79'),
(727, 'MDS-SS-2530', 2, 0, 1, 3, 16, '5'),
(728, 'MDS-SS-2530', 2, 0, 1, 3, 17, '5'),
(729, 'MDS-SS-2530', 2, 0, 1, 3, 18, '5'),
(730, 'MDS-SS-2530', 2, 0, 1, 3, 19, '5'),
(731, 'MDS-SS-2157', 2, 0, 1, 3, 1, '55'),
(732, 'MDS-SS-2157', 2, 0, 1, 3, 6, '3'),
(733, 'MDS-SS-2157', 2, 0, 1, 3, 7, '4'),
(734, 'MDS-SS-2157', 2, 0, 1, 3, 8, '3'),
(735, 'MDS-SS-2157', 2, 0, 1, 3, 9, '4'),
(736, 'MDS-SS-2157', 2, 0, 1, 3, 15, '69'),
(737, 'MDS-SS-2157', 2, 0, 1, 3, 16, '5'),
(738, 'MDS-SS-2157', 2, 0, 1, 3, 17, '5'),
(739, 'MDS-SS-2157', 2, 0, 1, 3, 18, '5'),
(740, 'MDS-SS-2157', 2, 0, 1, 3, 19, '5'),
(741, 'MDS-SS-2778', 2, 0, 1, 3, 1, '78'),
(742, 'MDS-SS-2778', 2, 0, 1, 3, 6, '5'),
(743, 'MDS-SS-2778', 2, 0, 1, 3, 7, '5'),
(744, 'MDS-SS-2778', 2, 0, 1, 3, 8, '4'),
(745, 'MDS-SS-2778', 2, 0, 1, 3, 9, '4'),
(746, 'MDS-SS-2778', 2, 0, 1, 3, 15, '75'),
(747, 'MDS-SS-2778', 2, 0, 1, 3, 16, '5'),
(748, 'MDS-SS-2778', 2, 0, 1, 3, 17, '5'),
(749, 'MDS-SS-2778', 2, 0, 1, 3, 18, '5'),
(750, 'MDS-SS-2778', 2, 0, 1, 3, 19, '5'),
(751, 'MDS-SS-4058', 2, 0, 1, 3, 1, '64'),
(752, 'MDS-SS-4058', 2, 0, 1, 3, 6, '5'),
(753, 'MDS-SS-4058', 2, 0, 1, 3, 7, '3'),
(754, 'MDS-SS-4058', 2, 0, 1, 3, 8, '4'),
(755, 'MDS-SS-4058', 2, 0, 1, 3, 9, '5'),
(756, 'MDS-SS-4058', 2, 0, 1, 3, 15, '72'),
(757, 'MDS-SS-4058', 2, 0, 1, 3, 16, '5'),
(758, 'MDS-SS-4058', 2, 0, 1, 3, 17, '5'),
(759, 'MDS-SS-4058', 2, 0, 1, 3, 18, '5'),
(760, 'MDS-SS-4058', 2, 0, 1, 3, 19, '5'),
(761, 'MDS-SS-3735', 2, 0, 1, 3, 1, '77'),
(762, 'MDS-SS-3735', 2, 0, 1, 3, 6, '5'),
(763, 'MDS-SS-3735', 2, 0, 1, 3, 7, '5'),
(764, 'MDS-SS-3735', 2, 0, 1, 3, 8, '4'),
(765, 'MDS-SS-3735', 2, 0, 1, 3, 9, '5'),
(766, 'MDS-SS-3735', 2, 0, 1, 3, 15, '78'),
(767, 'MDS-SS-3735', 2, 0, 1, 3, 16, '5'),
(768, 'MDS-SS-3735', 2, 0, 1, 3, 17, '5'),
(769, 'MDS-SS-3735', 2, 0, 1, 3, 18, '5'),
(770, 'MDS-SS-3735', 2, 0, 1, 3, 19, '5'),
(771, 'MDS-SS-2477', 2, 0, 1, 3, 1, '64'),
(772, 'MDS-SS-2477', 2, 0, 1, 3, 6, '4'),
(773, 'MDS-SS-2477', 2, 0, 1, 3, 7, '5'),
(774, 'MDS-SS-2477', 2, 0, 1, 3, 8, '4'),
(775, 'MDS-SS-2477', 2, 0, 1, 3, 9, '4'),
(776, 'MDS-SS-2477', 2, 0, 1, 3, 15, '70'),
(777, 'MDS-SS-2477', 2, 0, 1, 3, 16, '5'),
(778, 'MDS-SS-2477', 2, 0, 1, 3, 17, '5'),
(779, 'MDS-SS-2477', 2, 0, 1, 3, 18, '5'),
(780, 'MDS-SS-2477', 2, 0, 1, 3, 19, '5'),
(781, 'MDS-SS-4084', 2, 0, 1, 3, 1, '76'),
(782, 'MDS-SS-4084', 2, 0, 1, 3, 6, '5'),
(783, 'MDS-SS-4084', 2, 0, 1, 3, 7, '5'),
(784, 'MDS-SS-4084', 2, 0, 1, 3, 8, '5'),
(785, 'MDS-SS-4084', 2, 0, 1, 3, 9, '5'),
(786, 'MDS-SS-4084', 2, 0, 1, 3, 15, '78'),
(787, 'MDS-SS-4084', 2, 0, 1, 3, 16, '5'),
(788, 'MDS-SS-4084', 2, 0, 1, 3, 17, '5'),
(789, 'MDS-SS-4084', 2, 0, 1, 3, 18, '5'),
(790, 'MDS-SS-4084', 2, 0, 1, 3, 19, '5'),
(791, 'MDS-SS-3455', 2, 0, 1, 3, 1, '50'),
(792, 'MDS-SS-3455', 2, 0, 1, 3, 6, '2'),
(793, 'MDS-SS-3455', 2, 0, 1, 3, 7, '3'),
(794, 'MDS-SS-3455', 2, 0, 1, 3, 8, '5'),
(795, 'MDS-SS-3455', 2, 0, 1, 3, 9, '4'),
(796, 'MDS-SS-3455', 2, 0, 1, 3, 15, '67'),
(797, 'MDS-SS-3455', 2, 0, 1, 3, 16, '5'),
(798, 'MDS-SS-3455', 2, 0, 1, 3, 17, '5'),
(799, 'MDS-SS-3455', 2, 0, 1, 3, 18, '5'),
(800, 'MDS-SS-3455', 2, 0, 1, 3, 19, '5'),
(801, 'MDS - SS - 2536', 2, 0, 1, 3, 1, '53'),
(802, 'MDS - SS - 2536', 2, 0, 1, 3, 6, '2'),
(803, 'MDS - SS - 2536', 2, 0, 1, 3, 7, '3'),
(804, 'MDS - SS - 2536', 2, 0, 1, 3, 8, '3'),
(805, 'MDS - SS - 2536', 2, 0, 1, 3, 9, '5'),
(806, 'MDS - SS - 2536', 2, 0, 1, 3, 15, '61'),
(807, 'MDS - SS - 2536', 2, 0, 1, 3, 16, '5'),
(808, 'MDS - SS - 2536', 2, 0, 1, 3, 17, '5'),
(809, 'MDS - SS - 2536', 2, 0, 1, 3, 18, '5'),
(810, 'MDS - SS - 2536', 2, 0, 1, 3, 19, '5'),
(811, 'MDS-SS-2566', 2, 0, 1, 3, 1, '79'),
(812, 'MDS-SS-2566', 2, 0, 1, 3, 6, '5'),
(813, 'MDS-SS-2566', 2, 0, 1, 3, 7, '4'),
(814, 'MDS-SS-2566', 2, 0, 1, 3, 8, '5'),
(815, 'MDS-SS-2566', 2, 0, 1, 3, 9, '5'),
(816, 'MDS-SS-2566', 2, 0, 1, 3, 15, '79'),
(817, 'MDS-SS-2566', 2, 0, 1, 3, 16, '5'),
(818, 'MDS-SS-2566', 2, 0, 1, 3, 17, '5'),
(819, 'MDS-SS-2566', 2, 0, 1, 3, 18, '5'),
(820, 'MDS-SS-2566', 2, 0, 1, 3, 19, '5'),
(821, 'MDS-SS-2504', 2, 0, 1, 3, 1, '78'),
(822, 'MDS-SS-2504', 2, 0, 1, 3, 6, '5'),
(823, 'MDS-SS-2504', 2, 0, 1, 3, 7, '4'),
(824, 'MDS-SS-2504', 2, 0, 1, 3, 8, '5'),
(825, 'MDS-SS-2504', 2, 0, 1, 3, 9, '5'),
(826, 'MDS-SS-2504', 2, 0, 1, 3, 15, '79'),
(827, 'MDS-SS-2504', 2, 0, 1, 3, 16, '5'),
(828, 'MDS-SS-2504', 2, 0, 1, 3, 17, '5'),
(829, 'MDS-SS-2504', 2, 0, 1, 3, 18, '5'),
(830, 'MDS-SS-2504', 2, 0, 1, 3, 19, '5'),
(831, 'MDS-SS-3467', 2, 0, 1, 3, 1, '79'),
(832, 'MDS-SS-3467', 2, 0, 1, 3, 6, '5'),
(833, 'MDS-SS-3467', 2, 0, 1, 3, 7, '5'),
(834, 'MDS-SS-3467', 2, 0, 1, 3, 8, '5'),
(835, 'MDS-SS-3467', 2, 0, 1, 3, 9, '5'),
(836, 'MDS-SS-3467', 2, 0, 1, 3, 15, '79'),
(837, 'MDS-SS-3467', 2, 0, 1, 3, 16, '5'),
(838, 'MDS-SS-3467', 2, 0, 1, 3, 17, '5'),
(839, 'MDS-SS-3467', 2, 0, 1, 3, 18, '5'),
(840, 'MDS-SS-3467', 2, 0, 1, 3, 19, '5'),
(841, 'MDS-SS-3695', 2, 0, 1, 3, 1, '66'),
(842, 'MDS-SS-3695', 2, 0, 1, 3, 6, '3'),
(843, 'MDS-SS-3695', 2, 0, 1, 3, 7, '5'),
(844, 'MDS-SS-3695', 2, 0, 1, 3, 8, '4'),
(845, 'MDS-SS-3695', 2, 0, 1, 3, 9, '5'),
(846, 'MDS-SS-3695', 2, 0, 1, 3, 15, '71'),
(847, 'MDS-SS-3695', 2, 0, 1, 3, 16, '5'),
(848, 'MDS-SS-3695', 2, 0, 1, 3, 17, '5'),
(849, 'MDS-SS-3695', 2, 0, 1, 3, 18, '5'),
(850, 'MDS-SS-3695', 2, 0, 1, 3, 19, '5'),
(851, 'MDS-SS2621', 2, 0, 1, 3, 1, '61'),
(852, 'MDS-SS2621', 2, 0, 1, 3, 6, '4'),
(853, 'MDS-SS2621', 2, 0, 1, 3, 7, '3'),
(854, 'MDS-SS2621', 2, 0, 1, 3, 8, '4'),
(855, 'MDS-SS2621', 2, 0, 1, 3, 9, '5'),
(856, 'MDS-SS2621', 2, 0, 1, 3, 15, '69'),
(857, 'MDS-SS2621', 2, 0, 1, 3, 16, '5'),
(858, 'MDS-SS2621', 2, 0, 1, 3, 17, '5'),
(859, 'MDS-SS2621', 2, 0, 1, 3, 18, '4'),
(860, 'MDS-SS2621', 2, 0, 1, 3, 19, '5'),
(861, 'MDS-SS-4088', 2, 0, 1, 3, 1, '78'),
(862, 'MDS-SS-4088', 2, 0, 1, 3, 6, '5'),
(863, 'MDS-SS-4088', 2, 0, 1, 3, 7, '5'),
(864, 'MDS-SS-4088', 2, 0, 1, 3, 8, '5'),
(865, 'MDS-SS-4088', 2, 0, 1, 3, 9, '5'),
(866, 'MDS-SS-4088', 2, 0, 1, 3, 15, '79'),
(867, 'MDS-SS-4088', 2, 0, 1, 3, 16, '5'),
(868, 'MDS-SS-4088', 2, 0, 1, 3, 17, '5'),
(869, 'MDS-SS-4088', 2, 0, 1, 3, 18, '5'),
(870, 'MDS-SS-4088', 2, 0, 1, 3, 19, '4'),
(871, 'MDS-SS-2539', 2, 0, 1, 3, 1, '67'),
(872, 'MDS-SS-2539', 2, 0, 1, 3, 6, '4'),
(873, 'MDS-SS-2539', 2, 0, 1, 3, 7, '5'),
(874, 'MDS-SS-2539', 2, 0, 1, 3, 8, '4'),
(875, 'MDS-SS-2539', 2, 0, 1, 3, 9, '5'),
(876, 'MDS-SS-2539', 2, 0, 1, 3, 15, '70'),
(877, 'MDS-SS-2539', 2, 0, 1, 3, 16, '5'),
(878, 'MDS-SS-2539', 2, 0, 1, 3, 17, '5'),
(879, 'MDS-SS-2539', 2, 0, 1, 3, 18, '5'),
(880, 'MDS-SS-2539', 2, 0, 1, 3, 19, '5'),
(881, 'MDS-SS-3664', 2, 0, 1, 3, 1, '64'),
(882, 'MDS-SS-3664', 2, 0, 1, 3, 6, '4'),
(883, 'MDS-SS-3664', 2, 0, 1, 3, 7, '4'),
(884, 'MDS-SS-3664', 2, 0, 1, 3, 8, '4'),
(885, 'MDS-SS-3664', 2, 0, 1, 3, 9, '5'),
(886, 'MDS-SS-3664', 2, 0, 1, 3, 15, '69'),
(887, 'MDS-SS-3664', 2, 0, 1, 3, 16, '5'),
(888, 'MDS-SS-3664', 2, 0, 1, 3, 17, '5'),
(889, 'MDS-SS-3664', 2, 0, 1, 3, 18, '5'),
(890, 'MDS-SS-3664', 2, 0, 1, 3, 19, '5'),
(891, 'MDS-SS-4057', 2, 0, 1, 3, 1, '75'),
(892, 'MDS-SS-4057', 2, 0, 1, 3, 6, '4'),
(893, 'MDS-SS-4057', 2, 0, 1, 3, 7, '5'),
(894, 'MDS-SS-4057', 2, 0, 1, 3, 8, '4'),
(895, 'MDS-SS-4057', 2, 0, 1, 3, 9, '5'),
(896, 'MDS-SS-4057', 2, 0, 1, 3, 15, '69'),
(897, 'MDS-SS-4057', 2, 0, 1, 3, 16, '5'),
(898, 'MDS-SS-4057', 2, 0, 1, 3, 17, '5'),
(899, 'MDS-SS-4057', 2, 0, 1, 3, 18, '5'),
(900, 'MDS-SS-4057', 2, 0, 1, 3, 19, '5'),
(901, 'MDS-SS-3476', 2, 0, 1, 3, 1, '70'),
(902, 'MDS-SS-3476', 2, 0, 1, 3, 6, '5'),
(903, 'MDS-SS-3476', 2, 0, 1, 3, 7, '5'),
(904, 'MDS-SS-3476', 2, 0, 1, 3, 8, '4'),
(905, 'MDS-SS-3476', 2, 0, 1, 3, 9, '5'),
(906, 'MDS-SS-3476', 2, 0, 1, 3, 15, '76'),
(907, 'MDS-SS-3476', 2, 0, 1, 3, 16, '5'),
(908, 'MDS-SS-3476', 2, 0, 1, 3, 17, '5'),
(909, 'MDS-SS-3476', 2, 0, 1, 3, 18, '5'),
(910, 'MDS-SS-3476', 2, 0, 1, 3, 19, '5'),
(911, 'MDS-SS-2151', 2, 0, 1, 3, 1, '38'),
(912, 'MDS-SS-2151', 2, 0, 1, 3, 6, '2'),
(913, 'MDS-SS-2151', 2, 0, 1, 3, 7, '4'),
(914, 'MDS-SS-2151', 2, 0, 1, 3, 8, '2'),
(915, 'MDS-SS-2151', 2, 0, 1, 3, 9, '5'),
(916, 'MDS-SS-2151', 2, 0, 1, 3, 15, '46'),
(917, 'MDS-SS-2151', 2, 0, 1, 3, 16, '5'),
(918, 'MDS-SS-2151', 2, 0, 1, 3, 17, '5'),
(919, 'MDS-SS-2151', 2, 0, 1, 3, 18, '5'),
(920, 'MDS-SS-2151', 2, 0, 1, 3, 19, '5'),
(921, 'MDS-SS-2478', 2, 0, 1, 3, 1, '39'),
(922, 'MDS-SS-2478', 2, 0, 1, 3, 6, '2'),
(923, 'MDS-SS-2478', 2, 0, 1, 3, 7, '2'),
(924, 'MDS-SS-2478', 2, 0, 1, 3, 8, '3'),
(925, 'MDS-SS-2478', 2, 0, 1, 3, 9, '5'),
(926, 'MDS-SS-2478', 2, 0, 1, 3, 15, '54'),
(927, 'MDS-SS-2478', 2, 0, 1, 3, 16, '5'),
(928, 'MDS-SS-2478', 2, 0, 1, 3, 17, '5'),
(929, 'MDS-SS-2478', 2, 0, 1, 3, 18, '5'),
(930, 'MDS-SS-2478', 2, 0, 1, 3, 19, '5'),
(931, 'MDS-SS-2532', 2, 0, 1, 3, 1, '63'),
(932, 'MDS-SS-2532', 2, 0, 1, 3, 6, '3'),
(933, 'MDS-SS-2532', 2, 0, 1, 3, 7, '5'),
(934, 'MDS-SS-2532', 2, 0, 1, 3, 8, '5'),
(935, 'MDS-SS-2532', 2, 0, 1, 3, 9, '5'),
(936, 'MDS-SS-2532', 2, 0, 1, 3, 15, '69'),
(937, 'MDS-SS-2532', 2, 0, 1, 3, 16, '5'),
(938, 'MDS-SS-2532', 2, 0, 1, 3, 17, '5'),
(939, 'MDS-SS-2532', 2, 0, 1, 3, 18, '5'),
(940, 'MDS-SS-2532', 2, 0, 1, 3, 19, '5'),
(941, 'MDS-SS-2546', 2, 0, 1, 3, 1, '80'),
(942, 'MDS-SS-2546', 2, 0, 1, 3, 6, '5'),
(943, 'MDS-SS-2546', 2, 0, 1, 3, 7, '5'),
(944, 'MDS-SS-2546', 2, 0, 1, 3, 8, '5'),
(945, 'MDS-SS-2546', 2, 0, 1, 3, 9, '5'),
(946, 'MDS-SS-2546', 2, 0, 1, 3, 15, '55'),
(947, 'MDS-SS-2546', 2, 0, 1, 3, 16, '5'),
(948, 'MDS-SS-2546', 2, 0, 1, 3, 17, '5'),
(949, 'MDS-SS-2546', 2, 0, 1, 3, 18, '5'),
(950, 'MDS-SS-2546', 2, 0, 1, 3, 19, '5'),
(951, 'MDS-SS-3493', 2, 0, 1, 3, 1, '52'),
(952, 'MDS-SS-3493', 2, 0, 1, 3, 6, '2'),
(953, 'MDS-SS-3493', 2, 0, 1, 3, 7, '3'),
(954, 'MDS-SS-3493', 2, 0, 1, 3, 8, '3'),
(955, 'MDS-SS-3493', 2, 0, 1, 3, 9, '5'),
(956, 'MDS-SS-3493', 2, 0, 1, 3, 15, '76'),
(957, 'MDS-SS-3493', 2, 0, 1, 3, 16, '5'),
(958, 'MDS-SS-3493', 2, 0, 1, 3, 17, '5'),
(959, 'MDS-SS-3493', 2, 0, 1, 3, 18, '5'),
(960, 'MDS-SS-3493', 2, 0, 1, 3, 19, '5'),
(961, 'MDS-SS-2738', 2, 0, 1, 3, 1, '63'),
(962, 'MDS-SS-2738', 2, 0, 1, 3, 6, '3'),
(963, 'MDS-SS-2738', 2, 0, 1, 3, 7, '4'),
(964, 'MDS-SS-2738', 2, 0, 1, 3, 8, '3'),
(965, 'MDS-SS-2738', 2, 0, 1, 3, 9, '5'),
(966, 'MDS-SS-2738', 2, 0, 1, 3, 15, '59'),
(967, 'MDS-SS-2738', 2, 0, 1, 3, 16, '5'),
(968, 'MDS-SS-2738', 2, 0, 1, 3, 17, '5'),
(969, 'MDS-SS-2738', 2, 0, 1, 3, 18, '5'),
(970, 'MDS-SS-2738', 2, 0, 1, 3, 19, '5'),
(971, 'MDS-SS-4061', 2, 0, 1, 3, 1, '64'),
(972, 'MDS-SS-4061', 2, 0, 1, 3, 6, '4'),
(973, 'MDS-SS-4061', 2, 0, 1, 3, 7, '5'),
(974, 'MDS-SS-4061', 2, 0, 1, 3, 8, '4'),
(975, 'MDS-SS-4061', 2, 0, 1, 3, 9, '5'),
(976, 'MDS-SS-4061', 2, 0, 1, 3, 15, '66'),
(977, 'MDS-SS-4061', 2, 0, 1, 3, 16, '5'),
(978, 'MDS-SS-4061', 2, 0, 1, 3, 17, '5'),
(979, 'MDS-SS-4061', 2, 0, 1, 3, 18, '5'),
(980, 'MDS-SS-4061', 2, 0, 1, 3, 19, '5'),
(981, 'MDS-SS-2529', 2, 0, 1, 3, 1, '63'),
(982, 'MDS-SS-2529', 2, 0, 1, 3, 6, '4'),
(983, 'MDS-SS-2529', 2, 0, 1, 3, 7, '5'),
(984, 'MDS-SS-2529', 2, 0, 1, 3, 8, '3'),
(985, 'MDS-SS-2529', 2, 0, 1, 3, 9, '5'),
(986, 'MDS-SS-2529', 2, 0, 1, 3, 15, '73'),
(987, 'MDS-SS-2529', 2, 0, 1, 3, 16, '5'),
(988, 'MDS-SS-2529', 2, 0, 1, 3, 17, '5'),
(989, 'MDS-SS-2529', 2, 0, 1, 3, 18, '5'),
(990, 'MDS-SS-2529', 2, 0, 1, 3, 19, '4'),
(991, 'MDS-SS-4118', 2, 0, 1, 3, 1, '53'),
(992, 'MDS-SS-4118', 2, 0, 1, 3, 6, '1'),
(993, 'MDS-SS-4118', 2, 0, 1, 3, 7, '3'),
(994, 'MDS-SS-4118', 2, 0, 1, 3, 8, '1'),
(995, 'MDS-SS-4118', 2, 0, 1, 3, 9, '5'),
(996, 'MDS-SS-4118', 2, 0, 1, 3, 15, '43'),
(997, 'MDS-SS-4118', 2, 0, 1, 3, 16, '4'),
(998, 'MDS-SS-4118', 2, 0, 1, 3, 17, '4'),
(999, 'MDS-SS-4118', 2, 0, 1, 3, 18, '5'),
(1000, 'MDS-SS-4118', 2, 0, 1, 3, 19, '4'),
(1001, 'MDS-SS-3515', 2, 0, 1, 3, 1, '79'),
(1002, 'MDS-SS-3515', 2, 0, 1, 3, 6, '5'),
(1003, 'MDS-SS-3515', 2, 0, 1, 3, 7, '5'),
(1004, 'MDS-SS-3515', 2, 0, 1, 3, 8, '5'),
(1005, 'MDS-SS-3515', 2, 0, 1, 3, 9, '5'),
(1006, 'MDS-SS-3515', 2, 0, 1, 3, 15, '78'),
(1007, 'MDS-SS-3515', 2, 0, 1, 3, 16, '5'),
(1008, 'MDS-SS-3515', 2, 0, 1, 3, 17, '5'),
(1009, 'MDS-SS-3515', 2, 0, 1, 3, 18, '5'),
(1010, 'MDS-SS-3515', 2, 0, 1, 3, 19, '5'),
(1011, 'MDS-SS-3439', 1, 0, 1, 1, 1, '21'),
(1012, 'MDS-SS-3439', 1, 0, 1, 1, 2, '3'),
(1013, 'MDS-SS-3439', 1, 0, 1, 1, 3, '3'),
(1014, 'MDS-SS-3439', 1, 0, 1, 1, 4, '3'),
(1015, 'MDS-SS-3439', 1, 0, 1, 1, 5, '3'),
(1016, 'MDS-SS-2281', 1, 0, 1, 1, 1, '19'),
(1017, 'MDS-SS-2281', 1, 0, 1, 1, 2, '3'),
(1018, 'MDS-SS-2281', 1, 0, 1, 1, 3, '3'),
(1019, 'MDS-SS-2281', 1, 0, 1, 1, 4, '3'),
(1020, 'MDS-SS-2281', 1, 0, 1, 1, 5, '3'),
(1021, 'MDS-SS-3442', 1, 0, 1, 1, 1, '19'),
(1022, 'MDS-SS-3442', 1, 0, 1, 1, 2, '5'),
(1023, 'MDS-SS-3442', 1, 0, 1, 1, 3, '5'),
(1024, 'MDS-SS-3442', 1, 0, 1, 1, 4, '4'),
(1025, 'MDS-SS-3442', 1, 0, 1, 1, 5, '5'),
(1026, 'MDS-SS-2530', 1, 0, 1, 1, 1, '28'),
(1027, 'MDS-SS-2530', 1, 0, 1, 1, 2, '4'),
(1028, 'MDS-SS-2530', 1, 0, 1, 1, 3, '4'),
(1029, 'MDS-SS-2530', 1, 0, 1, 1, 4, '5'),
(1030, 'MDS-SS-2530', 1, 0, 1, 1, 5, '5'),
(1031, 'MDS-SS-2157', 1, 0, 1, 1, 1, '26'),
(1032, 'MDS-SS-2157', 1, 0, 1, 1, 2, '4'),
(1033, 'MDS-SS-2157', 1, 0, 1, 1, 3, '3'),
(1034, 'MDS-SS-2157', 1, 0, 1, 1, 4, '3'),
(1035, 'MDS-SS-2157', 1, 0, 1, 1, 5, '3'),
(1036, 'MDS-SS-2778', 1, 0, 1, 1, 1, '26'),
(1037, 'MDS-SS-2778', 1, 0, 1, 1, 2, '5'),
(1038, 'MDS-SS-2778', 1, 0, 1, 1, 3, '5'),
(1039, 'MDS-SS-2778', 1, 0, 1, 1, 4, '4'),
(1040, 'MDS-SS-2778', 1, 0, 1, 1, 5, '5'),
(1041, 'MDS-SS-4058', 1, 0, 1, 1, 1, '20'),
(1042, 'MDS-SS-4058', 1, 0, 1, 1, 2, '5'),
(1043, 'MDS-SS-4058', 1, 0, 1, 1, 3, '5'),
(1044, 'MDS-SS-4058', 1, 0, 1, 1, 4, '5'),
(1045, 'MDS-SS-4058', 1, 0, 1, 1, 5, '5'),
(1046, 'MDS-SS-3735', 1, 0, 1, 1, 1, '28'),
(1047, 'MDS-SS-3735', 1, 0, 1, 1, 2, '5'),
(1048, 'MDS-SS-3735', 1, 0, 1, 1, 3, '5'),
(1049, 'MDS-SS-3735', 1, 0, 1, 1, 4, '5'),
(1050, 'MDS-SS-3735', 1, 0, 1, 1, 5, '5'),
(1051, 'MDS-SS-2477', 1, 0, 1, 1, 1, '20'),
(1052, 'MDS-SS-2477', 1, 0, 1, 1, 2, '5'),
(1053, 'MDS-SS-2477', 1, 0, 1, 1, 3, '5'),
(1054, 'MDS-SS-2477', 1, 0, 1, 1, 4, '5'),
(1055, 'MDS-SS-2477', 1, 0, 1, 1, 5, '5'),
(1056, 'MDS-SS-4084', 1, 0, 1, 1, 1, '22'),
(1057, 'MDS-SS-4084', 1, 0, 1, 1, 2, '4'),
(1058, 'MDS-SS-4084', 1, 0, 1, 1, 3, '3'),
(1059, 'MDS-SS-4084', 1, 0, 1, 1, 4, '3'),
(1060, 'MDS-SS-4084', 1, 0, 1, 1, 5, '3'),
(1061, 'MDS-SS-3455', 1, 0, 1, 1, 1, '17'),
(1062, 'MDS-SS-3455', 1, 0, 1, 1, 2, '4'),
(1063, 'MDS-SS-3455', 1, 0, 1, 1, 3, '4'),
(1064, 'MDS-SS-3455', 1, 0, 1, 1, 4, '4'),
(1065, 'MDS-SS-3455', 1, 0, 1, 1, 5, '4'),
(1066, 'MDS - SS - 2536', 1, 0, 1, 1, 1, '0'),
(1067, 'MDS - SS - 2536', 1, 0, 1, 1, 2, '0'),
(1068, 'MDS - SS - 2536', 1, 0, 1, 1, 3, '0'),
(1069, 'MDS - SS - 2536', 1, 0, 1, 1, 4, '0'),
(1070, 'MDS - SS - 2536', 1, 0, 1, 1, 5, '0'),
(1071, 'MDS-SS-2566', 1, 0, 1, 1, 1, '29'),
(1072, 'MDS-SS-2566', 1, 0, 1, 1, 2, '5'),
(1073, 'MDS-SS-2566', 1, 0, 1, 1, 3, '5'),
(1074, 'MDS-SS-2566', 1, 0, 1, 1, 4, '5'),
(1075, 'MDS-SS-2566', 1, 0, 1, 1, 5, '5'),
(1076, 'MDS-SS-2504', 1, 0, 1, 1, 1, '29'),
(1077, 'MDS-SS-2504', 1, 0, 1, 1, 2, '5'),
(1078, 'MDS-SS-2504', 1, 0, 1, 1, 3, '5'),
(1079, 'MDS-SS-2504', 1, 0, 1, 1, 4, '5'),
(1080, 'MDS-SS-2504', 1, 0, 1, 1, 5, '5'),
(1081, 'MDS-SS-3467', 1, 0, 1, 1, 1, '29'),
(1082, 'MDS-SS-3467', 1, 0, 1, 1, 2, '5'),
(1083, 'MDS-SS-3467', 1, 0, 1, 1, 3, '5'),
(1084, 'MDS-SS-3467', 1, 0, 1, 1, 4, '5'),
(1085, 'MDS-SS-3467', 1, 0, 1, 1, 5, '5'),
(1086, 'MDS-SS-3695', 1, 0, 1, 1, 1, '23'),
(1087, 'MDS-SS-3695', 1, 0, 1, 1, 2, '5'),
(1088, 'MDS-SS-3695', 1, 0, 1, 1, 3, '5'),
(1089, 'MDS-SS-3695', 1, 0, 1, 1, 4, '4'),
(1090, 'MDS-SS-3695', 1, 0, 1, 1, 5, '5'),
(1091, 'MDS-SS2621', 1, 0, 1, 1, 1, '20'),
(1092, 'MDS-SS2621', 1, 0, 1, 1, 2, '4'),
(1093, 'MDS-SS2621', 1, 0, 1, 1, 3, '4'),
(1094, 'MDS-SS2621', 1, 0, 1, 1, 4, '4'),
(1095, 'MDS-SS2621', 1, 0, 1, 1, 5, '4'),
(1096, 'MDS-SS-4088', 1, 0, 1, 1, 1, '28'),
(1097, 'MDS-SS-4088', 1, 0, 1, 1, 2, '5'),
(1098, 'MDS-SS-4088', 1, 0, 1, 1, 3, '5'),
(1099, 'MDS-SS-4088', 1, 0, 1, 1, 4, '5'),
(1100, 'MDS-SS-4088', 1, 0, 1, 1, 5, '5'),
(1101, 'MDS-SS-2539', 1, 0, 1, 1, 1, '25'),
(1102, 'MDS-SS-2539', 1, 0, 1, 1, 2, '4'),
(1103, 'MDS-SS-2539', 1, 0, 1, 1, 3, '4'),
(1104, 'MDS-SS-2539', 1, 0, 1, 1, 4, '4'),
(1105, 'MDS-SS-2539', 1, 0, 1, 1, 5, '4'),
(1106, 'MDS-SS-3664', 1, 0, 1, 1, 1, '22'),
(1107, 'MDS-SS-3664', 1, 0, 1, 1, 2, '5'),
(1108, 'MDS-SS-3664', 1, 0, 1, 1, 3, '5'),
(1109, 'MDS-SS-3664', 1, 0, 1, 1, 4, '4'),
(1110, 'MDS-SS-3664', 1, 0, 1, 1, 5, '5'),
(1111, 'MDS-SS-4057', 1, 0, 1, 1, 1, '26'),
(1112, 'MDS-SS-4057', 1, 0, 1, 1, 2, '5'),
(1113, 'MDS-SS-4057', 1, 0, 1, 1, 3, '5'),
(1114, 'MDS-SS-4057', 1, 0, 1, 1, 4, '3'),
(1115, 'MDS-SS-4057', 1, 0, 1, 1, 5, '5'),
(1116, 'MDS-SS-3476', 1, 0, 1, 1, 1, '24'),
(1117, 'MDS-SS-3476', 1, 0, 1, 1, 2, '3'),
(1118, 'MDS-SS-3476', 1, 0, 1, 1, 3, '3'),
(1119, 'MDS-SS-3476', 1, 0, 1, 1, 4, '4'),
(1120, 'MDS-SS-3476', 1, 0, 1, 1, 5, '4'),
(1121, 'MDS-SS-2151', 1, 0, 1, 1, 1, 'A'),
(1122, 'MDS-SS-2151', 1, 0, 1, 1, 2, 'A'),
(1123, 'MDS-SS-2151', 1, 0, 1, 1, 3, 'A'),
(1124, 'MDS-SS-2151', 1, 0, 1, 1, 4, 'A'),
(1125, 'MDS-SS-2151', 1, 0, 1, 1, 5, 'A'),
(1126, 'MDS-SS-2478', 1, 0, 1, 1, 1, '23'),
(1127, 'MDS-SS-2478', 1, 0, 1, 1, 2, '4'),
(1128, 'MDS-SS-2478', 1, 0, 1, 1, 3, '4'),
(1129, 'MDS-SS-2478', 1, 0, 1, 1, 4, '4'),
(1130, 'MDS-SS-2478', 1, 0, 1, 1, 5, '4'),
(1131, 'MDS-SS-2532', 1, 0, 1, 1, 1, '17'),
(1132, 'MDS-SS-2532', 1, 0, 1, 1, 2, '3'),
(1133, 'MDS-SS-2532', 1, 0, 1, 1, 3, '3'),
(1134, 'MDS-SS-2532', 1, 0, 1, 1, 4, '3'),
(1135, 'MDS-SS-2532', 1, 0, 1, 1, 5, '3'),
(1136, 'MDS-SS-2546', 1, 0, 1, 1, 1, '20'),
(1137, 'MDS-SS-2546', 1, 0, 1, 1, 2, '5'),
(1138, 'MDS-SS-2546', 1, 0, 1, 1, 3, '5'),
(1139, 'MDS-SS-2546', 1, 0, 1, 1, 4, '3'),
(1140, 'MDS-SS-2546', 1, 0, 1, 1, 5, '5'),
(1141, 'MDS-SS-3493', 1, 0, 1, 1, 1, '21'),
(1142, 'MDS-SS-3493', 1, 0, 1, 1, 2, '3'),
(1143, 'MDS-SS-3493', 1, 0, 1, 1, 3, '3'),
(1144, 'MDS-SS-3493', 1, 0, 1, 1, 4, '3'),
(1145, 'MDS-SS-3493', 1, 0, 1, 1, 5, '3'),
(1146, 'MDS-SS-2738', 1, 0, 1, 1, 1, '22'),
(1147, 'MDS-SS-2738', 1, 0, 1, 1, 2, '4'),
(1148, 'MDS-SS-2738', 1, 0, 1, 1, 3, '4'),
(1149, 'MDS-SS-2738', 1, 0, 1, 1, 4, '4'),
(1150, 'MDS-SS-2738', 1, 0, 1, 1, 5, '4'),
(1151, 'MDS-SS-4061', 1, 0, 1, 1, 1, '21'),
(1152, 'MDS-SS-4061', 1, 0, 1, 1, 2, '4'),
(1153, 'MDS-SS-4061', 1, 0, 1, 1, 3, '3'),
(1154, 'MDS-SS-4061', 1, 0, 1, 1, 4, '3'),
(1155, 'MDS-SS-4061', 1, 0, 1, 1, 5, '4'),
(1156, 'MDS-SS-2529', 1, 0, 1, 1, 1, '21'),
(1157, 'MDS-SS-2529', 1, 0, 1, 1, 2, '3'),
(1158, 'MDS-SS-2529', 1, 0, 1, 1, 3, '3'),
(1159, 'MDS-SS-2529', 1, 0, 1, 1, 4, '3'),
(1160, 'MDS-SS-2529', 1, 0, 1, 1, 5, '3'),
(1161, 'MDS-SS-4118', 1, 0, 1, 1, 1, '0'),
(1162, 'MDS-SS-4118', 1, 0, 1, 1, 2, '0'),
(1163, 'MDS-SS-4118', 1, 0, 1, 1, 3, '0'),
(1164, 'MDS-SS-4118', 1, 0, 1, 1, 4, '0'),
(1165, 'MDS-SS-4118', 1, 0, 1, 1, 5, '0'),
(1166, 'MDS-SS-3515', 1, 0, 1, 1, 1, '24'),
(1167, 'MDS-SS-3515', 1, 0, 1, 1, 2, '5'),
(1168, 'MDS-SS-3515', 1, 0, 1, 1, 3, '5'),
(1169, 'MDS-SS-3515', 1, 0, 1, 1, 4, '5'),
(1170, 'MDS-SS-3515', 1, 0, 1, 1, 5, '5'),
(1171, 'MDS-SS-3439', 1, 0, 1, 2, 1, '27'),
(1172, 'MDS-SS-3439', 1, 0, 1, 2, 2, '4'),
(1173, 'MDS-SS-3439', 1, 0, 1, 2, 3, '4'),
(1174, 'MDS-SS-3439', 1, 0, 1, 2, 4, '3'),
(1175, 'MDS-SS-3439', 1, 0, 1, 2, 5, '4'),
(1176, 'MDS-SS-2281', 1, 0, 1, 2, 1, '11'),
(1177, 'MDS-SS-2281', 1, 0, 1, 2, 2, '3'),
(1178, 'MDS-SS-2281', 1, 0, 1, 2, 3, '3'),
(1179, 'MDS-SS-2281', 1, 0, 1, 2, 4, '3'),
(1180, 'MDS-SS-2281', 1, 0, 1, 2, 5, '3'),
(1181, 'MDS-SS-3442', 1, 0, 1, 2, 1, '22'),
(1182, 'MDS-SS-3442', 1, 0, 1, 2, 2, '5'),
(1183, 'MDS-SS-3442', 1, 0, 1, 2, 3, '5'),
(1184, 'MDS-SS-3442', 1, 0, 1, 2, 4, '4'),
(1185, 'MDS-SS-3442', 1, 0, 1, 2, 5, '5'),
(1186, 'MDS-SS-2530', 1, 0, 1, 2, 1, '28'),
(1187, 'MDS-SS-2530', 1, 0, 1, 2, 2, '5'),
(1188, 'MDS-SS-2530', 1, 0, 1, 2, 3, '5'),
(1189, 'MDS-SS-2530', 1, 0, 1, 2, 4, '5'),
(1190, 'MDS-SS-2530', 1, 0, 1, 2, 5, '5'),
(1191, 'MDS-SS-2157', 1, 0, 1, 2, 1, '28'),
(1192, 'MDS-SS-2157', 1, 0, 1, 2, 2, '4'),
(1193, 'MDS-SS-2157', 1, 0, 1, 2, 3, '4'),
(1194, 'MDS-SS-2157', 1, 0, 1, 2, 4, '5'),
(1195, 'MDS-SS-2157', 1, 0, 1, 2, 5, '4'),
(1196, 'MDS-SS-2778', 1, 0, 1, 2, 1, '25'),
(1197, 'MDS-SS-2778', 1, 0, 1, 2, 2, '5'),
(1198, 'MDS-SS-2778', 1, 0, 1, 2, 3, '5'),
(1199, 'MDS-SS-2778', 1, 0, 1, 2, 4, '4'),
(1200, 'MDS-SS-2778', 1, 0, 1, 2, 5, '5'),
(1201, 'MDS-SS-4058', 1, 0, 1, 2, 1, '12'),
(1202, 'MDS-SS-4058', 1, 0, 1, 2, 2, '5'),
(1203, 'MDS-SS-4058', 1, 0, 1, 2, 3, '5'),
(1204, 'MDS-SS-4058', 1, 0, 1, 2, 4, '5'),
(1205, 'MDS-SS-4058', 1, 0, 1, 2, 5, '5'),
(1206, 'MDS-SS-3735', 1, 0, 1, 2, 1, '29'),
(1207, 'MDS-SS-3735', 1, 0, 1, 2, 2, '5'),
(1208, 'MDS-SS-3735', 1, 0, 1, 2, 3, '5'),
(1209, 'MDS-SS-3735', 1, 0, 1, 2, 4, '4'),
(1210, 'MDS-SS-3735', 1, 0, 1, 2, 5, '5'),
(1211, 'MDS-SS-2477', 1, 0, 1, 2, 1, '12'),
(1212, 'MDS-SS-2477', 1, 0, 1, 2, 2, '4'),
(1213, 'MDS-SS-2477', 1, 0, 1, 2, 3, '4'),
(1214, 'MDS-SS-2477', 1, 0, 1, 2, 4, '5'),
(1215, 'MDS-SS-2477', 1, 0, 1, 2, 5, '4'),
(1216, 'MDS-SS-4084', 1, 0, 1, 2, 1, '29'),
(1217, 'MDS-SS-4084', 1, 0, 1, 2, 2, '5'),
(1218, 'MDS-SS-4084', 1, 0, 1, 2, 3, '5'),
(1219, 'MDS-SS-4084', 1, 0, 1, 2, 4, '5'),
(1220, 'MDS-SS-4084', 1, 0, 1, 2, 5, '5'),
(1221, 'MDS-SS-3455', 1, 0, 1, 2, 1, '19'),
(1222, 'MDS-SS-3455', 1, 0, 1, 2, 2, '5'),
(1223, 'MDS-SS-3455', 1, 0, 1, 2, 3, '4'),
(1224, 'MDS-SS-3455', 1, 0, 1, 2, 4, '5'),
(1225, 'MDS-SS-3455', 1, 0, 1, 2, 5, '5'),
(1226, 'MDS - SS - 2536', 1, 0, 1, 2, 1, '11'),
(1227, 'MDS - SS - 2536', 1, 0, 1, 2, 2, '3'),
(1228, 'MDS - SS - 2536', 1, 0, 1, 2, 3, '3'),
(1229, 'MDS - SS - 2536', 1, 0, 1, 2, 4, '3'),
(1230, 'MDS - SS - 2536', 1, 0, 1, 2, 5, '3'),
(1231, 'MDS-SS-2566', 1, 0, 1, 2, 1, '29'),
(1232, 'MDS-SS-2566', 1, 0, 1, 2, 2, '5'),
(1233, 'MDS-SS-2566', 1, 0, 1, 2, 3, '5'),
(1234, 'MDS-SS-2566', 1, 0, 1, 2, 4, '5'),
(1235, 'MDS-SS-2566', 1, 0, 1, 2, 5, '5'),
(1236, 'MDS-SS-2504', 1, 0, 1, 2, 1, '29'),
(1237, 'MDS-SS-2504', 1, 0, 1, 2, 2, '5'),
(1238, 'MDS-SS-2504', 1, 0, 1, 2, 3, '5'),
(1239, 'MDS-SS-2504', 1, 0, 1, 2, 4, '5'),
(1240, 'MDS-SS-2504', 1, 0, 1, 2, 5, '5'),
(1241, 'MDS-SS-3467', 1, 0, 1, 2, 1, '29'),
(1242, 'MDS-SS-3467', 1, 0, 1, 2, 2, '5'),
(1243, 'MDS-SS-3467', 1, 0, 1, 2, 3, '5'),
(1244, 'MDS-SS-3467', 1, 0, 1, 2, 4, '5'),
(1245, 'MDS-SS-3467', 1, 0, 1, 2, 5, '5'),
(1246, 'MDS-SS-3695', 1, 0, 1, 2, 1, '23'),
(1247, 'MDS-SS-3695', 1, 0, 1, 2, 2, '5'),
(1248, 'MDS-SS-3695', 1, 0, 1, 2, 3, '5'),
(1249, 'MDS-SS-3695', 1, 0, 1, 2, 4, '4'),
(1250, 'MDS-SS-3695', 1, 0, 1, 2, 5, '5'),
(1251, 'MDS-SS2621', 1, 0, 1, 2, 1, '23'),
(1252, 'MDS-SS2621', 1, 0, 1, 2, 2, '5'),
(1253, 'MDS-SS2621', 1, 0, 1, 2, 3, '5'),
(1254, 'MDS-SS2621', 1, 0, 1, 2, 4, '4'),
(1255, 'MDS-SS2621', 1, 0, 1, 2, 5, '5'),
(1256, 'MDS-SS-4088', 1, 0, 1, 2, 1, '28'),
(1257, 'MDS-SS-4088', 1, 0, 1, 2, 2, '5'),
(1258, 'MDS-SS-4088', 1, 0, 1, 2, 3, '5'),
(1259, 'MDS-SS-4088', 1, 0, 1, 2, 4, '5'),
(1260, 'MDS-SS-4088', 1, 0, 1, 2, 5, '5'),
(1261, 'MDS-SS-2539', 1, 0, 1, 2, 1, '19'),
(1262, 'MDS-SS-2539', 1, 0, 1, 2, 2, '4'),
(1263, 'MDS-SS-2539', 1, 0, 1, 2, 3, '4'),
(1264, 'MDS-SS-2539', 1, 0, 1, 2, 4, '4'),
(1265, 'MDS-SS-2539', 1, 0, 1, 2, 5, '4'),
(1266, 'MDS-SS-3664', 1, 0, 1, 2, 1, '15'),
(1267, 'MDS-SS-3664', 1, 0, 1, 2, 2, '5'),
(1268, 'MDS-SS-3664', 1, 0, 1, 2, 3, '5'),
(1269, 'MDS-SS-3664', 1, 0, 1, 2, 4, '5'),
(1270, 'MDS-SS-3664', 1, 0, 1, 2, 5, '5'),
(1271, 'MDS-SS-4057', 1, 0, 1, 2, 1, '19'),
(1272, 'MDS-SS-4057', 1, 0, 1, 2, 2, '4'),
(1273, 'MDS-SS-4057', 1, 0, 1, 2, 3, '4'),
(1274, 'MDS-SS-4057', 1, 0, 1, 2, 4, '4'),
(1275, 'MDS-SS-4057', 1, 0, 1, 2, 5, '4'),
(1276, 'MDS-SS-3476', 1, 0, 1, 2, 1, '23'),
(1277, 'MDS-SS-3476', 1, 0, 1, 2, 2, '4'),
(1278, 'MDS-SS-3476', 1, 0, 1, 2, 3, '4'),
(1279, 'MDS-SS-3476', 1, 0, 1, 2, 4, '4'),
(1280, 'MDS-SS-3476', 1, 0, 1, 2, 5, '4'),
(1281, 'MDS-SS-2151', 1, 0, 1, 2, 1, '20'),
(1282, 'MDS-SS-2151', 1, 0, 1, 2, 2, '3'),
(1283, 'MDS-SS-2151', 1, 0, 1, 2, 3, '3'),
(1284, 'MDS-SS-2151', 1, 0, 1, 2, 4, '3'),
(1285, 'MDS-SS-2151', 1, 0, 1, 2, 5, '3'),
(1286, 'MDS-SS-2478', 1, 0, 1, 2, 1, '20'),
(1287, 'MDS-SS-2478', 1, 0, 1, 2, 2, '5'),
(1288, 'MDS-SS-2478', 1, 0, 1, 2, 3, '5'),
(1289, 'MDS-SS-2478', 1, 0, 1, 2, 4, '5'),
(1290, 'MDS-SS-2478', 1, 0, 1, 2, 5, '5'),
(1291, 'MDS-SS-2532', 1, 0, 1, 2, 1, '28'),
(1292, 'MDS-SS-2532', 1, 0, 1, 2, 2, '5'),
(1293, 'MDS-SS-2532', 1, 0, 1, 2, 3, '5'),
(1294, 'MDS-SS-2532', 1, 0, 1, 2, 4, '3'),
(1295, 'MDS-SS-2532', 1, 0, 1, 2, 5, '4'),
(1296, 'MDS-SS-2546', 1, 0, 1, 2, 1, '29'),
(1297, 'MDS-SS-2546', 1, 0, 1, 2, 2, '5'),
(1298, 'MDS-SS-2546', 1, 0, 1, 2, 3, '5'),
(1299, 'MDS-SS-2546', 1, 0, 1, 2, 4, '4'),
(1300, 'MDS-SS-2546', 1, 0, 1, 2, 5, '5'),
(1301, 'MDS-SS-3493', 1, 0, 1, 2, 1, '23'),
(1302, 'MDS-SS-3493', 1, 0, 1, 2, 2, '3'),
(1303, 'MDS-SS-3493', 1, 0, 1, 2, 3, '3'),
(1304, 'MDS-SS-3493', 1, 0, 1, 2, 4, '3'),
(1305, 'MDS-SS-3493', 1, 0, 1, 2, 5, '3'),
(1306, 'MDS-SS-2738', 1, 0, 1, 2, 1, '18'),
(1307, 'MDS-SS-2738', 1, 0, 1, 2, 2, '3'),
(1308, 'MDS-SS-2738', 1, 0, 1, 2, 3, '3'),
(1309, 'MDS-SS-2738', 1, 0, 1, 2, 4, '5'),
(1310, 'MDS-SS-2738', 1, 0, 1, 2, 5, '3'),
(1311, 'MDS-SS-4061', 1, 0, 1, 2, 1, '19'),
(1312, 'MDS-SS-4061', 1, 0, 1, 2, 2, '3'),
(1313, 'MDS-SS-4061', 1, 0, 1, 2, 3, '4'),
(1314, 'MDS-SS-4061', 1, 0, 1, 2, 4, '3'),
(1315, 'MDS-SS-4061', 1, 0, 1, 2, 5, '3'),
(1316, 'MDS-SS-2529', 1, 0, 1, 2, 1, '16'),
(1317, 'MDS-SS-2529', 1, 0, 1, 2, 2, '4'),
(1318, 'MDS-SS-2529', 1, 0, 1, 2, 3, '3'),
(1319, 'MDS-SS-2529', 1, 0, 1, 2, 4, '4'),
(1320, 'MDS-SS-2529', 1, 0, 1, 2, 5, '3'),
(1321, 'MDS-SS-4118', 1, 0, 1, 2, 1, '27'),
(1322, 'MDS-SS-4118', 1, 0, 1, 2, 2, '5'),
(1323, 'MDS-SS-4118', 1, 0, 1, 2, 3, '5'),
(1324, 'MDS-SS-4118', 1, 0, 1, 2, 4, '3'),
(1325, 'MDS-SS-4118', 1, 0, 1, 2, 5, '5'),
(1326, 'MDS-SS-3515', 1, 0, 1, 2, 1, '28'),
(1327, 'MDS-SS-3515', 1, 0, 1, 2, 2, '5'),
(1328, 'MDS-SS-3515', 1, 0, 1, 2, 3, '5'),
(1329, 'MDS-SS-3515', 1, 0, 1, 2, 4, '5'),
(1330, 'MDS-SS-3515', 1, 0, 1, 2, 5, '5');

-- --------------------------------------------------------

--
-- Table structure for table `student_result`
--

CREATE TABLE `student_result` (
  `id` int(11) NOT NULL,
  `class_id` int(5) NOT NULL,
  `section_id` int(5) NOT NULL,
  `scholar_no` varchar(50) NOT NULL,
  `roll_no` int(9) NOT NULL,
  `term_id` int(2) NOT NULL,
  `total` int(5) NOT NULL COMMENT '(Obtained Marks)',
  `total_marks` varchar(20) NOT NULL COMMENT '(Maximum Marks)',
  `per` varchar(5) NOT NULL,
  `status` varchar(50) NOT NULL,
  `final_status` text NOT NULL,
  `next_class_id` int(11) NOT NULL
) ENGINE=InnoDB DEFAULT CHARSET=utf8;

--
-- Dumping data for table `student_result`
--

INSERT INTO `student_result` (`id`, `class_id`, `section_id`, `scholar_no`, `roll_no`, `term_id`, `total`, `total_marks`, `per`, `status`, `final_status`, `next_class_id`) VALUES
(1, 9, 2, 'MDS-SS-3585', 0, 2, 0, '0', '0.00', 'Promoted to Class X', 'Pass', 10),
(2, 9, 2, 'MDS-SS-3585', 0, 1, 0, '0', '0.00', 'Promoted to Class X', 'Pass', 10),
(22, 1, 1, 'MDSPS-1954', 0, 2, 0, '0', '0.00', 'Promoted to Class II', 'Pass', 2),
(145, 4, 1, 'MDSPS-1892', 0, 1, 0, '750', '0.00', 'Detained in Class IV', 'Fail', 4),
(397, 1, 1, 'MDSPS-1954', 0, 1, 0, '950', '0.00', 'Detained in Class I', 'Fail', 1),
(398, 1, 1, 'MDSPS-1953', 0, 1, 0, '950', '0.00', 'Detained in Class I', 'Fail', 1),
(399, 1, 1, 'MDSPS-2221', 0, 1, 0, '950', '0.00', 'Detained in Class I', 'Fail', 1),
(400, 1, 1, 'MDSPS-2104', 0, 1, 0, '950', '0.00', 'Detained in Class I', 'Fail', 1),
(401, 1, 1, 'MDSPS-1843', 0, 1, 0, '950', '0.00', 'Detained in Class I', 'Fail', 1),
(402, 1, 1, 'MDSPS-2606', 0, 1, 0, '950', '0.00', 'Detained in Class I', 'Fail', 1),
(403, 1, 1, 'MDSPS-2055', 0, 1, 0, '950', '0.00', 'Detained in Class I', 'Fail', 1),
(404, 1, 1, 'RTE-028', 0, 1, 0, '950', '0.00', 'Detained in Class I', 'Fail', 1),
(405, 1, 1, 'MDSPS-2195', 0, 1, 0, '950', '0.00', 'Detained in Class I', 'Fail', 1),
(406, 1, 1, 'MDSPS-2082', 0, 1, 0, '950', '0.00', 'Detained in Class I', 'Fail', 1),
(407, 1, 1, 'RTE-025', 0, 1, 0, '950', '0.00', 'Detained in Class I', 'Fail', 1),
(408, 1, 1, 'MDSPS-2145', 0, 1, 0, '950', '0.00', 'Detained in Class I', 'Fail', 1),
(409, 1, 1, 'MDSPS-2042', 0, 1, 0, '950', '0.00', 'Detained in Class I', 'Fail', 1),
(410, 1, 1, 'MDSPS-2117', 0, 1, 0, '950', '0.00', 'Detained in Class I', 'Fail', 1),
(411, 1, 1, 'RTE-023', 0, 1, 0, '950', '0.00', 'Detained in Class I', 'Fail', 1),
(412, 1, 1, 'MDSPS-2073', 0, 1, 0, '950', '0.00', 'Detained in Class I', 'Fail', 1),
(413, 1, 1, 'MDSPS-2274', 0, 1, 0, '950', '0.00', 'Detained in Class I', 'Fail', 1),
(414, 1, 1, 'MDSPS-2032', 0, 1, 0, '950', '0.00', 'Detained in Class I', 'Fail', 1),
(415, 1, 1, 'MDSPS-1945', 0, 1, 0, '950', '0.00', 'Detained in Class I', 'Fail', 1),
(416, 1, 1, 'MDSPS-2059', 0, 1, 0, '950', '0.00', 'Detained in Class I', 'Fail', 1),
(417, 1, 1, 'MDSPS-2530', 0, 1, 0, '950', '0.00', 'Detained in Class I', 'Fail', 1),
(418, 1, 1, 'RTE-027', 0, 1, 0, '950', '0.00', 'Detained in Class I', 'Fail', 1),
(419, 1, 1, 'MDSPS-2531', 0, 1, 0, '950', '0.00', 'Detained in Class I', 'Fail', 1),
(420, 1, 1, 'MDSPS-2196', 0, 1, 0, '950', '0.00', 'Detained in Class I', 'Fail', 1),
(421, 1, 1, 'MDSPS-2189', 0, 1, 0, '950', '0.00', 'Detained in Class I', 'Fail', 1),
(422, 1, 1, 'MDSPS-2011', 0, 1, 0, '950', '0.00', 'Detained in Class I', 'Fail', 1),
(423, 1, 1, 'MDSPS-2398', 0, 1, 0, '950', '0.00', 'Detained in Class I', 'Fail', 1),
(424, 1, 1, 'MDSPS-1962', 0, 1, 0, '950', '0.00', 'Detained in Class I', 'Fail', 1),
(425, 1, 1, 'MDSPS-1835', 0, 1, 0, '950', '0.00', 'Detained in Class I', 'Fail', 1),
(426, 1, 1, 'MDSPS-2046', 0, 1, 0, '950', '0.00', 'Detained in Class I', 'Fail', 1),
(427, 1, 1, 'MDSPS-2404', 0, 1, 0, '950', '0.00', 'Detained in Class I', 'Fail', 1),
(428, 1, 1, 'RTE-031', 0, 1, 0, '950', '0.00', 'Detained in Class I', 'Fail', 1),
(429, 1, 1, 'MDSPS-2074', 0, 1, 0, '950', '0.00', 'Detained in Class I', 'Fail', 1),
(430, 1, 1, 'MDSPS-1856', 0, 1, 0, '950', '0.00', 'Detained in Class I', 'Fail', 1),
(431, 1, 1, 'MDSPS-1867', 0, 1, 0, '950', '0.00', 'Detained in Class I', 'Fail', 1),
(432, 1, 1, 'MDSPS-2108', 0, 1, 0, '950', '0.00', 'Detained in Class I', 'Fail', 1),
(433, 1, 1, 'MDSPS-1839', 0, 1, 0, '950', '0.00', 'Detained in Class I', 'Fail', 1),
(434, 1, 1, 'MDSPS-2617', 0, 1, 0, '950', '0.00', 'Detained in Class I', 'Fail', 1),
(435, 1, 1, 'MDSPS-2135', 0, 1, 0, '950', '0.00', 'Detained in Class I', 'Fail', 1),
(436, 1, 1, 'RTE-030', 0, 1, 0, '950', '0.00', 'Detained in Class I', 'Fail', 1),
(437, 1, 1, 'MDSPS-2024', 0, 1, 0, '950', '0.00', 'Detained in Class I', 'Fail', 1),
(438, 1, 1, 'MDSPS-2190', 0, 1, 0, '950', '0.00', 'Detained in Class I', 'Fail', 1),
(439, 1, 1, 'MDSPS-2039', 0, 1, 0, '950', '0.00', 'Detained in Class I', 'Fail', 1),
(440, 1, 1, 'MDSPS-2056', 0, 1, 0, '950', '0.00', 'Detained in Class I', 'Fail', 1),
(441, 1, 1, 'MDSPS-2497', 0, 1, 0, '950', '0.00', 'Detained in Class I', 'Fail', 1),
(442, 1, 1, 'MDSPS-2536', 0, 1, 0, '950', '0.00', 'Detained in Class I', 'Fail', 1),
(443, 1, 1, 'RTE-024', 0, 1, 0, '950', '0.00', 'Detained in Class I', 'Fail', 1),
(444, 1, 1, 'MDSPS-2516', 0, 1, 0, '950', '0.00', 'Detained in Class I', 'Fail', 1),
(445, 1, 1, 'MDSPS-2030', 0, 1, 0, '950', '0.00', 'Detained in Class I', 'Fail', 1),
(446, 1, 1, 'MDSPS-2113', 0, 1, 0, '950', '0.00', 'Detained in Class I', 'Fail', 1),
(447, 1, 1, 'MDSPS-1874', 0, 1, 0, '950', '0.00', 'Detained in Class I', 'Fail', 1),
(448, 1, 1, 'MDSPS-2496', 0, 1, 0, '950', '0.00', 'Detained in Class I', 'Fail', 1),
(449, 1, 1, 'RTE-022', 0, 1, 0, '950', '0.00', 'Detained in Class I', 'Fail', 1),
(450, 1, 1, 'MDSPS-2061', 0, 1, 0, '950', '0.00', 'Detained in Class I', 'Fail', 1),
(451, 1, 1, 'MDSPS-2550', 0, 1, 0, '950', '0.00', 'Detained in Class I', 'Fail', 1),
(452, 1, 1, 'MDSPS-2578', 0, 1, 0, '950', '0.00', 'Detained in Class I', 'Fail', 1),
(453, 1, 1, 'MDSPS-2034', 0, 1, 0, '950', '0.00', 'Detained in Class I', 'Fail', 1),
(454, 1, 1, 'MDSPS-1901', 0, 1, 0, '950', '0.00', 'Detained in Class I', 'Fail', 1),
(455, 1, 1, 'MDSPS-2023', 0, 1, 0, '950', '0.00', 'Detained in Class I', 'Fail', 1),
(456, 1, 1, 'MDSPS-2096', 0, 1, 0, '950', '0.00', 'Detained in Class I', 'Fail', 1),
(458, 3, 1, 'MDS-SS-1396', 0, 1, 0, '1100', '0.00', 'Detained in Class III', 'Fail', 3),
(459, 3, 1, 'MDS-SS-4130', 0, 1, 0, '1100', '0.00', 'Detained in Class III', 'Fail', 3),
(460, 3, 1, 'MDS-SS-2482', 0, 1, 0, '1100', '0.00', 'Detained in Class III', 'Fail', 3),
(461, 3, 1, 'MDS-SS-1485', 0, 1, 0, '1100', '0.00', 'Detained in Class III', 'Fail', 3),
(462, 3, 1, 'MDS-SS-2057', 0, 1, 0, '1100', '0.00', 'Detained in Class III', 'Fail', 3),
(463, 3, 1, 'MDS-SS-3447', 0, 1, 0, '1100', '0.00', 'Detained in Class III', 'Fail', 3),
(464, 3, 1, 'MDS-SS-2524', 0, 1, 0, '1100', '0.00', 'Detained in Class III', 'Fail', 3),
(465, 3, 1, 'MDS-SS-1658', 0, 1, 0, '1100', '0.00', 'Detained in Class III', 'Fail', 3),
(466, 3, 1, 'MDS-SS-1634', 0, 1, 0, '1100', '0.00', 'Detained in Class III', 'Fail', 3),
(467, 3, 1, 'MDS-SS-1703', 0, 1, 0, '1100', '0.00', 'Detained in Class III', 'Fail', 3),
(468, 3, 1, 'MDS-SS-4125', 0, 1, 0, '1100', '0.00', 'Detained in Class III', 'Fail', 3),
(469, 3, 1, 'MDS-SS-1659', 0, 1, 0, '1100', '0.00', 'Detained in Class III', 'Fail', 3),
(470, 3, 1, 'MDS-SS-3733', 0, 1, 0, '1100', '0.00', 'Detained in Class III', 'Fail', 3),
(471, 3, 1, 'MDS-SS-2763', 0, 1, 0, '1100', '0.00', 'Detained in Class III', 'Fail', 3),
(472, 3, 1, 'MDS-SS-3001', 0, 1, 0, '1100', '0.00', 'Detained in Class III', 'Fail', 3),
(473, 3, 1, 'MDS-SS-3662', 0, 1, 0, '1100', '0.00', 'Detained in Class III', 'Fail', 3),
(474, 3, 1, 'MDS-SS-2038', 0, 1, 0, '1100', '0.00', 'Detained in Class III', 'Fail', 3),
(475, 3, 1, 'MDS-SS-1286', 0, 1, 0, '1100', '0.00', 'Detained in Class III', 'Fail', 3),
(476, 3, 1, 'MDS-SS-1660', 0, 1, 0, '1100', '0.00', 'Detained in Class III', 'Fail', 3),
(477, 3, 1, 'MDS-SS-4124', 0, 1, 0, '1100', '0.00', 'Detained in Class III', 'Fail', 3),
(478, 3, 1, 'MDS-SS-2955', 0, 1, 0, '1100', '0.00', 'Detained in Class III', 'Fail', 3),
(479, 3, 1, 'MDS-SS-1596', 0, 1, 0, '1100', '0.00', 'Detained in Class III', 'Fail', 3),
(480, 3, 1, 'MDS-SS-3020', 0, 1, 0, '1100', '0.00', 'Detained in Class III', 'Fail', 3),
(481, 3, 1, 'MDS-SS-2834', 0, 1, 0, '1100', '0.00', 'Detained in Class III', 'Fail', 3),
(482, 3, 1, 'MDS-SS-1388', 0, 1, 0, '1100', '0.00', 'Detained in Class III', 'Fail', 3),
(483, 3, 1, 'MDS-SS-2027', 0, 1, 0, '1100', '0.00', 'Detained in Class III', 'Fail', 3),
(484, 3, 1, 'MDS-SS-2400', 0, 1, 0, '1100', '0.00', 'Detained in Class III', 'Fail', 3),
(485, 3, 1, 'MDS-SS-2071', 0, 1, 0, '1100', '0.00', 'Detained in Class III', 'Fail', 3),
(486, 3, 1, 'MDS-SS-3487', 0, 1, 0, '1100', '0.00', 'Detained in Class III', 'Fail', 3),
(487, 3, 1, 'MDS-SS-3715', 0, 1, 0, '1100', '0.00', 'Detained in Class III', 'Fail', 3),
(488, 3, 1, 'MDS-SS-2420', 0, 1, 0, '1100', '0.00', 'Detained in Class III', 'Fail', 3),
(489, 3, 1, 'MDS - SS - 2075', 0, 1, 0, '1100', '0.00', 'Detained in Class III', 'Fail', 3),
(490, 3, 1, 'MDS-SS-3039', 0, 1, 0, '1100', '0.00', 'Detained in Class III', 'Fail', 3),
(491, 3, 1, 'MDS-SS-1629', 0, 1, 0, '1100', '0.00', 'Detained in Class III', 'Fail', 3),
(492, 3, 1, 'MDS-SS-2783', 0, 1, 0, '1100', '0.00', 'Detained in Class III', 'Fail', 3),
(493, 3, 1, 'MDS-SS-2750', 0, 1, 0, '1100', '0.00', 'Detained in Class III', 'Fail', 3),
(494, 3, 1, 'MDS-SS-1382', 0, 1, 0, '1100', '0.00', 'Detained in Class III', 'Fail', 3),
(495, 3, 1, 'MDS-SS-4050', 0, 1, 0, '1100', '0.00', 'Detained in Class III', 'Fail', 3),
(496, 3, 1, 'MDS-SS-1608', 0, 1, 0, '1100', '0.00', 'Detained in Class III', 'Fail', 3),
(497, 3, 1, 'MDS-SS-1372', 0, 1, 0, '1100', '0.00', 'Detained in Class III', 'Fail', 3),
(498, 3, 1, 'MDS-SS-3502', 0, 1, 0, '1100', '0.00', 'Detained in Class III', 'Fail', 3),
(499, 3, 1, 'MDS-SS-1747', 0, 1, 0, '1100', '0.00', 'Detained in Class III', 'Fail', 3),
(500, 3, 1, 'MDS-SS-2731', 0, 1, 0, '1100', '0.00', 'Detained in Class III', 'Fail', 3),
(501, 3, 1, 'MDS-SS-2768', 0, 1, 0, '1100', '0.00', 'Detained in Class III', 'Fail', 3),
(506, 1, 1, 'MDS-SS-2281', 0, 1, 280, '950', '29.47', 'Detained in Class I', 'Fail', 1),
(507, 1, 1, 'MDS-SS-3442', 0, 1, 319, '950', '33.58', 'Detained in Class I', 'Fail', 1),
(508, 1, 1, 'MDS-SS-2530', 0, 1, 385, '950', '40.53', 'Detained in Class I', 'Fail', 1),
(509, 1, 1, 'MDS-SS-2157', 0, 1, 313, '950', '32.95', 'Detained in Class I', 'Fail', 1),
(510, 1, 1, 'MDS-SS-2778', 0, 1, 354, '950', '37.26', 'Detained in Class I', 'Fail', 1),
(511, 1, 1, 'MDS-SS-4058', 0, 1, 277, '950', '29.16', 'Detained in Class I', 'Fail', 1),
(512, 1, 1, 'MDS-SS-3735', 0, 1, 378, '950', '39.79', 'Detained in Class I', 'Fail', 1),
(513, 1, 1, 'MDS-SS-2477', 0, 1, 235, '950', '24.74', 'Detained in Class I', 'Fail', 1),
(514, 1, 1, 'MDS-SS-4084', 0, 1, 379, '950', '39.89', 'Detained in Class I', 'Fail', 1),
(515, 1, 1, 'MDS-SS-3455', 0, 1, 286, '950', '30.11', 'Detained in Class I', 'Fail', 1),
(516, 1, 1, 'MDS - SS - 2536', 0, 1, 240, '950', '25.26', 'Detained in Class I', 'Fail', 1),
(517, 1, 1, 'MDS-SS-2566', 0, 1, 387, '950', '40.74', 'Detained in Class I', 'Fail', 1),
(518, 1, 1, 'MDS-SS-2504', 0, 1, 385, '950', '40.53', 'Detained in Class I', 'Fail', 1),
(519, 1, 1, 'MDS-SS-3467', 0, 1, 383, '950', '40.32', 'Detained in Class I', 'Fail', 1),
(520, 1, 1, 'MDS-SS-3695', 0, 1, 329, '950', '34.63', 'Detained in Class I', 'Fail', 1),
(521, 1, 1, 'MDS-SS2621', 0, 1, 313, '950', '32.95', 'Detained in Class I', 'Fail', 1),
(522, 1, 1, 'MDS-SS-4088', 0, 1, 385, '950', '40.53', 'Detained in Class I', 'Fail', 1),
(523, 1, 1, 'MDS-SS-2539', 0, 1, 312, '950', '32.84', 'Detained in Class I', 'Fail', 1),
(524, 1, 1, 'MDS-SS-3664', 0, 1, 271, '950', '28.53', 'Detained in Class I', 'Fail', 1),
(525, 1, 1, 'MDS-SS-4057', 0, 1, 343, '950', '36.11', 'Detained in Class I', 'Fail', 1),
(526, 1, 1, 'MDS-SS-3476', 0, 1, 320, '950', '33.68', 'Detained in Class I', 'Fail', 1),
(527, 1, 1, 'MDS-SS-2151', 0, 1, 208, '950', '21.89', 'Detained in Class I', 'Fail', 1),
(528, 1, 1, 'MDS-SS-2478', 0, 1, 229, '950', '24.11', 'Detained in Class I', 'Fail', 1),
(529, 1, 1, 'MDS-SS-2532', 0, 1, 287, '950', '30.21', 'Detained in Class I', 'Fail', 1),
(530, 1, 1, 'MDS-SS-2546', 0, 1, 362, '950', '38.11', 'Detained in Class I', 'Fail', 1),
(531, 1, 1, 'MDS-SS-3493', 0, 1, 267, '950', '28.11', 'Detained in Class I', 'Fail', 1),
(532, 1, 1, 'MDS-SS-2738', 0, 1, 280, '950', '29.47', 'Detained in Class I', 'Fail', 1),
(533, 1, 1, 'MDS-SS-4061', 0, 1, 299, '950', '31.47', 'Detained in Class I', 'Fail', 1),
(534, 1, 1, 'MDS-SS-2529', 0, 1, 294, '950', '30.95', 'Detained in Class I', 'Fail', 1),
(535, 1, 1, 'MDS-SS-4118', 0, 1, 276, '950', '29.05', 'Detained in Class I', 'Fail', 1),
(536, 1, 1, 'MDS-SS-3515', 0, 1, 382, '950', '40.21', 'Detained in Class I', 'Fail', 1),
(543, 1, 1, 'MDS-SS-3439', 0, 1, 389, '950', '40.95', 'Detained in Class I', 'Fail', 1);

-- --------------------------------------------------------

--
-- Table structure for table `subject`
--

CREATE TABLE `subject` (
  `id` int(11) NOT NULL,
  `subject` varchar(50) NOT NULL,
  `elective` int(2) NOT NULL,
  `senior` int(2) NOT NULL,
  `sub_subjects` varchar(5) NOT NULL,
  `grade` char(10) NOT NULL,
  `order_type` int(11) NOT NULL
) ENGINE=InnoDB DEFAULT CHARSET=utf8;

--
-- Dumping data for table `subject`
--

INSERT INTO `subject` (`id`, `subject`, `elective`, `senior`, `sub_subjects`, `grade`, `order_type`) VALUES
(1, 'English', 0, 0, '', '', 1),
(2, 'Hindi', 0, 0, '', '', 2),
(3, 'Maths', 0, 1, '', '', 3),
(4, 'EVS', 0, 0, '', '', 4),
(5, 'Computer', 0, 1, '', '', 7),
(6, 'G.K.', 0, 0, '', '', 8),
(7, 'Art', 0, 0, '', 'G', 0),
(8, 'Physical Education', 0, 1, '', 'G', 0),
(9, 'Music', 0, 0, '', 'G', 0),
(10, 'Science', 0, 0, '', '', 4),
(11, 'Social Study', 0, 0, '', '', 5),
(12, 'Sanskrit', 1, 0, '', '', 6),
(13, 'French', 1, 0, '', '', 0),
(14, 'Physics', 0, 0, '', '', 0),
(15, 'Chemistry', 0, 0, '', '', 0),
(16, 'Biology', 0, 1, '', '', 0),
(17, 'Business Study', 0, 0, '', '', 0),
(18, 'Accounts', 0, 0, '', '', 0),
(19, 'Economics', 0, 0, '', '', 0);

-- --------------------------------------------------------

--
-- Table structure for table `subject_allocation`
--

CREATE TABLE `subject_allocation` (
  `id` int(20) NOT NULL,
  `class_id` int(20) NOT NULL,
  `section_id` int(5) NOT NULL,
  `subject_id` int(20) NOT NULL,
  `sub_subject_id` int(11) NOT NULL,
  `elective` int(2) NOT NULL
) ENGINE=InnoDB DEFAULT CHARSET=utf8;

--
-- Dumping data for table `subject_allocation`
--

INSERT INTO `subject_allocation` (`id`, `class_id`, `section_id`, `subject_id`, `sub_subject_id`, `elective`) VALUES
(1, 12, 1, 1, 0, 0),
(2, 12, 1, 2, 0, 0),
(3, 12, 1, 14, 0, 0),
(4, 12, 1, 15, 0, 0),
(5, 12, 1, 0, 0, 3),
(6, 12, 1, 0, 0, 5),
(7, 12, 1, 0, 0, 8),
(8, 12, 1, 0, 0, 16),
(9, 12, 1, 0, 0, 17),
(10, 12, 1, 0, 0, 18),
(11, 11, 1, 1, 0, 0),
(12, 11, 1, 14, 1, 0),
(13, 11, 1, 15, 1, 0),
(14, 11, 1, 0, 0, 3),
(15, 11, 1, 0, 0, 8),
(16, 11, 1, 0, 0, 16),
(17, 11, 2, 0, 0, 3),
(18, 11, 2, 0, 0, 8),
(19, 11, 2, 0, 0, 16),
(20, 11, 2, 1, 0, 0),
(21, 11, 2, 14, 0, 0),
(22, 11, 2, 15, 0, 0),
(23, 1, 1, 1, 0, 0),
(24, 1, 1, 2, 0, 0),
(25, 1, 1, 3, 0, 0),
(26, 1, 1, 4, 0, 0),
(27, 1, 1, 5, 0, 0),
(28, 1, 1, 6, 0, 0),
(29, 1, 1, 7, 0, 0),
(30, 1, 1, 8, 0, 0),
(31, 1, 1, 9, 0, 0),
(32, 2, 1, 1, 0, 0),
(33, 2, 1, 2, 0, 0),
(34, 2, 1, 3, 0, 0),
(35, 2, 1, 4, 0, 0),
(36, 2, 1, 5, 0, 0),
(37, 2, 1, 6, 0, 0),
(38, 2, 1, 7, 0, 0),
(39, 2, 1, 8, 0, 0),
(40, 2, 1, 9, 0, 0),
(41, 3, 1, 1, 0, 0),
(42, 3, 1, 2, 0, 0),
(43, 3, 1, 3, 0, 0),
(44, 3, 1, 5, 0, 0),
(45, 3, 1, 6, 0, 0),
(46, 3, 1, 7, 0, 0),
(47, 3, 1, 8, 0, 0),
(48, 3, 1, 9, 0, 0),
(49, 3, 1, 10, 0, 0),
(50, 3, 1, 11, 0, 0),
(51, 4, 1, 1, 0, 0),
(52, 4, 1, 2, 0, 0),
(53, 4, 1, 3, 0, 0),
(54, 4, 1, 5, 0, 0),
(55, 4, 1, 6, 0, 0),
(56, 4, 1, 7, 0, 0),
(57, 4, 1, 8, 0, 0),
(58, 4, 1, 9, 0, 0),
(59, 4, 1, 10, 0, 0),
(60, 4, 1, 11, 0, 0),
(61, 5, 1, 1, 0, 0),
(62, 5, 1, 2, 0, 0),
(63, 5, 1, 3, 0, 0),
(64, 5, 1, 5, 0, 0),
(65, 5, 1, 6, 0, 0),
(66, 5, 1, 7, 0, 0),
(67, 5, 1, 8, 0, 0),
(68, 5, 1, 9, 0, 0),
(69, 5, 1, 10, 0, 0),
(70, 5, 1, 11, 0, 0),
(71, 10, 1, 0, 0, 12),
(72, 10, 1, 0, 0, 13),
(73, 12, 5, 1, 0, 0),
(74, 12, 5, 8, 0, 0),
(75, 12, 5, 17, 0, 0),
(76, 12, 5, 18, 0, 0),
(77, 12, 5, 19, 0, 0),
(78, -1, 1, 1, 0, 0),
(79, -1, 1, 2, 0, 0),
(116, 9, 1, 1, 0, 0),
(117, 9, 1, 2, 0, 0),
(118, 9, 1, 3, 0, 0),
(119, 9, 1, 10, 0, 0),
(120, 9, 1, 11, 0, 0),
(121, 10, 1, 1, 0, 0),
(122, 10, 1, 2, 0, 0),
(123, 10, 1, 3, 0, 0),
(124, 10, 1, 10, 0, 0),
(125, 10, 1, 11, 0, 0),
(126, 11, 3, 1, 0, 0),
(127, 11, 3, 3, 0, 0),
(128, 11, 3, 8, 0, 0),
(129, 11, 3, 14, 0, 0),
(130, 11, 3, 15, 0, 0),
(131, 11, 4, 1, 0, 0),
(132, 11, 4, 8, 0, 0),
(133, 11, 4, 14, 0, 0),
(134, 11, 4, 15, 0, 0),
(135, 11, 4, 16, 0, 0),
(136, 12, 3, 1, 0, 0),
(137, 12, 3, 3, 0, 0),
(138, 12, 3, 8, 0, 0),
(139, 12, 3, 14, 0, 0),
(140, 12, 3, 15, 0, 0),
(141, 12, 4, 1, 0, 0),
(142, 12, 4, 8, 0, 0),
(143, 12, 4, 14, 0, 0),
(144, 12, 4, 15, 0, 0),
(145, 12, 4, 16, 0, 0),
(146, 11, 3, 0, 0, 5),
(147, 11, 3, 0, 0, 13),
(148, 11, 5, 1, 0, 0),
(149, 11, 5, 17, 0, 0),
(150, 11, 5, 18, 0, 0),
(151, 11, 5, 0, 0, 3),
(152, 11, 5, 0, 0, 19),
(153, 1, 2, 1, 0, 0),
(154, 1, 2, 2, 0, 0),
(155, 1, 2, 3, 0, 0),
(156, 1, 2, 4, 0, 0),
(157, 1, 2, 5, 0, 0),
(158, 1, 2, 6, 0, 0),
(159, 1, 2, 7, 0, 0),
(160, 1, 2, 8, 0, 0),
(161, 1, 2, 9, 0, 0),
(162, 2, 2, 1, 0, 0),
(163, 2, 2, 2, 0, 0),
(164, 2, 2, 3, 0, 0),
(165, 2, 2, 4, 0, 0),
(166, 2, 2, 5, 0, 0),
(167, 2, 2, 6, 0, 0),
(168, 2, 2, 7, 0, 0),
(169, 2, 2, 8, 0, 0),
(170, 2, 2, 9, 0, 0),
(171, 3, 2, 1, 0, 0),
(172, 3, 2, 2, 0, 0),
(173, 3, 2, 3, 0, 0),
(174, 3, 2, 5, 0, 0),
(175, 3, 2, 6, 0, 0),
(176, 3, 2, 7, 0, 0),
(177, 3, 2, 8, 0, 0),
(178, 3, 2, 9, 0, 0),
(179, 3, 2, 10, 0, 0),
(180, 3, 2, 11, 0, 0),
(181, 4, 2, 1, 0, 0),
(182, 4, 2, 2, 0, 0),
(183, 4, 2, 3, 0, 0),
(184, 4, 2, 5, 0, 0),
(185, 4, 2, 6, 0, 0),
(186, 4, 2, 7, 0, 0),
(187, 4, 2, 8, 0, 0),
(188, 4, 2, 9, 0, 0),
(189, 4, 2, 10, 0, 0),
(190, 4, 2, 11, 0, 0),
(191, 5, 2, 1, 0, 0),
(192, 5, 2, 2, 0, 0),
(193, 5, 2, 3, 0, 0),
(194, 5, 2, 5, 0, 0),
(195, 5, 2, 6, 0, 0),
(196, 5, 2, 7, 0, 0),
(197, 5, 2, 8, 0, 0),
(198, 5, 2, 9, 0, 0),
(199, 5, 2, 10, 0, 0),
(200, 5, 2, 11, 0, 0),
(237, 9, 2, 1, 0, 0),
(238, 9, 2, 2, 0, 0),
(239, 9, 2, 3, 0, 0),
(240, 9, 2, 10, 0, 0),
(241, 9, 2, 11, 0, 0),
(242, 10, 2, 1, 0, 0),
(243, 10, 2, 2, 0, 0),
(244, 10, 2, 3, 0, 0),
(245, 10, 2, 10, 0, 0),
(246, 10, 2, 11, 0, 0),
(247, 10, 2, 12, 0, 0),
(248, 10, 2, 13, 0, 0),
(249, 9, 6, 1, 0, 0),
(250, 9, 6, 2, 0, 0),
(251, 9, 6, 3, 0, 0),
(252, 9, 6, 10, 0, 0),
(253, 9, 6, 11, 0, 0),
(254, 10, 6, 1, 0, 0),
(255, 10, 6, 2, 0, 0),
(256, 10, 6, 3, 0, 0),
(257, 10, 6, 10, 0, 0),
(258, 10, 6, 11, 0, 0),
(259, 10, 6, 12, 0, 0),
(260, 10, 6, 13, 0, 0),
(261, 11, 2, 14, 1, 0),
(262, 6, 1, 1, 0, 0),
(263, 6, 1, 2, 0, 0),
(264, 6, 1, 3, 0, 0),
(265, 6, 1, 5, 0, 0),
(266, 6, 1, 6, 0, 0),
(267, 6, 1, 7, 0, 0),
(268, 6, 1, 8, 0, 0),
(269, 6, 1, 9, 0, 0),
(270, 6, 1, 10, 0, 0),
(271, 6, 1, 11, 0, 0),
(272, 6, 1, 12, 0, 0),
(273, 6, 2, 1, 0, 0),
(274, 6, 2, 2, 0, 0),
(275, 6, 2, 3, 0, 0),
(276, 6, 2, 5, 0, 0),
(277, 6, 2, 6, 0, 0),
(278, 6, 2, 7, 0, 0),
(279, 6, 2, 8, 0, 0),
(280, 6, 2, 9, 0, 0),
(281, 6, 2, 10, 0, 0),
(282, 6, 2, 11, 0, 0),
(283, 6, 2, 12, 0, 0),
(284, 7, 1, 1, 0, 0),
(285, 7, 1, 2, 0, 0),
(286, 7, 1, 3, 0, 0),
(287, 7, 1, 5, 0, 0),
(288, 7, 1, 6, 0, 0),
(289, 7, 1, 7, 0, 0),
(290, 7, 1, 8, 0, 0),
(291, 7, 1, 9, 0, 0),
(292, 7, 1, 10, 0, 0),
(293, 7, 1, 11, 0, 0),
(294, 7, 1, 12, 0, 0),
(295, 7, 2, 1, 0, 0),
(296, 7, 2, 2, 0, 0),
(297, 7, 2, 3, 0, 0),
(298, 7, 2, 5, 0, 0),
(299, 7, 2, 6, 0, 0),
(300, 7, 2, 7, 0, 0),
(301, 7, 2, 8, 0, 0),
(302, 7, 2, 9, 0, 0),
(303, 7, 2, 10, 0, 0),
(304, 7, 2, 11, 0, 0),
(305, 7, 2, 12, 0, 0),
(306, 8, 1, 1, 0, 0),
(307, 8, 1, 2, 0, 0),
(308, 8, 1, 3, 0, 0),
(309, 8, 1, 5, 0, 0),
(310, 8, 1, 6, 0, 0),
(311, 8, 1, 7, 0, 0),
(312, 8, 1, 8, 0, 0),
(313, 8, 1, 9, 0, 0),
(314, 8, 1, 10, 0, 0),
(315, 8, 1, 11, 0, 0),
(316, 8, 1, 12, 0, 0),
(317, 8, 2, 1, 0, 0),
(318, 8, 2, 2, 0, 0),
(319, 8, 2, 3, 0, 0),
(320, 8, 2, 5, 0, 0),
(321, 8, 2, 6, 0, 0),
(322, 8, 2, 7, 0, 0),
(323, 8, 2, 8, 0, 0),
(324, 8, 2, 9, 0, 0),
(325, 8, 2, 10, 0, 0),
(326, 8, 2, 11, 0, 0),
(327, 8, 2, 12, 0, 0);

-- --------------------------------------------------------

--
-- Table structure for table `time_table`
--

CREATE TABLE `time_table` (
  `id` int(10) NOT NULL,
  `class_id` int(5) NOT NULL,
  `term_id` int(5) NOT NULL,
  `category_id` int(5) NOT NULL,
  `exam_id` int(5) NOT NULL,
  `exam_category_type_id` int(5) NOT NULL,
  `date` date NOT NULL,
  `time_from` varchar(20) NOT NULL,
  `time_to` varchar(20) NOT NULL,
  `subject_id` text NOT NULL
) ENGINE=InnoDB DEFAULT CHARSET=latin1;

-- --------------------------------------------------------

--
-- Table structure for table `time_table_instruction`
--

CREATE TABLE `time_table_instruction` (
  `id` int(11) NOT NULL,
  `instruction` text NOT NULL
) ENGINE=InnoDB DEFAULT CHARSET=latin1;

-- --------------------------------------------------------

--
-- Table structure for table `user_settings`
--

CREATE TABLE `user_settings` (
  `id` int(11) NOT NULL,
  `fac_id` int(11) NOT NULL,
  `role_id` int(11) NOT NULL,
  `module_id` int(11) NOT NULL
) ENGINE=InnoDB DEFAULT CHARSET=utf8;

--
-- Dumping data for table `user_settings`
--

INSERT INTO `user_settings` (`id`, `fac_id`, `role_id`, `module_id`) VALUES
(1, 7, 0, 1),
(2, 7, 0, 2),
(3, 7, 0, 3),
(4, 7, 0, 4),
(5, 7, 0, 5),
(6, 7, 0, 7),
(7, 7, 0, 8),
(8, 7, 0, 9),
(9, 7, 0, 10),
(10, 7, 0, 11),
(11, 7, 0, 12),
(12, 7, 0, 15),
(13, 7, 0, 16),
(14, 7, 0, 18),
(15, 7, 0, 19),
(16, 7, 0, 20),
(17, 1, 0, 1),
(18, 1, 0, 2),
(19, 1, 0, 3),
(20, 1, 0, 4),
(21, 1, 0, 5),
(22, 1, 0, 7),
(23, 1, 0, 8),
(24, 1, 0, 9),
(25, 1, 0, 10),
(26, 1, 0, 11),
(27, 1, 0, 12),
(28, 1, 0, 15),
(29, 1, 0, 16),
(30, 1, 0, 18),
(31, 1, 0, 19),
(32, 1, 0, 20),
(33, 1, 0, 21),
(34, 1, 0, 22),
(35, 1, 0, 23),
(36, 1, 0, 24),
(37, 1, 0, 25),
(38, 1, 0, 26),
(39, 1, 0, 27),
(40, 9, 0, 1),
(41, 9, 0, 2),
(42, 9, 0, 3),
(43, 9, 0, 4),
(44, 9, 0, 5),
(45, 9, 0, 7),
(46, 9, 0, 8),
(47, 9, 0, 9),
(48, 9, 0, 10),
(49, 9, 0, 11),
(50, 9, 0, 12),
(51, 9, 0, 15),
(52, 9, 0, 16),
(53, 9, 0, 18),
(54, 9, 0, 19),
(55, 9, 0, 20),
(56, 9, 0, 21),
(57, 9, 0, 22),
(58, 9, 0, 23),
(59, 9, 0, 24),
(60, 9, 0, 25),
(61, 9, 0, 26),
(62, 9, 0, 27),
(540, 0, 2, 1),
(541, 0, 2, 2),
(542, 0, 2, 2),
(543, 0, 2, 3),
(544, 0, 2, 4),
(545, 0, 2, 5),
(546, 0, 2, 7),
(547, 0, 2, 15),
(548, 0, 2, 21),
(549, 0, 2, 42),
(550, 0, 2, 43),
(551, 0, 2, 44),
(552, 0, 2, 45),
(553, 0, 2, 46),
(554, 0, 2, 47),
(555, 0, 2, 48),
(556, 0, 2, 63),
(557, 0, 2, 64),
(558, 0, 2, 8),
(559, 0, 2, 8),
(560, 0, 2, 22),
(561, 0, 2, 55),
(562, 0, 2, 62),
(563, 0, 2, 9),
(564, 0, 2, 9),
(565, 0, 2, 10),
(566, 0, 2, 11),
(567, 0, 2, 12),
(568, 0, 2, 23),
(569, 0, 2, 16),
(570, 0, 2, 16),
(571, 0, 2, 18),
(572, 0, 2, 54),
(573, 0, 2, 19),
(574, 0, 2, 19),
(575, 0, 2, 20),
(576, 0, 2, 28),
(577, 0, 2, 28),
(578, 0, 2, 29),
(579, 0, 2, 30),
(580, 0, 2, 56),
(581, 0, 2, 57),
(582, 0, 2, 58),
(583, 0, 2, 59),
(584, 0, 2, 60),
(585, 0, 2, 61),
(586, 0, 2, 65),
(587, 0, 2, 31),
(588, 0, 2, 31),
(589, 0, 2, 32),
(590, 0, 2, 37),
(591, 0, 2, 53),
(592, 0, 2, 38),
(593, 0, 2, 38),
(594, 0, 2, 40),
(595, 0, 2, 39),
(596, 0, 2, 50),
(597, 0, 2, 50),
(598, 0, 2, 51),
(599, 0, 2, 52),
(600, 0, 1, 1),
(601, 0, 1, 46),
(602, 0, 1, 47),
(603, 0, 1, 8),
(604, 0, 1, 8),
(605, 0, 1, 22),
(606, 0, 1, 55),
(607, 0, 1, 62),
(608, 0, 1, 9),
(609, 0, 1, 9),
(610, 0, 1, 10),
(611, 0, 1, 11),
(612, 0, 1, 19),
(613, 0, 1, 19),
(614, 0, 1, 38),
(615, 0, 1, 38),
(616, 0, 1, 40),
(617, 0, 1, 39),
(618, 0, 1, 50),
(619, 0, 1, 50);

--
-- Indexes for dumped tables
--

--
-- Indexes for table `attendance`
--
ALTER TABLE `attendance`
  ADD PRIMARY KEY (`id`);

--
-- Indexes for table `elective`
--
ALTER TABLE `elective`
  ADD PRIMARY KEY (`id`);

--
-- Indexes for table `exam_category`
--
ALTER TABLE `exam_category`
  ADD PRIMARY KEY (`id`);

--
-- Indexes for table `exam_category_type`
--
ALTER TABLE `exam_category_type`
  ADD PRIMARY KEY (`id`);

--
-- Indexes for table `exam_mapping`
--
ALTER TABLE `exam_mapping`
  ADD PRIMARY KEY (`id`);

--
-- Indexes for table `health_category`
--
ALTER TABLE `health_category`
  ADD PRIMARY KEY (`id`);

--
-- Indexes for table `login`
--
ALTER TABLE `login`
  ADD PRIMARY KEY (`id`);

--
-- Indexes for table `mapping_section`
--
ALTER TABLE `mapping_section`
  ADD PRIMARY KEY (`id`);

--
-- Indexes for table `master_architecture`
--
ALTER TABLE `master_architecture`
  ADD PRIMARY KEY (`id`);

--
-- Indexes for table `master_class`
--
ALTER TABLE `master_class`
  ADD PRIMARY KEY (`id`);

--
-- Indexes for table `master_grade`
--
ALTER TABLE `master_grade`
  ADD PRIMARY KEY (`id`);

--
-- Indexes for table `master_health`
--
ALTER TABLE `master_health`
  ADD PRIMARY KEY (`id`);

--
-- Indexes for table `master_scalling`
--
ALTER TABLE `master_scalling`
  ADD PRIMARY KEY (`id`);

--
-- Indexes for table `master_section`
--
ALTER TABLE `master_section`
  ADD PRIMARY KEY (`id`);

--
-- Indexes for table `master_sub_subject`
--
ALTER TABLE `master_sub_subject`
  ADD PRIMARY KEY (`id`);

--
-- Indexes for table `master_term`
--
ALTER TABLE `master_term`
  ADD PRIMARY KEY (`id`);

--
-- Indexes for table `modules`
--
ALTER TABLE `modules`
  ADD PRIMARY KEY (`id`);

--
-- Indexes for table `role`
--
ALTER TABLE `role`
  ADD PRIMARY KEY (`id`);

--
-- Indexes for table `school`
--
ALTER TABLE `school`
  ADD PRIMARY KEY (`id`);

--
-- Indexes for table `staff_class`
--
ALTER TABLE `staff_class`
  ADD PRIMARY KEY (`id`);

--
-- Indexes for table `student`
--
ALTER TABLE `student`
  ADD PRIMARY KEY (`id`);

--
-- Indexes for table `student_health`
--
ALTER TABLE `student_health`
  ADD PRIMARY KEY (`id`);

--
-- Indexes for table `student_marks`
--
ALTER TABLE `student_marks`
  ADD PRIMARY KEY (`id`);

--
-- Indexes for table `student_result`
--
ALTER TABLE `student_result`
  ADD PRIMARY KEY (`id`);

--
-- Indexes for table `subject`
--
ALTER TABLE `subject`
  ADD PRIMARY KEY (`id`);

--
-- Indexes for table `subject_allocation`
--
ALTER TABLE `subject_allocation`
  ADD PRIMARY KEY (`id`);

--
-- Indexes for table `time_table`
--
ALTER TABLE `time_table`
  ADD PRIMARY KEY (`id`);

--
-- Indexes for table `time_table_instruction`
--
ALTER TABLE `time_table_instruction`
  ADD PRIMARY KEY (`id`);

--
-- Indexes for table `user_settings`
--
ALTER TABLE `user_settings`
  ADD PRIMARY KEY (`id`);

--
-- AUTO_INCREMENT for dumped tables
--

--
-- AUTO_INCREMENT for table `attendance`
--
ALTER TABLE `attendance`
  MODIFY `id` int(11) NOT NULL AUTO_INCREMENT;
--
-- AUTO_INCREMENT for table `elective`
--
ALTER TABLE `elective`
  MODIFY `id` int(11) NOT NULL AUTO_INCREMENT, AUTO_INCREMENT=2;
--
-- AUTO_INCREMENT for table `exam_category`
--
ALTER TABLE `exam_category`
  MODIFY `id` int(11) NOT NULL AUTO_INCREMENT, AUTO_INCREMENT=7;
--
-- AUTO_INCREMENT for table `exam_category_type`
--
ALTER TABLE `exam_category_type`
  MODIFY `id` int(11) NOT NULL AUTO_INCREMENT, AUTO_INCREMENT=21;
--
-- AUTO_INCREMENT for table `exam_mapping`
--
ALTER TABLE `exam_mapping`
  MODIFY `id` int(11) NOT NULL AUTO_INCREMENT, AUTO_INCREMENT=2916;
--
-- AUTO_INCREMENT for table `health_category`
--
ALTER TABLE `health_category`
  MODIFY `id` int(11) NOT NULL AUTO_INCREMENT, AUTO_INCREMENT=25;
--
-- AUTO_INCREMENT for table `login`
--
ALTER TABLE `login`
  MODIFY `id` int(5) NOT NULL AUTO_INCREMENT, AUTO_INCREMENT=81;
--
-- AUTO_INCREMENT for table `mapping_section`
--
ALTER TABLE `mapping_section`
  MODIFY `id` int(20) NOT NULL AUTO_INCREMENT, AUTO_INCREMENT=39;
--
-- AUTO_INCREMENT for table `master_architecture`
--
ALTER TABLE `master_architecture`
  MODIFY `id` int(11) NOT NULL AUTO_INCREMENT, AUTO_INCREMENT=53;
--
-- AUTO_INCREMENT for table `master_class`
--
ALTER TABLE `master_class`
  MODIFY `id` int(11) NOT NULL AUTO_INCREMENT, AUTO_INCREMENT=15;
--
-- AUTO_INCREMENT for table `master_grade`
--
ALTER TABLE `master_grade`
  MODIFY `id` int(11) NOT NULL AUTO_INCREMENT;
--
-- AUTO_INCREMENT for table `master_health`
--
ALTER TABLE `master_health`
  MODIFY `id` int(11) NOT NULL AUTO_INCREMENT, AUTO_INCREMENT=7;
--
-- AUTO_INCREMENT for table `master_scalling`
--
ALTER TABLE `master_scalling`
  MODIFY `id` int(11) NOT NULL AUTO_INCREMENT;
--
-- AUTO_INCREMENT for table `master_section`
--
ALTER TABLE `master_section`
  MODIFY `id` int(11) NOT NULL AUTO_INCREMENT, AUTO_INCREMENT=7;
--
-- AUTO_INCREMENT for table `master_sub_subject`
--
ALTER TABLE `master_sub_subject`
  MODIFY `id` int(11) NOT NULL AUTO_INCREMENT, AUTO_INCREMENT=3;
--
-- AUTO_INCREMENT for table `master_term`
--
ALTER TABLE `master_term`
  MODIFY `id` int(2) NOT NULL AUTO_INCREMENT, AUTO_INCREMENT=3;
--
-- AUTO_INCREMENT for table `modules`
--
ALTER TABLE `modules`
  MODIFY `id` int(30) NOT NULL AUTO_INCREMENT, AUTO_INCREMENT=66;
--
-- AUTO_INCREMENT for table `role`
--
ALTER TABLE `role`
  MODIFY `id` int(5) NOT NULL AUTO_INCREMENT, AUTO_INCREMENT=3;
--
-- AUTO_INCREMENT for table `school`
--
ALTER TABLE `school`
  MODIFY `id` int(11) NOT NULL AUTO_INCREMENT, AUTO_INCREMENT=2;
--
-- AUTO_INCREMENT for table `staff_class`
--
ALTER TABLE `staff_class`
  MODIFY `id` int(11) NOT NULL AUTO_INCREMENT, AUTO_INCREMENT=290;
--
-- AUTO_INCREMENT for table `student`
--
ALTER TABLE `student`
  MODIFY `id` int(11) NOT NULL AUTO_INCREMENT, AUTO_INCREMENT=403;
--
-- AUTO_INCREMENT for table `student_health`
--
ALTER TABLE `student_health`
  MODIFY `id` int(11) NOT NULL AUTO_INCREMENT;
--
-- AUTO_INCREMENT for table `student_marks`
--
ALTER TABLE `student_marks`
  MODIFY `id` int(20) NOT NULL AUTO_INCREMENT, AUTO_INCREMENT=1331;
--
-- AUTO_INCREMENT for table `student_result`
--
ALTER TABLE `student_result`
  MODIFY `id` int(11) NOT NULL AUTO_INCREMENT, AUTO_INCREMENT=544;
--
-- AUTO_INCREMENT for table `subject`
--
ALTER TABLE `subject`
  MODIFY `id` int(11) NOT NULL AUTO_INCREMENT, AUTO_INCREMENT=20;
--
-- AUTO_INCREMENT for table `subject_allocation`
--
ALTER TABLE `subject_allocation`
  MODIFY `id` int(20) NOT NULL AUTO_INCREMENT, AUTO_INCREMENT=328;
--
-- AUTO_INCREMENT for table `time_table`
--
ALTER TABLE `time_table`
  MODIFY `id` int(10) NOT NULL AUTO_INCREMENT;
--
-- AUTO_INCREMENT for table `time_table_instruction`
--
ALTER TABLE `time_table_instruction`
  MODIFY `id` int(11) NOT NULL AUTO_INCREMENT;
--
-- AUTO_INCREMENT for table `user_settings`
--
ALTER TABLE `user_settings`
  MODIFY `id` int(11) NOT NULL AUTO_INCREMENT, AUTO_INCREMENT=620;
/*!40101 SET CHARACTER_SET_CLIENT=@OLD_CHARACTER_SET_CLIENT */;
/*!40101 SET CHARACTER_SET_RESULTS=@OLD_CHARACTER_SET_RESULTS */;
/*!40101 SET COLLATION_CONNECTION=@OLD_COLLATION_CONNECTION */;
